time,open,high,low,close,tick_volume,spread,ema20,ema50,rsi14
2025-12-03 16:00:00,1.16593,1.16659,1.16582,1.16593,2509,8,1.16593,1.16593,
2025-12-03 17:00:00,1.16593,1.16704,1.16573,1.1668,1589,8,1.1660128571428572,1.1659641176470588,100.0
2025-12-03 18:00:00,1.16681,1.1675200000000001,1.16678,1.16713,1406,8,1.1661192517006802,1.1660098385236446,100.0
2025-12-03 19:00:00,1.16713,1.16775,1.16707,1.16722,975,8,1.166224084872044,1.1660572958364428,100.0
2025-12-03 20:00:00,1.1672,1.16727,1.16647,1.16654,897,8,1.1662541720270874,1.1660762254114843,93.70376319195853
2025-12-03 21:00:00,1.16655,1.16712,1.16639,1.16696,644,8,1.1663213937387935,1.1661108832384848,93.95684998922337
2025-12-03 22:00:00,1.16681,1.16718,1.16681,1.16703,501,20,1.1663888800493845,1.166146927033054,94.00013755482891
2025-12-03 23:00:00,1.16702,1.16721,1.16633,1.16659,610,8,1.1664080343303955,1.1661643024435224,89.6529947335924
2025-12-04 00:00:00,1.16659,1.16671,1.1659,1.16625,1010,8,1.1663929834417863,1.1661676631320117,86.33060093446188
2025-12-04 01:00:00,1.16625,1.16646,1.16587,1.16629,1121,8,1.1663831754949494,1.1661724606562465,86.39448126706317
2025-12-04 02:00:00,1.16627,1.16637,1.16587,1.16599,869,8,1.1663457302097162,1.1661653053363936,83.25209990921587
2025-12-04 03:00:00,1.16599,1.16601,1.16531,1.16556,768,8,1.1662708987611718,1.1661415678722213,78.82645304234515
2025-12-04 04:00:00,1.16556,1.16582,1.16551,1.16568,668,8,1.1662146226886794,1.1661234671713498,79.15941071673475
2025-12-04 05:00:00,1.16567,1.16616,1.16558,1.16594,1103,8,1.1661884681469004,1.1661162723803167,79.89703026397856
2025-12-04 06:00:00,1.16595,1.16595,1.16528,1.16577,1090,8,1.1661486140376718,1.1661026930712848,77.95425526492505
2025-12-04 07:00:00,1.16578,1.16648,1.16548,1.16648,1465,8,1.1661801746055125,1.1661174894214306,80.12763464678943
2025-12-04 08:00:00,1.1665,1.16816,1.1663000000000001,1.16765,2410,8,1.166320157976416,1.166177587875492,83.08668121101118
2025-12-04 09:00:00,1.16764,1.168,1.16731,1.16771,1986,8,1.166452523883424,1.16623768246861,83.22463205533471
2025-12-04 10:00:00,1.16771,1.16794,1.16633,1.16662,1712,8,1.1664684739897646,1.1662526753129783,71.77188175466239
2025-12-04 11:00:00,1.16662,1.16803,1.1665,1.16799,1659,8,1.1666133812288346,1.1663208056928616,76.20425192400802
2025-12-04 12:00:00,1.16799,1.16805,1.16652,1.16698,1861,8,1.166648297302279,1.1663466564500042,67.75737514506972
2025-12-04 13:00:00,1.167,1.16709,1.16519,1.16645,3110,8,1.166629411844919,1.1663507091382395,63.76320750001484
2025-12-04 14:00:00,1.16647,1.16764,1.16641,1.16698,2858,8,1.1666628011930218,1.1663753872112497,65.92629345757203
2025-12-04 15:00:00,1.16695,1.16743,1.16578,1.16728,2681,8,1.1667215820317816,1.1664108622225733,67.12262414702951
2025-12-04 16:00:00,1.16729,1.1673,1.16533,1.16586,2114,8,1.1666395266001832,1.1663892597824723,56.93320811905159
2025-12-04 17:00:00,1.16586,1.16595,1.16526,1.16558,1324,8,1.1665386193049276,1.1663575241047284,55.15524972682661
2025-12-04 18:00:00,1.16557,1.16596,1.16532,1.1654,1269,8,1.166430179371125,1.1663199741398371,53.98803011638222
2025-12-04 19:00:00,1.16538,1.16553,1.16499,1.16524,1164,8,1.1663168289548271,1.1662776222127846,52.91605346110729
2025-12-04 20:00:00,1.16521,1.16521,1.16407,1.16438,1314,8,1.1661323690543675,1.1662032056554206,47.46112537001554
2025-12-04 21:00:00,1.16438,1.16455,1.16406,1.16427,647,8,1.165955000572999,1.1661273936689334,46.79662529239503
2025-12-04 22:00:00,1.16426,1.16441,1.16414,1.16438,420,8,1.1658050005184277,1.1660588684270143,47.5869061880955
2025-12-04 23:00:00,1.16443,1.16449,1.16405,1.16431,574,8,1.1656626195166726,1.1659902853514452,47.10737020480104
2025-12-05 00:00:00,1.16432,1.16496,1.16431,1.16495,883,8,1.1655947509912752,1.165949489847467,51.88168207976891
2025-12-05 01:00:00,1.16495,1.16533,1.16493,1.1653,972,8,1.1655666794682966,1.1659240196573701,54.31055217612211
2025-12-05 02:00:00,1.16529,1.16539,1.16507,1.16516,696,8,1.1655279480903635,1.1658940581021793,53.154757560009294
2025-12-05 03:00:00,1.16514,1.16517,1.1646,1.16487,591,8,1.1654652863674717,1.1658538989609173,50.74568323767051
2025-12-05 04:00:00,1.16487,1.16538,1.16483,1.16532,780,8,1.1654514495705695,1.1658329617467638,54.213415094038716
2025-12-05 05:00:00,1.16531,1.16588,1.16526,1.16587,949,8,1.1654913115162295,1.165834414227283,58.096577577518325
2025-12-05 06:00:00,1.16586,1.16611,1.16548,1.16589,1070,8,1.1655292818480172,1.1658365940615072,58.23528790361679
2025-12-05 07:00:00,1.16589,1.16714,1.1658,1.16628,1824,8,1.1656007788148726,1.1658539825296834,60.949858872589836
2025-12-05 08:00:00,1.16629,1.16639,1.16521,1.16536,2219,8,1.1655778474991703,1.1658346106657744,52.312088218475324
2025-12-05 09:00:00,1.16535,1.16552,1.1648,1.1654,1694,8,1.1655609096421062,1.1658175671102537,52.626444248012945
2025-12-05 10:00:00,1.16541,1.16566,1.16475,1.1650800000000001,1557,8,1.1655151087238103,1.1657886429098518,49.79829309670634
2025-12-05 11:00:00,1.1650800000000001,1.1652,1.16412,1.16461,1472,8,1.1654289078929712,1.1657424216192696,45.896943101760435
2025-12-05 12:00:00,1.16462,1.16529,1.16433,1.16513,1880,8,1.1654004404745928,1.1657184050851805,50.51602053997208
2025-12-05 13:00:00,1.16512,1.16534,1.16431,1.16513,2261,8,1.1653746842389174,1.1656953303759578,50.51602053997208
2025-12-05 14:00:00,1.16513,1.16598,1.16453,1.16501,2862,8,1.1653399524066395,1.1656684546749398,49.38752976622056
2025-12-05 15:00:00,1.16502,1.16585,1.16434,1.16479,3367,8,1.1652875759869596,1.1656340054720011,47.301272676049585
2025-12-05 16:00:00,1.1648,1.16488,1.16277,1.1634,2962,8,1.1651078068453444,1.1655463974142755,36.740940234184336
2025-12-05 17:00:00,1.16338,1.16436,1.16322,1.16436,1750,8,1.165036587145788,1.1654998720254806,45.74939791682909
2025-12-05 18:00:00,1.16437,1.1648,1.16416,1.16421,1377,8,1.1649578645604748,1.165449288808795,44.678781882014476
2025-12-05 19:00:00,1.1642299999999999,1.16437,1.16395,1.16425,1025,8,1.1648904488880487,1.1654022578751169,45.04808637982745
2025-12-05 20:00:00,1.1642299999999999,1.16442,1.16394,1.16438,953,8,1.1648418347082345,1.1653621693309946,46.302709480041024
2025-12-05 21:00:00,1.16437,1.16467,1.16399,1.16427,845,8,1.1647873742598311,1.1653193391611516,45.359022077018814
2025-12-07 22:00:00,1.16383,1.16433,1.16343,1.16429,451,48,1.1647400052827044,1.1652789729195379,45.57620843425676
2025-12-07 23:00:00,1.16454,1.16461,1.1639,1.16399,1050,8,1.164668576208161,1.165228424961909,42.82640506034462
2025-12-08 00:00:00,1.16401,1.16509,1.16391,1.16506,1379,8,1.1647058546645266,1.165221820061442,53.5832595463601
2025-12-08 01:00:00,1.16506,1.16527,1.16454,1.16514,1352,8,1.1647472018393337,1.1652186114315815,54.275928278021034
2025-12-08 02:00:00,1.16515,1.16539,1.1648399999999999,1.16532,1067,8,1.1648017540451114,1.1652225874538724,55.871574390249464
2025-12-08 03:00:00,1.16532,1.1655,1.16495,1.16499,815,8,1.1648196822312913,1.16521346637725,52.27017137972424
2025-12-08 04:00:00,1.16498,1.16549,1.16493,1.16541,680,8,1.1648759029711684,1.1652211735781421,56.14473328668774
2025-12-08 05:00:00,1.1654200000000001,1.16559,1.16521,1.16559,824,8,1.1649439122120093,1.1652356373593915,57.728489720133425
2025-12-08 06:00:00,1.16559,1.16716,1.16556,1.16604,2055,8,1.1650483015251514,1.1652671809923567,61.474269255098854
2025-12-08 07:00:00,1.16606,1.16676,1.16547,1.16577,1714,8,1.1651170347132322,1.1652868993848133,58.1450446908592
2025-12-08 08:00:00,1.1657899999999999,1.16621,1.16477,1.16555,2048,8,1.165158269502448,1.1652972170559972,55.50723818798087
2025-12-08 09:00:00,1.16554,1.16572,1.16475,1.1648399999999999,1793,8,1.1651279581212626,1.1652792869753699,47.94735279545567
2025-12-08 10:00:00,1.1648399999999999,1.16552,1.16474,1.16503,1606,8,1.1651186287763804,1.1652695110155515,49.91328299609972
2025-12-08 11:00:00,1.16503,1.16532,1.16464,1.16502,1632,8,1.1651092355595822,1.1652597262698436,49.8066617410914
2025-12-08 12:00:00,1.165,1.16534,1.16472,1.16528,1695,8,1.165125498839622,1.165260521318085,52.63937804684053
2025-12-08 13:00:00,1.1653,1.16571,1.16453,1.1648,2128,8,1.1650944989501342,1.1652424616585524,47.32887397026664
2025-12-08 14:00:00,1.16482,1.16543,1.16373,1.164,2732,8,1.1649902609548832,1.1651937376719426,40.072709212520635
2025-12-08 15:00:00,1.16398,1.16398,1.16166,1.16248,3283,8,1.1647511884829895,1.1650873165867683,30.503619563238203
2025-12-08 16:00:00,1.16249,1.16282,1.16161,1.16247,2505,8,1.1645339324369905,1.1649846767206207,30.452099042087184
2025-12-08 17:00:00,1.16248,1.16388,1.16197,1.1638600000000001,1944,8,1.1644697483953725,1.1649405717511845,44.48735341646996
2025-12-08 18:00:00,1.1638600000000001,1.16416,1.16338,1.16369,1474,8,1.1643954866434323,1.1648915297217262,43.335495704363915
2025-12-08 19:00:00,1.16367,1.16413,1.1635900000000001,1.16389,1239,8,1.1643473450583437,1.1648522540463644,45.13528293394015
2025-12-08 20:00:00,1.16391,1.16415,1.1637,1.1638,913,8,1.1642952169575491,1.1648109891818013,44.451072778622816
2025-12-08 21:00:00,1.16381,1.1638600000000001,1.16342,1.16345,631,8,1.1642147201044493,1.1647576170570249,41.797483522291
2025-12-08 22:00:00,1.1636,1.16361,1.1633499999999999,1.16358,376,8,1.1641542705706922,1.1647114359959652,43.154873633896855
2025-12-08 23:00:00,1.1635900000000001,1.16404,1.16357,1.16404,551,8,1.1641433876591976,1.164685105172594,47.79445421318764
2025-12-09 00:00:00,1.16403,1.16425,1.16366,1.1638,779,8,1.1641106840726072,1.1646503951658256,45.69875962711195
2025-12-09 01:00:00,1.16382,1.1647,1.16358,1.16467,1103,8,1.1641639522561684,1.164651163982852,53.635290690761714
2025-12-09 02:00:00,1.16468,1.16478,1.16435,1.16453,883,8,1.164198813946057,1.1646464124541127,52.31033326445569
2025-12-09 03:00:00,1.16453,1.16486,1.16434,1.16451,914,8,1.1642284507130993,1.1646410629461084,52.11228181819574
2025-12-09 04:00:00,1.16451,1.16468,1.16433,1.16462,787,8,1.1642657411213755,1.1646402369482218,53.16262317998902
2025-12-09 05:00:00,1.16462,1.16499,1.16437,1.1648399999999999,877,8,1.1643204324431493,1.1646480707933895,55.275464316842374
2025-12-09 06:00:00,1.16483,1.16487,1.16417,1.16435,1290,8,1.1643232484009445,1.1646363817426684,49.87854260722659
2025-12-09 07:00:00,1.16437,1.16459,1.16379,1.16395,1467,8,1.1642877009341879,1.1646094648115835,45.9356731510002
2025-12-09 08:00:00,1.16397,1.16492,1.16332,1.16445,2107,8,1.1643031579880747,1.1646032112895606,51.13547745260822
2025-12-09 09:00:00,1.16446,1.1656900000000001,1.16433,1.1651799999999999,2118,8,1.1643866667511154,1.164625830454676,57.55419817727067
2025-12-09 10:00:00,1.1651799999999999,1.16538,1.16401,1.16443,1694,8,1.1643907937271996,1.1646181508290023,50.250860073616664
2025-12-09 11:00:00,1.16444,1.1647,1.16376,1.16433,1701,8,1.1643850038484187,1.1646068507964924,49.35163305642425
2025-12-09 12:00:00,1.16432,1.16441,1.1634,1.16374,1811,8,1.1643235749104741,1.1645728566476103,44.31319830474703
2025-12-09 13:00:00,1.16374,1.16394,1.16287,1.16341,2628,8,1.1642365677761433,1.1645272544261354,41.74602130755034
2025-12-09 14:00:00,1.16343,1.16382,1.16277,1.16379,3487,8,1.1641940375117488,1.1644983424878557,45.65058012399399
2025-12-09 15:00:00,1.16375,1.16375,1.16148,1.16285,4222,8,1.1640660339392013,1.164433701605979,38.734320890026
2025-12-09 16:00:00,1.16286,1.16409,1.16284,1.16378,2235,8,1.1640387926116584,1.1644080662488818,47.24945836192738
2025-12-09 17:00:00,1.16381,1.16392,1.16217,1.16237,1840,8,1.1638798599819766,1.164328142082259,38.51025814563617
2025-12-09 18:00:00,1.16237,1.16246,1.16166,1.16238,1517,8,1.1637370161741694,1.1642517443535432,38.597000261978955
2025-12-09 19:00:00,1.1623999999999999,1.16297,1.16218,1.16281,1160,8,1.1636487289194866,1.1641952053592868,42.36219885216238
2025-12-09 20:00:00,1.16282,1.16318,1.16262,1.1626400000000001,1025,8,1.163552659498583,1.1641342169138247,41.284371681210764
2025-12-09 21:00:00,1.1626400000000001,1.16289,1.16234,1.16254,704,8,1.1634562157368133,1.1640716986034785,40.62951237288332
2025-12-09 22:00:00,1.16251,1.16271,1.16233,1.16263,446,20,1.1633775285237835,1.164015161403342,41.52845930775354
2025-12-09 23:00:00,1.16268,1.16284,1.16246,1.16278,506,8,1.163320621045328,1.1639667237012503,43.07548044242373
2025-12-10 00:00:00,1.16278,1.16287,1.1623999999999999,1.16259,914,8,1.16325103808863,1.1639127345364955,41.574997820783466
2025-12-10 01:00:00,1.1626,1.16283,1.16222,1.16236,1080,8,1.1631661773182844,1.1638518429860447,39.76905088757401
2025-12-10 02:00:00,1.16234,1.1628,1.1623,1.16236,927,8,1.1630893985260669,1.1637933393395332,39.76905088757401
2025-12-10 03:00:00,1.16235,1.16268,1.1621299999999999,1.1626,885,8,1.1630427891426318,1.163746541718375,42.777168850567804
2025-12-10 04:00:00,1.16262,1.16288,1.16247,1.1627,645,8,1.1630101425576194,1.163705500866674,44.03144366748809
2025-12-10 05:00:00,1.16268,1.16306,1.16261,1.16292,780,8,1.163001557552132,1.1636746969111182,46.79448497247514
2025-12-10 06:00:00,1.16292,1.16351,1.16283,1.16347,892,8,1.1630461711185958,1.1636666695812705,53.036545803096374
2025-12-10 07:00:00,1.16347,1.16491,1.16339,1.16476,1814,8,1.1632093929168248,1.1637095452839659,63.772133196578494
2025-12-10 08:00:00,1.16477,1.16573,1.16432,1.16521,2356,8,1.1633999269247464,1.1637683866453792,66.6372061104328
2025-12-10 09:00:00,1.16523,1.16528,1.16353,1.1636,2174,8,1.163418981503342,1.163761783247521,51.07422617449283
2025-12-10 10:00:00,1.1635900000000001,1.16393,1.16273,1.16341,2096,8,1.1634181261220713,1.1637479878260497,49.60195707238155
2025-12-10 11:00:00,1.1634,1.1638,1.16297,1.16346,1795,8,1.1634221141104453,1.1637366941858125,50.01033915494747
2025-12-10 12:00:00,1.16348,1.16418,1.16326,1.16391,1537,8,1.16346857943326,1.1637434904922512,53.65053636893615
2025-12-10 13:00:00,1.16391,1.16417,1.16272,1.16397,2682,8,1.1635163337729495,1.1637523732180453,54.13015431151014
2025-12-10 14:00:00,1.16395,1.16446,1.1633499999999999,1.16429,3144,8,1.163590016270764,1.1637734566212592,56.70343724730183
2025-12-10 15:00:00,1.16428,1.16509,1.16343,1.16415,2810,8,1.1636433480545008,1.1637882230282686,55.24327073115837
2025-12-10 16:00:00,1.16412,1.16495,1.16369,1.16495,1997,8,1.1637677910969293,1.163833782909513,61.36556499191076
2025-12-10 17:00:00,1.16494,1.16599,1.16453,1.16583,1780,8,1.163964191944841,1.1639120659326692,66.7530389202438
2025-12-10 18:00:00,1.16581,1.16606,1.16535,1.16554,1541,8,1.164114268902475,1.1639759064843291,63.605263904459726
2025-12-10 19:00:00,1.16552,1.16809,1.16464,1.16778,15354,8,1.1644633861498583,1.1641250866221988,73.8591256207533
2025-12-10 20:00:00,1.16776,1.16993,1.16733,1.16936,5838,8,1.1649297303260622,1.1643303773428968,78.46740679248101
2025-12-10 21:00:00,1.1693500000000001,1.1695,1.16892,1.16948,1406,8,1.165363089342628,1.16453232332945,78.77346692959549
2025-12-10 22:00:00,1.16948,1.16948,1.16875,1.16923,848,8,1.165731366548092,1.1647165459439814,76.33901919815298
2025-12-10 23:00:00,1.16944,1.17023,1.16942,1.17011,734,8,1.1661483792577976,1.1649280539461782,78.82025770821974
2025-12-11 00:00:00,1.17011,1.17044,1.16968,1.17016,1500,8,1.1665304383761026,1.1651332283012301,78.95529404479865
2025-12-11 01:00:00,1.17016,1.17071,1.17,1.17014,1673,8,1.1668742061498072,1.1653295722894172,78.73903973834058
2025-12-11 02:00:00,1.17015,1.17057,1.16929,1.16936,1477,8,1.167110948421254,1.1654876282780675,70.61570920138782
2025-12-11 03:00:00,1.16936,1.16973,1.16899,1.16904,1375,8,1.1672946676192297,1.1656269369730454,67.53729040114114
2025-12-11 04:00:00,1.16905,1.16914,1.16852,1.16898,975,8,1.1674551754650175,1.165758429640769,66.94797232705525
2025-12-11 05:00:00,1.16898,1.16917,1.16845,1.16853,1066,8,1.1675575397064444,1.1658671186744642,62.54027407780511
2025-12-11 06:00:00,1.16855,1.16894,1.16819,1.16885,1273,8,1.1676806311629735,1.1659840944127207,64.33831051807546
2025-12-11 07:00:00,1.16888,1.1700599999999999,1.16871,1.16933,2043,8,1.167837713909357,1.1661153063965357,66.904445505169
2025-12-11 08:00:00,1.16933,1.17063,1.16933,1.1696900000000001,2404,8,1.168014122108466,1.1662554904594167,68.7222969223451
2025-12-11 09:00:00,1.16971,1.17031,1.1687,1.17017,2366,8,1.1682194438124214,1.1664090006374788,71.00883192985098
2025-12-11 10:00:00,1.17018,1.17074,1.16984,1.1706699999999999,1973,8,1.1684528301160002,1.1665760986516953,73.20614367438196
2025-12-11 11:00:00,1.17066,1.17174,1.17056,1.1712500000000001,1831,8,1.1687192272478097,1.1667593889006485,75.52362251891981
2025-12-11 12:00:00,1.17124,1.1719,1.17095,1.17164,1987,8,1.1689973960813516,1.1669507854143484,76.96628844634266
2025-12-11 13:00:00,1.17166,1.1736,1.1713,1.17307,3503,8,1.169385263121223,1.1671907546137856,81.31505885986113
2025-12-11 14:00:00,1.17305,1.1748,1.17298,1.17371,3421,8,1.1697971428239637,1.167446411295598,82.873530888297
2025-12-11 15:00:00,1.17372,1.17568,1.17316,1.17557,3442,8,1.170346938745491,1.167764983401653,86.41888978320381
2025-12-11 16:00:00,1.17557,1.17593,1.17459,1.1755,2735,8,1.1708377064840159,1.1680683173859019,85.69986758313712
2025-12-11 17:00:00,1.17549,1.17624,1.17494,1.17547,2353,8,1.171278877295062,1.1683585794491997,85.37203121526136
2025-12-11 18:00:00,1.17546,1.17591,1.17507,1.17531,1602,8,1.1716627937431514,1.1686311841766823,83.53660383920803
2025-12-11 19:00:00,1.17531,1.17533,1.17401,1.17408,1592,8,1.1718930038628512,1.168844863228577,70.91463078184903
2025-12-11 20:00:00,1.17408,1.17454,1.17363,1.17408,1432,8,1.1721012892092464,1.1690501627098093,70.91463078184903
2025-12-11 21:00:00,1.17407,1.1743000000000001,1.17356,1.17356,962,8,1.1722402140464612,1.1692270190741305,66.02342345161128
2025-12-11 22:00:00,1.17357,1.17394,1.17354,1.17394,401,8,1.1724020984229886,1.1694118418555373,67.7727405379989
2025-12-11 23:00:00,1.17394,1.17417,1.1736900000000001,1.17404,621,8,1.1725580890493705,1.1695933382533594,68.23621126180623
2025-12-12 00:00:00,1.1740599999999999,1.17442,1.17386,1.17402,1341,8,1.1726973186637164,1.1697669328316591,68.02550115871674
2025-12-12 01:00:00,1.17402,1.17459,1.17322,1.17346,1432,8,1.1727699549814576,1.1699117589951236,62.23095245917655
2025-12-12 02:00:00,1.17346,1.17374,1.1731,1.17357,1217,8,1.1728461497451284,1.1700552194266873,62.899476827869876
2025-12-12 03:00:00,1.17357,1.17372,1.17329,1.17339,724,8,1.172897945007497,1.1701859951354447,60.996852105135666
2025-12-12 04:00:00,1.17339,1.17353,1.1731,1.17316,813,8,1.1729229026258305,1.1703026227771922,58.55936419906943
2025-12-12 05:00:00,1.17316,1.1739,1.17314,1.17384,833,8,1.1730102452328943,1.1704413434525964,63.236859987471455
2025-12-12 06:00:00,1.17384,1.17414,1.1733500000000001,1.17385,1235,8,1.1730902218773807,1.170575016258377,63.30245936613616
2025-12-12 07:00:00,1.17382,1.1743000000000001,1.17353,1.17376,1902,8,1.173154010270011,1.1706999175815778,62.22627147842586
2025-12-12 08:00:00,1.17377,1.1742,1.17278,1.17278,2605,8,1.1731183902442959,1.1707814894411237,51.88294196202973
2025-12-12 09:00:00,1.17276,1.1734499999999999,1.17266,1.17325,1905,8,1.173130924506744,1.1708782937767659,55.687218333819544
2025-12-12 10:00:00,1.17325,1.1733,1.17241,1.17272,1638,8,1.173091788839435,1.1709505175502262,50.808845221159814
2025-12-12 11:00:00,1.17272,1.17289,1.17221,1.17265,1375,8,1.1730497137118696,1.1710171639208056,50.183546284006354
2025-12-12 12:00:00,1.17265,1.17278,1.17192,1.17248,1650,8,1.17299545526312,1.1710745300415581,48.618645576617865
2025-12-12 13:00:00,1.1724700000000001,1.17348,1.17234,1.17272,2305,8,1.1729692214285372,1.1711390582752226,50.94438557600423
2025-12-12 14:00:00,1.17271,1.17431,1.17228,1.17416,2959,8,1.1730826289115337,1.171257526578155,62.045267488798544
2025-12-12 15:00:00,1.17415,1.17446,1.17291,1.17378,3286,8,1.1731490452056732,1.171356447104502,58.29626862518743
2025-12-12 16:00:00,1.17377,1.17429,1.17259,1.17307,2697,8,1.1731415170908472,1.1714236452572666,51.976864099549275
2025-12-12 17:00:00,1.17307,1.17478,1.17295,1.17471,1826,8,1.1732908964155284,1.1715525219138445,62.176178643610726
2025-12-12 18:00:00,1.17472,1.17494,1.17403,1.17411,1502,8,1.1733689062807162,1.171652815172125,57.37512865755779
2025-12-12 19:00:00,1.17413,1.17413,1.1735,1.174,1349,8,1.1734290104444576,1.1717448616359634,56.51355786347169
2025-12-12 20:00:00,1.17399,1.17463,1.17366,1.17391,1776,8,1.1734748189735569,1.1718297690227883,55.775575699704916
2025-12-12 21:00:00,1.17389,1.17446,1.1738,1.1739600000000001,848,8,1.173521026690361,1.171913307492483,56.1184127284616
2025-12-14 22:00:00,1.17378,1.17378,1.17322,1.17351,486,48,1.1735199765293742,1.1719759228849347,52.19653204749121
2025-12-14 23:00:00,1.17364,1.17402,1.17352,1.17366,778,8,1.1735333120980052,1.1720419651247411,53.366438171041516
2025-12-15 00:00:00,1.17368,1.17368,1.17282,1.17328,1149,8,1.1735091871362906,1.1720905155120063,50.02628138771626
2025-12-15 01:00:00,1.17327,1.17421,1.1729,1.17409,1444,8,1.17356450264712,1.1721689266683981,56.304310651433134
2025-12-15 02:00:00,1.17408,1.17445,1.17368,1.17409,1558,8,1.173614550014061,1.1722442628774805,56.304310651433134
2025-12-15 03:00:00,1.1741,1.17445,1.17317,1.1734,1217,8,1.1735941166793886,1.1722895859018931,50.08779513838569
2025-12-15 04:00:00,1.1734,1.17355,1.17317,1.17321,917,8,1.1735575341384945,1.1723256805724072,48.499851872526264
2025-12-15 05:00:00,1.17322,1.17356,1.17318,1.17341,972,8,1.1735434832681617,1.172368202902901,50.286497843459614
2025-12-15 06:00:00,1.1734,1.17361,1.17285,1.1735,1468,8,1.1735393420045273,1.1724125871027873,51.10847697077441
2025-12-15 07:00:00,1.17351,1.17379,1.17275,1.17281,1810,8,1.173469880861239,1.1724281719222858,44.96950310975299
2025-12-15 08:00:00,1.1728,1.17384,1.17259,1.17311,2312,8,1.1734356064935019,1.1724549102782746,47.89971988700588
2025-12-15 09:00:00,1.1731,1.17432,1.17301,1.17429,1939,8,1.1735169773036445,1.1725268745810875,57.488226561576326
2025-12-15 10:00:00,1.17428,1.17465,1.17388,1.17425,1611,8,1.1735867889890115,1.1725944481269273,57.10456840342814
2025-12-15 11:00:00,1.17425,1.17496,1.17409,1.17484,1234,8,1.1737061424186295,1.1726825089846948,61.21601505451733
2025-12-15 12:00:00,1.17484,1.1758899999999999,1.17478,1.17525,1588,8,1.1738531764739981,1.1727831949068637,63.81179117949421
2025-12-15 13:00:00,1.17523,1.17595,1.17469,1.17472,2180,8,1.1739357310955223,1.172859148047771,58.37298705927971
2025-12-15 14:00:00,1.1747,1.17638,1.17437,1.17631,2797,8,1.174161851943568,1.1729944755753094,67.36070103392139
2025-12-15 15:00:00,1.17633,1.17685,1.17544,1.17625,4217,8,1.1743607231870377,1.1731221431998071,66.77479848090098
2025-12-15 16:00:00,1.17626,1.17642,1.1752,1.1755200000000001,2673,8,1.174471130502558,1.1732161767998146,59.94330342865114
2025-12-15 17:00:00,1.17551,1.17554,1.17444,1.17456,1764,8,1.174479594264219,1.1732688757488416,52.3572933455415
2025-12-15 18:00:00,1.17456,1.1748,1.17389,1.1743000000000001,1418,8,1.1744624900485792,1.1733093119939852,50.493511342477525
2025-12-15 19:00:00,1.17429,1.17495,1.1738,1.17483,999,8,1.1744974909963335,1.1733689468177506,54.08182003681324
2025-12-15 20:00:00,1.17482,1.17515,1.17471,1.17508,961,8,1.1745529680443019,1.1734360469425447,55.7124598967732
2025-12-15 21:00:00,1.17506,1.17531,1.17485,1.17523,732,8,1.1746174472781779,1.173506398042837,56.7058918389699
2025-12-15 22:00:00,1.17524,1.17531,1.17483,1.17509,587,20,1.1746624522993037,1.1735685000803728,55.455566120439116
2025-12-15 23:00:00,1.17512,1.17554,1.17512,1.1753,515,8,1.1747231711279413,1.1736364020380055,56.98758715220821
2025-12-16 00:00:00,1.1753,1.17576,1.17479,1.17495,1075,8,1.174744773877661,1.1736879156835738,53.67421356126251
2025-12-16 01:00:00,1.17495,1.17549,1.17464,1.17515,1560,8,1.1747833668416934,1.1737452523234337,55.27447954857127
2025-12-16 02:00:00,1.17515,1.1756199999999999,1.17496,1.17551,1130,8,1.1748525699996273,1.1738144581146717,58.08141954888566
2025-12-16 03:00:00,1.1755200000000001,1.17588,1.17499,1.17515,1077,8,1.1748808966663296,1.1738668323062533,54.404396065429694
2025-12-16 04:00:00,1.17515,1.17535,1.17496,1.17507,695,8,1.1748989065076316,1.173914015353067,53.592435670450264
2025-12-16 05:00:00,1.17507,1.17538,1.17488,1.1750099999999999,993,8,1.174909486840238,1.1739569951431428,52.95410395482648
2025-12-16 06:00:00,1.175,1.17533,1.17463,1.17524,1145,8,1.174940964284025,1.174007309059098,55.15895822706545
2025-12-16 07:00:00,1.17521,1.1754,1.1743999999999999,1.17519,1789,8,1.1749646819712607,1.174053689095996,54.56032346265789
2025-12-16 08:00:00,1.17521,1.17636,1.17463,1.1754,2605,8,1.1750061408311405,1.1741064856020356,56.68651778008845
2025-12-16 09:00:00,1.17539,1.17615,1.17498,1.17558,2279,8,1.1750607940853177,1.1741642704803872,58.47986495530337
2025-12-16 10:00:00,1.17558,1.17614,1.17533,1.17569,1973,8,1.1751207184581447,1.1742241030105682,59.58122491554054
2025-12-16 11:00:00,1.17568,1.17629,1.17514,1.17627,1405,8,1.1752301738430833,1.1743043342650559,64.87226091535054
2025-12-16 12:00:00,1.17629,1.17779,1.17603,1.17774,1889,8,1.1754692049056468,1.1744390662546615,74.11937715761388
2025-12-16 13:00:00,1.17776,1.17943,1.17567,1.17753,7626,8,1.175665471105109,1.1745602793427141,71.2344628608894
2025-12-16 14:00:00,1.17751,1.17995,1.17686,1.17991,4831,8,1.1760697119522414,1.1747700723096666,80.49866240745664
2025-12-16 15:00:00,1.17992,1.18038,1.17671,1.17698,4448,8,1.176156406052028,1.17485673614066,56.41178113637992
2025-12-16 16:00:00,1.177,1.17755,1.17608,1.17686,3017,8,1.176223414999454,1.1749352955076933,55.67698656579761
2025-12-16 17:00:00,1.17688,1.17775,1.17621,1.17637,2079,8,1.1762373754756965,1.1749915584289603,52.66063646649331
2025-12-16 18:00:00,1.17637,1.17637,1.17448,1.17527,2264,8,1.1761452444780112,1.175002477706256,46.56217141185715
2025-12-16 19:00:00,1.17525,1.1762,1.17343,1.17573,2981,8,1.1761056973848674,1.1750310079922852,49.21100042116196
2025-12-16 20:00:00,1.17571,1.17625,1.17461,1.17476,1889,8,1.1759775357291657,1.1750203802278818,44.232019358441995
2025-12-16 21:00:00,1.17473,1.17509,1.17455,1.17465,949,8,1.1758511037549595,1.175005855513063,43.69215165531385
2025-12-16 22:00:00,1.17463,1.17481,1.17442,1.17481,380,8,1.1757519510163918,1.1749981749047076,44.74849875394038
2025-12-16 23:00:00,1.17481,1.17509,1.17481,1.17489,443,8,1.1756698604434022,1.174993932751582,45.301048521710776
2025-12-17 00:00:00,1.1749,1.17513,1.17449,1.175,917,8,1.1756060642106974,1.1749941706828926,46.09924453028503
2025-12-17 01:00:00,1.175,1.1752,1.17447,1.1747,1338,8,1.175519772381107,1.1749826345776813,44.204668906323
2025-12-17 02:00:00,1.1747,1.17477,1.1737,1.1739600000000001,1385,8,1.1753712226305255,1.1749425312609094,39.85373655367704
2025-12-17 03:00:00,1.17397,1.17403,1.17366,1.17387,923,8,1.1752282490466661,1.1749004712114621,39.34649397459981
2025-12-17 04:00:00,1.17387,1.17393,1.1727400000000001,1.17294,1096,8,1.1750103205660314,1.1748235899874833,34.46502654218969
2025-12-17 05:00:00,1.17294,1.17307,1.17246,1.17288,1190,8,1.174807432893076,1.174747370772288,34.170483703588914
2025-12-17 06:00:00,1.17289,1.17305,1.17062,1.17095,1835,8,1.1744400583318306,1.1745984542714138,26.365158821553266
2025-12-17 07:00:00,1.17096,1.17131,1.17028,1.17126,3448,8,1.174137195633561,1.1744675344960642,29.164029141272394
2025-12-17 08:00:00,1.17126,1.17206,1.17056,1.17182,2656,8,1.1739165103351266,1.1743637096138657,34.04135909851756
2025-12-17 09:00:00,1.17182,1.17204,1.17111,1.17156,2245,8,1.1736920807794002,1.1742537602172436,32.90842313357369
2025-12-17 10:00:00,1.17157,1.17249,1.1712500000000001,1.1724700000000001,1987,8,1.1735756921337432,1.1741838088361753,40.386590210483405
2025-12-17 11:00:00,1.1724999999999999,1.17269,1.17075,1.1709,2007,8,1.1733208643114819,1.1740550320190706,33.457666813215326
2025-12-17 12:00:00,1.1709100000000001,1.17271,1.1708,1.17261,2108,8,1.1732531629484835,1.1739983640967542,44.60519868300601
2025-12-17 13:00:00,1.17262,1.17329,1.17194,1.17315,3340,8,1.1732433379057707,1.1739650949164895,47.59105202831948
2025-12-17 14:00:00,1.17314,1.17439,1.17279,1.17408,2954,8,1.1733230200099831,1.1739696009981957,52.35423874515238
2025-12-17 15:00:00,1.17408,1.17577,1.17398,1.17527,3622,8,1.173508446675699,1.1740205970374822,57.657221481163866
2025-12-17 16:00:00,1.17524,1.1756,1.17451,1.17468,2811,8,1.1736200231827754,1.1740464559771888,54.4230112651945
2025-12-17 17:00:00,1.17469,1.17543,1.17453,1.17489,1859,8,1.1737409733558444,1.174079536134946,55.38235262418
2025-12-17 18:00:00,1.17489,1.17553,1.17421,1.17436,1740,8,1.1737999282743354,1.1740905347178894,52.38540531929946
2025-12-17 19:00:00,1.17436,1.17471,1.17412,1.17446,1317,8,1.1738627922482083,1.1741050235524821,52.903259363971046
2025-12-17 20:00:00,1.17445,1.17459,1.17382,1.17395,1077,8,1.173871097748379,1.174098944197483,49.92125914370476
2025-12-17 21:00:00,1.17394,1.17412,1.17383,1.17386,665,8,1.1738700408199618,1.1740895738367974,49.39215612042172
2025-12-17 22:00:00,1.17386,1.17415,1.1737,1.17385,405,20,1.1738681321704416,1.174080178784374,49.329595011790516
2025-12-17 23:00:00,1.17393,1.17431,1.17393,1.17414,472,8,1.1738940243446854,1.1740825247143987,51.2577191016942
2025-12-18 00:00:00,1.17414,1.17455,1.17399,1.17438,949,8,1.1739403077404296,1.1740941904118734,52.85654060414761
2025-12-18 01:00:00,1.17438,1.17452,1.17348,1.1738,1469,8,1.173926945098484,1.1740826535329763,48.699184235285436
2025-12-18 02:00:00,1.1738,1.17424,1.17363,1.17404,1238,8,1.1739377122319616,1.1740809808454085,50.43638273005942
2025-12-18 03:00:00,1.17404,1.17417,1.17372,1.17389,867,8,1.17393316820987,1.1740734914004907,49.31243447492447
2025-12-18 04:00:00,1.17389,1.17426,1.1738,1.17425,695,8,1.1739633426660727,1.1740804133063538,52.07288277783518
2025-12-18 05:00:00,1.17424,1.17464,1.17407,1.1745700000000001,936,8,1.1740211195550183,1.174099612784536,54.447650451636385
2025-12-18 06:00:00,1.1745700000000001,1.17468,1.17385,1.17437,1322,8,1.174054346264064,1.1741102162047503,52.69039078314763
2025-12-18 07:00:00,1.17437,1.17493,1.17333,1.17334,2029,8,1.173986313286534,1.1740800116477013,44.69081456293275
2025-12-18 08:00:00,1.17332,1.17368,1.17278,1.17318,2232,8,1.1739095215449593,1.1740447170732817,43.583862737910756
2025-12-18 09:00:00,1.17316,1.17324,1.1717,1.17216,2326,8,1.1737429004454394,1.1739708065998198,37.249589246130434
2025-12-18 10:00:00,1.17215,1.17264,1.17171,1.17245,1720,8,1.1736197670696833,1.173911167125317,39.92297730476177
2025-12-18 11:00:00,1.1724700000000001,1.17271,1.17199,1.17201,1564,8,1.1734664559201897,1.1738366115517753,37.3247245064452
2025-12-18 12:00:00,1.172,1.17231,1.17118,1.17137,2505,8,1.1732667934516001,1.1737398816869997,33.87164374694663
2025-12-18 13:00:00,1.17137,1.17625,1.17129,1.17465,7074,8,1.1733985274085907,1.173775572601235,56.2240491609261
2025-12-18 14:00:00,1.17463,1.17553,1.17323,1.17343,6317,8,1.1734015247982488,1.17376202073452,49.51931127440402
2025-12-18 15:00:00,1.17343,1.17401,1.17157,1.17269,4864,8,1.1733337605317489,1.1737199807057155,45.94070504836372
2025-12-18 16:00:00,1.17268,1.17456,1.17252,1.17277,3225,8,1.1732800690525347,1.1736827265603933,46.391743894739136
2025-12-18 17:00:00,1.17279,1.17286,1.17148,1.17182,2533,8,1.1731410148570551,1.1736096784599857,41.91901159217815
2025-12-18 18:00:00,1.17184,1.17244,1.17149,1.17194,1751,8,1.1730266324897165,1.1735442008733195,42.670893620171704
2025-12-18 19:00:00,1.17194,1.17272,1.17173,1.17246,1521,8,1.1729726674906957,1.1735016831920129,45.93694540627995
2025-12-18 20:00:00,1.17245,1.17273,1.172,1.17219,1203,8,1.172898127729677,1.1734502446354635,44.5187503620021
2025-12-18 21:00:00,1.17218,1.1724999999999999,1.17214,1.17232,627,8,1.1728430679458983,1.1734059213164258,45.39290287830071
2025-12-18 22:00:00,1.17233,1.17242,1.17177,1.17236,789,20,1.1727970614748604,1.173364904794213,45.676518335684264
2025-12-18 23:00:00,1.17237,1.17272,1.17234,1.17244,514,8,1.1727630556201118,1.1733286340179694,46.27748696913334
2025-12-19 00:00:00,1.17243,1.17265,1.17214,1.17261,935,8,1.172748478894387,1.1733004522917747,47.60398343478445
2025-12-19 01:00:00,1.17263,1.17283,1.172,1.17238,1171,8,1.17271338566635,1.17326435612347,45.95085361896076
2025-12-19 02:00:00,1.17238,1.17281,1.1721,1.1722299999999999,907,8,1.1726673489362214,1.1732237931382359,44.85679643063949
2025-12-19 03:00:00,1.17225,1.17254,1.17178,1.17208,1450,8,1.1726114109422956,1.173178938505364,43.73538726814579
2025-12-19 04:00:00,1.17209,1.1722299999999999,1.1715200000000001,1.17176,891,8,1.1725303241858864,1.1731232938580949,41.359868851263286
2025-12-19 05:00:00,1.17176,1.17204,1.17173,1.17196,836,8,1.1724760075967542,1.1730776744911107,43.428062402582746
2025-12-19 06:00:00,1.17196,1.17212,1.17113,1.17195,1786,8,1.1724259116351585,1.1730334519620476,43.34574391260806
2025-12-19 07:00:00,1.17196,1.17202,1.17029,1.17076,2323,8,1.1722672533841911,1.1729442969831438,34.87419569478669
2025-12-19 08:00:00,1.17075,1.17159,1.17059,1.17122,2304,8,1.172167514966649,1.1728766774936088,39.77417908945885
2025-12-19 09:00:00,1.17123,1.17175,1.17085,1.17116,2289,8,1.1720715611603016,1.172809356807585,39.358215791369624
2025-12-19 10:00:00,1.17118,1.17174,1.17085,1.17158,1955,8,1.1720247458117015,1.1727611467366994,43.78973034768651
2025-12-19 11:00:00,1.17157,1.17174,1.17073,1.17109,1809,8,1.1719357224010631,1.1726956115705542,40.10729558873113
2025-12-19 12:00:00,1.17107,1.17147,1.17073,1.17097,1702,8,1.1718437488390572,1.1726279405285718,39.23707517587265
2025-12-19 13:00:00,1.17099,1.1719,1.17018,1.1719,2868,8,1.1718491060924803,1.172599393841177,48.553478637604314
2025-12-19 14:00:00,1.17191,1.17374,1.17185,1.17261,3298,8,1.1719215721789107,1.172599809768974,54.31271675617717
2025-12-19 15:00:00,1.17261,1.17281,1.1709,1.17092,3191,8,1.1718261843523479,1.172533934876073,42.20231968910034
2025-12-19 16:00:00,1.17095,1.17206,1.17081,1.17206,2233,8,1.1718484525092672,1.1725153491946583,50.25928844463252
2025-12-19 17:00:00,1.17204,1.17205,1.17132,1.1719,1554,8,1.171853361794099,1.1724912178536915,49.2221852402134
2025-12-19 18:00:00,1.1718899999999999,1.17268,1.17176,1.17198,1599,8,1.1718654225756133,1.1724711700947232,49.780186810397716
2025-12-19 19:00:00,1.17198,1.1724700000000001,1.17161,1.17232,1364,8,1.1719087156636503,1.1724652418557147,52.185094069251434
2025-12-19 20:00:00,1.17231,1.17252,1.17061,1.17095,1322,8,1.1718174094099691,1.172405820606471,43.20666562557424
2025-12-19 21:00:00,1.17097,1.17135,1.17055,1.17087,1067,8,1.171727179942353,1.1723455923473938,42.74419400175495
2025-12-21 22:00:00,1.17073,1.17143,1.17065,1.1712500000000001,905,20,1.1716817342335575,1.1723026279416136,45.71641535833234
2025-12-21 23:00:00,1.1713,1.17149,1.17059,1.17097,981,8,1.1716139500208378,1.1722503680223346,43.90773520820764
2025-12-22 00:00:00,1.17095,1.17158,1.17092,1.17155,2178,8,1.1716078595426629,1.172222902609694,48.45673746884038
2025-12-22 01:00:00,1.17156,1.1719,1.17134,1.1717,1314,8,1.171616634824314,1.1722023966250001,49.59523660764291
2025-12-22 02:00:00,1.1717,1.17191,1.17149,1.1716,644,8,1.1716150505553318,1.1721787732279414,48.821022471209574
2025-12-22 03:00:00,1.17161,1.17179,1.17132,1.1717,893,8,1.1716231409786335,1.172159997807238,49.6671912172435
2025-12-22 04:00:00,1.1717,1.1721300000000001,1.17159,1.17196,657,8,1.1716552227901922,1.1721521547559737,51.8941946972525
2025-12-22 05:00:00,1.17196,1.17217,1.17153,1.17171,816,8,1.1716604396673167,1.1721348153537787,49.62074998405596
2025-12-22 06:00:00,1.17171,1.17187,1.17126,1.17154,1060,8,1.1716489692228105,1.1721114892614737,48.07830953509176
2025-12-22 07:00:00,1.17154,1.17307,1.17146,1.17285,1734,8,1.1717633531063523,1.1721404504669062,58.725479284240585
2025-12-22 08:00:00,1.17283,1.1738,1.17228,1.17352,1935,8,1.1719306528105093,1.1721945504485962,62.91419819785982
2025-12-22 09:00:00,1.17355,1.1736,1.17269,1.17298,1950,8,1.17203059063808,1.1722253523917885,57.821023269475404
2025-12-22 10:00:00,1.17297,1.17377,1.17286,1.17327,1957,8,1.1721486296249295,1.1722663189646596,59.70750667998802
2025-12-22 11:00:00,1.17329,1.17362,1.17283,1.17331,1404,8,1.1722592363273172,1.1723072476327123,59.97342731096551
2025-12-22 12:00:00,1.17331,1.1743000000000001,1.17328,1.17411,2097,8,1.1724354995342394,1.1723779438039785,64.95502170907935
2025-12-22 13:00:00,1.17413,1.17541,1.17413,1.17502,2675,8,1.1726816424357405,1.1724815538508815,69.59115555103455
2025-12-22 14:00:00,1.17502,1.17661,1.17445,1.17597,2556,8,1.1729948193466224,1.1726183556606509,73.52828066399657
2025-12-22 15:00:00,1.17595,1.17691,1.17573,1.17634,2619,8,1.1733134079802774,1.172764302497488,74.89178921809918
2025-12-22 16:00:00,1.17634,1.17637,1.1748,1.17494,2001,8,1.1734683215059651,1.172849623968175,61.89979241982751
2025-12-22 17:00:00,1.17494,1.17642,1.17489,1.1758,1588,8,1.1736903861244445,1.1729653249890308,65.82210425341866
2025-12-22 18:00:00,1.1757900000000001,1.1758,1.1749100000000001,1.17524,1315,8,1.173837968398307,1.1730545279306375,61.390221753699755
2025-12-22 19:00:00,1.17524,1.17556,1.17482,1.17549,1136,8,1.1739953047413252,1.17315003663924,62.60086098908621
2025-12-22 20:00:00,1.1755,1.17585,1.17517,1.17549,878,8,1.1741376566707227,1.1732417999082894,62.60086098908621
2025-12-22 21:00:00,1.17549,1.17619,1.17542,1.17607,628,8,1.174321689368749,1.1733527097158074,65.51063949179856
2025-12-22 22:00:00,1.17607,1.17614,1.17564,1.1758899999999999,906,20,1.174471052286011,1.1734522112955796,63.85032397398666
2025-12-22 23:00:00,1.17595,1.17652,1.17585,1.17632,749,8,1.1746471425444862,1.1735646735977137,66.06307193780604
2025-12-23 00:00:00,1.17632,1.177,1.17624,1.17686,950,8,1.174857890873583,1.173693902084078,68.65766292348835
2025-12-23 01:00:00,1.1768399999999999,1.17758,1.17657,1.17728,1309,8,1.175088567933242,1.1738345333748985,70.54396351154753
2025-12-23 02:00:00,1.17728,1.17801,1.1772,1.1777199999999999,1211,8,1.1753391805110285,1.1739869046150988,72.41684998883342
2025-12-23 03:00:00,1.17774,1.17789,1.17727,1.1776,1106,8,1.1755544966528353,1.174128594630193,71.08928874053112
2025-12-23 04:00:00,1.1776,1.17788,1.17731,1.17748,1074,8,1.175737877923994,1.1742600222917539,69.71298807943194
2025-12-23 05:00:00,1.17747,1.17795,1.17739,1.1774499999999999,1108,8,1.1759009371693279,1.1743851194567831,69.35150354407682
2025-12-23 06:00:00,1.1774499999999999,1.17761,1.17683,1.17709,1164,8,1.1760141812484395,1.174491193203576,64.99609199394413
2025-12-23 07:00:00,1.1771,1.1781,1.17688,1.17784,2078,8,1.1761880687485882,1.1746225189602986,69.31908969408207
2025-12-23 08:00:00,1.17782,1.17843,1.17749,1.17841,2436,8,1.1763996812487227,1.1747710476285222,72.13563002411387
2025-12-23 09:00:00,1.1784,1.17925,1.17814,1.17922,2544,8,1.1766682830345585,1.1749455163489724,75.56805200932939
2025-12-23 10:00:00,1.17924,1.18,1.17912,1.17985,1788,8,1.176971303697934,1.1751378490411697,77.85314426137565
2025-12-23 11:00:00,1.17982,1.17997,1.1792,1.1795200000000001,1539,8,1.177214036679083,1.1753096980983788,73.95147410505265
2025-12-23 12:00:00,1.17953,1.1801599999999999,1.17886,1.17896,1794,8,1.1773803189001228,1.17545284719256,67.74676105159493
2025-12-23 13:00:00,1.1789399999999999,1.17935,1.17739,1.1774499999999999,3495,8,1.1773869551953493,1.1755311669104989,54.474578451755505
2025-12-23 14:00:00,1.1774499999999999,1.17792,1.17682,1.17693,3212,8,1.177343435652935,1.1755860231100872,50.78481308908623
2025-12-23 15:00:00,1.17692,1.17786,1.17636,1.17738,3286,8,1.177346917971703,1.1756563751449858,53.707038353394175
2025-12-23 16:00:00,1.17737,1.17802,1.17727,1.17753,2115,8,1.1773643543553505,1.1757298506294962,54.673163509022324
2025-12-23 17:00:00,1.17753,1.17785,1.17687,1.17706,1602,8,1.1773353682262695,1.1757820133499082,51.076259939244
2025-12-23 18:00:00,1.17706,1.17826,1.17693,1.17825,1301,8,1.177422476014244,1.175878797140108,58.51761599588775
2025-12-23 19:00:00,1.17827,1.1791,1.17816,1.17896,1273,8,1.1775689068700304,1.1759996286248096,62.21076326549095
2025-12-23 20:00:00,1.17895,1.17933,1.17866,1.1789100000000001,1063,8,1.1776966300252656,1.1761137608356014,61.7935363591611
2025-12-23 21:00:00,1.17892,1.17967,1.1788,1.17906,742,8,1.177826474784764,1.1762292996263621,62.603825271591475
2025-12-23 22:00:00,1.17909,1.17942,1.17908,1.17935,416,20,1.1779715724243103,1.1763516800331715,64.18527746466421
2025-12-23 23:00:00,1.17943,1.17967,1.17929,1.17942,702,8,1.1781095179077095,1.1764720063063805,64.57470538357708
2025-12-24 00:00:00,1.17942,1.17987,1.17899,1.17986,1252,8,1.1782762304879275,1.1766048688041697,67.00340570189675
2025-12-24 01:00:00,1.17984,1.1806,1.17963,1.18048,1481,8,1.178486113298601,1.1767568347334179,70.11275841430219
2025-12-24 02:00:00,1.18048,1.18076,1.1798,1.17981,1036,8,1.1786121977463535,1.1768765667046563,63.183707178461454
2025-12-24 03:00:00,1.1798,1.17983,1.1786699999999999,1.17872,1186,8,1.1786224646276533,1.1769488582064347,53.85833779589112
2025-12-24 04:00:00,1.17872,1.17931,1.17856,1.17909,931,8,1.178666991805972,1.1770328245512804,56.2204067502364
2025-12-24 05:00:00,1.17908,1.1801599999999999,1.17902,1.17986,897,8,1.1787806116339747,1.1771436941767206,60.72624360120297
2025-12-24 06:00:00,1.17986,1.18036,1.17972,1.17996,1382,8,1.1788929343355008,1.1772541375423395,61.28354898543927
2025-12-24 07:00:00,1.17996,1.1801599999999999,1.17861,1.17888,1953,8,1.1788917024940246,1.1773178968544047,52.60192669019631
2025-12-24 08:00:00,1.1789100000000001,1.1799,1.17794,1.17988,2480,8,1.1789858260660222,1.1774183714875652,58.468630465453245
2025-12-24 09:00:00,1.17991,1.18006,1.1794,1.17991,1530,8,1.1790738426311629,1.1775160824096216,58.63404833761557
2025-12-24 10:00:00,1.17992,1.17996,1.17902,1.17959,1614,8,1.179123000475814,1.177597412511205,56.0687354345136
2025-12-24 11:00:00,1.17961,1.17985,1.17907,1.17924,1591,8,1.1791341432876412,1.177661827706844,53.320900205381605
2025-12-24 12:00:00,1.17925,1.17929,1.17837,1.1784,1554,8,1.1790642248792944,1.177690775639909,47.32619979354562
2025-12-24 13:00:00,1.17841,1.17905,1.17836,1.17852,2358,8,1.1790123939384092,1.1777232942422657,48.22177854917021
2025-12-24 14:00:00,1.1785,1.1786699999999999,1.17769,1.17803,2344,8,1.1789188326109417,1.1777353219190396,44.86720251351122
2025-12-24 15:00:00,1.17801,1.17822,1.1775,1.17779,2360,8,1.178811324743233,1.1777374661575086,43.279121344554405
2025-12-24 16:00:00,1.17778,1.1780599999999999,1.17726,1.1779,1868,8,1.1787245319105442,1.1777438400336848,44.253058371647064
2025-12-24 17:00:00,1.17789,1.17828,1.17723,1.17763,1299,8,1.1786202907762067,1.1777393757186383,42.33169567338289
2025-12-24 18:00:00,1.17755,1.17771,1.17709,1.17759,695,20,1.1785221678451392,1.1777335178473192,42.040480069482186
2025-12-24 19:00:00,1.17759,1.17793,1.17751,1.17765,372,60,1.1784391042408402,1.1777302426376204,42.67749567899185
2025-12-24 20:00:00,1.17765,1.17774,1.17742,1.17756,355,80,1.178355380027427,1.177723566455753,41.93300843874008
2025-12-24 21:00:00,1.17757,1.17763,1.1773500000000001,1.17748,630,80,1.1782720105010054,1.1777140148300371,41.244270324258004
2025-12-25 22:00:00,1.17781,1.17822,1.17757,1.17807,501,20,1.1782527714056716,1.1777279750327807,48.02448721407372
2025-12-25 23:00:00,1.17809,1.17847,1.17773,1.17832,2199,8,1.178259174128941,1.1777511916981618,50.62451174862574
2025-12-26 00:00:00,1.1783299999999999,1.1791800000000001,1.17764,1.1785700000000001,2329,8,1.1782887765928514,1.1777833018276458,53.1484973395299
2025-12-26 01:00:00,1.1785700000000001,1.17912,1.17825,1.17869,1778,8,1.178326988345913,1.1778188586187186,54.35463823320433
2025-12-26 02:00:00,1.1786699999999999,1.17931,1.1783299999999999,1.17917,1103,8,1.1784072751701118,1.1778718445552394,58.911250892723565
2025-12-26 03:00:00,1.17917,1.17924,1.17831,1.17839,1271,8,1.1784056299158154,1.1778921643766027,50.15020044965442
2025-12-26 04:00:00,1.17839,1.1786699999999999,1.17797,1.17829,1016,8,1.1783946175428808,1.1779077657735988,49.14119450247493
2025-12-26 05:00:00,1.1783,1.17869,1.17798,1.17855,1087,8,1.17840941587213,1.1779329514295362,51.85353075311041
2025-12-26 06:00:00,1.17856,1.17877,1.17712,1.1776200000000001,1822,8,1.1783342334081177,1.1779206788244563,43.016493895303654
2025-12-26 07:00:00,1.17764,1.17776,1.17696,1.17726,2080,8,1.1782319254644875,1.1778947698509483,40.16311185441083
2025-12-26 08:00:00,1.17726,1.17771,1.17662,1.17768,1858,8,1.1781793611345364,1.1778863475038523,44.76631758399328
2025-12-26 09:00:00,1.17766,1.17775,1.1768,1.177,1537,8,1.1780670410264853,1.1778515887782113,39.47184054909199
2025-12-26 10:00:00,1.17698,1.17792,1.17688,1.17728,1496,8,1.1779920847382488,1.177829173532007,42.48806383222781
2025-12-26 11:00:00,1.17728,1.17819,1.17728,1.1777,1492,8,1.1779642671441297,1.177824107903301,46.77272236838151
2025-12-26 12:00:00,1.1777,1.17821,1.17724,1.17811,1451,8,1.1779781464637364,1.1778353193580735,50.63873904645357
2025-12-26 13:00:00,1.17814,1.17962,1.17814,1.17911,2508,8,1.1780859420386187,1.1778853068342277,58.547080597051824
2025-12-26 14:00:00,1.17913,1.1794,1.17808,1.17835,2369,8,1.1781110904158931,1.1779035300956304,51.75987967325617
2025-12-26 15:00:00,1.17835,1.17922,1.1771099999999999,1.17769,2412,8,1.1780709865667605,1.1778951563663902,46.69708557769993
2025-12-26 16:00:00,1.17769,1.17794,1.17616,1.17648,2464,8,1.1779194640365929,1.1778396600382963,39.1386930202149
2025-12-26 17:00:00,1.1764999999999999,1.177,1.17609,1.17696,1984,8,1.1778280865092983,1.1778051635662063,43.074951651745664
2025-12-26 18:00:00,1.17698,1.17734,1.17686,1.17714,1463,8,1.1777625544607937,1.177779078720473,44.52393680899652
2025-12-26 19:00:00,1.17713,1.17761,1.17686,1.17761,1216,8,1.1777480254645276,1.1777724481824152,48.22948965330882
2025-12-26 20:00:00,1.17763,1.17812,1.17721,1.17747,1251,8,1.1777215468488582,1.1777605874693793,47.217752840220115
2025-12-26 21:00:00,1.17748,1.17763,1.17655,1.1771099999999999,1208,8,1.177663304291824,1.1777350742352861,44.625388467194924
2025-12-28 22:00:00,1.17723,1.17747,1.17676,1.17703,457,20,1.1776029895973645,1.1777074242652747,44.04665863752302
2025-12-28 23:00:00,1.17706,1.17774,1.17706,1.17724,1026,8,1.1775684191595204,1.1776890939019307,46.02543625871197
2025-12-29 00:00:00,1.17725,1.17835,1.17712,1.17793,1683,8,1.1776028554300422,1.1776985411998941,52.02844823977487
2025-12-29 01:00:00,1.17794,1.17861,1.17783,1.17836,1299,8,1.1776749644367048,1.1777244807606826,55.36044074294594
2025-12-29 02:00:00,1.17836,1.1785,1.17753,1.17753,1232,8,1.1776611582998757,1.1777168540641854,48.375818889995266
2025-12-29 03:00:00,1.17752,1.17758,1.17709,1.17732,817,8,1.177628667033221,1.1777012911597073,46.76806830093246
2025-12-29 04:00:00,1.17732,1.17732,1.17637,1.17641,924,8,1.1775126035062475,1.1776506522906993,40.4885121712918
2025-12-29 05:00:00,1.1764000000000001,1.17641,1.17534,1.17557,1269,8,1.1773275936485095,1.177569058083221,35.72067177107775
2025-12-29 06:00:00,1.17559,1.17691,1.17538,1.17689,1563,8,1.1772859180629371,1.177542428354467,46.40184708099401
2025-12-29 07:00:00,1.17691,1.17787,1.17651,1.17765,2029,8,1.1773205925331336,1.1775466468503704,51.40834196259936
2025-12-29 08:00:00,1.17763,1.17883,1.17708,1.17834,2417,8,1.1774176789585495,1.1775777587385912,55.474746108295996
2025-12-29 09:00:00,1.17836,1.17887,1.17715,1.17758,2812,8,1.1774331381053542,1.1775778466311955,50.4652878632386
2025-12-29 10:00:00,1.17756,1.17799,1.1764999999999999,1.17656,2339,8,1.1773499820953206,1.177537931077031,44.6391279298583
2025-12-29 11:00:00,1.17654,1.17708,1.17575,1.17656,2238,8,1.1772747457052901,1.1774995808387163,44.6391279298583
2025-12-29 12:00:00,1.17654,1.17686,1.1755200000000001,1.17614,2231,8,1.1771666746857385,1.1774462639430805,42.30665393342342
2025-12-29 13:00:00,1.1761300000000001,1.17734,1.17598,1.17692,2535,8,1.1771431818585254,1.1774256261413911,47.7653600119426
2025-12-29 14:00:00,1.17694,1.17884,1.17666,1.17826,2914,8,1.1772495454910468,1.177458346684866,55.54682926106595
2025-12-29 15:00:00,1.17825,1.1786,1.17661,1.17675,4019,8,1.1772019697299947,1.1774305683834987,47.0423315185176
2025-12-29 16:00:00,1.17672,1.17676,1.17523,1.17559,3281,8,1.1770484488033286,1.1773583892312047,41.753626722329095
2025-12-29 17:00:00,1.17557,1.17567,1.17492,1.17519,1897,8,1.1768714536792022,1.1772733543593927,40.08030965105178
2025-12-29 18:00:00,1.1751800000000001,1.17587,1.17503,1.17569,1382,8,1.176758934281183,1.1772112620315736,43.147416719712524
2025-12-29 19:00:00,1.17569,1.17678,1.17564,1.17668,1072,8,1.1767514167305941,1.1771904282264138,48.742036745846455
2025-12-29 20:00:00,1.17667,1.177,1.1764000000000001,1.17699,1198,8,1.176774138946728,1.1771825682959662,50.388360169452525
2025-12-29 21:00:00,1.1770100000000001,1.1774499999999999,1.17697,1.17699,668,8,1.1767946971422778,1.1771750165980852,50.388360169452525
2025-12-29 22:00:00,1.17699,1.17723,1.17663,1.17666,490,20,1.1767818688430134,1.1771548198687485,48.46652001843487
2025-12-29 23:00:00,1.17675,1.1774499999999999,1.17657,1.17721,702,8,1.176822643238917,1.1771569837954643,51.76833493649784
2025-12-30 00:00:00,1.17721,1.17749,1.1771099999999999,1.17725,1025,8,1.1768633438828298,1.1771606314897598,52.00916105274513
2025-12-30 01:00:00,1.17724,1.17747,1.17694,1.17747,958,8,1.1769211206558936,1.1771727635882006,53.3877005926444
2025-12-30 02:00:00,1.17748,1.17761,1.17713,1.17728,970,8,1.1769552996410466,1.177176968937683,51.998492695667046
2025-12-30 03:00:00,1.17728,1.17754,1.1770100000000001,1.17723,681,8,1.1769814615799945,1.1771790485871856,51.61784171283857
2025-12-30 04:00:00,1.17723,1.17774,1.17714,1.17768,640,8,1.1770479890485666,1.1771986937406294,54.82321569901357
2025-12-30 05:00:00,1.17769,1.17786,1.17724,1.17748,911,8,1.1770891329487032,1.1772097253586438,53.13820555490078
2025-12-30 06:00:00,1.17748,1.17795,1.17734,1.17781,1120,8,1.1771577869535885,1.1772332655406579,55.564993821043245
2025-12-30 07:00:00,1.17781,1.17781,1.17659,1.1770100000000001,1663,8,1.1771437120056278,1.1772245100292598,48.94735674159481
2025-12-30 08:00:00,1.17702,1.17748,1.17656,1.17666,2067,8,1.177097644195568,1.1772023723810536,46.34669886937486
2025-12-30 09:00:00,1.17669,1.17775,1.17638,1.17687,2013,8,1.1770759637959902,1.177189338170032,48.12754626079618
2025-12-30 10:00:00,1.17685,1.1777,1.17685,1.1773500000000001,1578,8,1.1771020624820863,1.1771956386339524,52.045557928917106
2025-12-30 11:00:00,1.1773500000000001,1.17763,1.17658,1.17665,1402,8,1.1770590089123638,1.177174241040464,46.52643354055258
2025-12-30 12:00:00,1.17665,1.17677,1.17601,1.17614,1479,8,1.1769714842540435,1.177133682568289,42.95261162094578
2025-12-30 13:00:00,1.17615,1.1767400000000001,1.1755,1.17631,3273,8,1.1769084857536583,1.1771013812911013,44.483414673787856
2025-12-30 14:00:00,1.17632,1.1764000000000001,1.17561,1.17628,2619,8,1.1768486299675955,1.1770691702600777,44.25771571068246
2025-12-30 15:00:00,1.17629,1.17657,1.17449,1.17593,2935,8,1.1767611413992531,1.1770244969165453,41.60547231920208
2025-12-30 16:00:00,1.17592,1.17661,1.1754,1.17642,2382,8,1.1767286517421813,1.1770007911551124,46.44432701774125
2025-12-30 17:00:00,1.17644,1.17663,1.17548,1.17555,1353,8,1.176616399195307,1.1769438973843238,40.0919600830582
2025-12-30 18:00:00,1.17555,1.17591,1.1748,1.17502,1226,8,1.1764643611767063,1.176868450428076,36.79068247117946
2025-12-30 19:00:00,1.17498,1.17526,1.17449,1.17465,1308,8,1.176291564874163,1.176781452372073,34.645881903598294
2025-12-30 20:00:00,1.17465,1.17499,1.17429,1.17436,1177,8,1.176107606314719,1.176686493455521,33.0210055334921
2025-12-30 21:00:00,1.17437,1.17481,1.17437,1.17468,554,8,1.175971643808555,1.1766078074376576,36.55682648525642
2025-12-30 22:00:00,1.17468,1.17476,1.17442,1.17458,390,20,1.1758391063029783,1.1765282855773573,35.918699731025384
2025-12-30 23:00:00,1.17461,1.17488,1.17452,1.17453,447,8,1.1757144295122186,1.176449921437069,35.58423465001843
2025-12-31 00:00:00,1.17453,1.17476,1.17438,1.1746699999999999,626,8,1.1756149600348644,1.1763801205963995,37.34353023566414
2025-12-31 01:00:00,1.17468,1.17487,1.17415,1.17422,1091,8,1.1754821066982108,1.176295409984776,34.11801186884634
2025-12-31 02:00:00,1.17421,1.17423,1.17386,1.1739600000000001,1174,8,1.175337144155524,1.1762038252794906,32.37789553688491
2025-12-31 03:00:00,1.1739600000000001,1.17433,1.17391,1.17424,669,8,1.1752326542359504,1.176126812523432,36.15444026514679
2025-12-31 04:00:00,1.17424,1.17424,1.17327,1.17341,713,8,1.175059068118241,1.1760202708558465,30.68399584341593
2025-12-31 05:00:00,1.17342,1.1739,1.17339,1.1738,927,8,1.1749391568688847,1.1759332014105193,35.613750374430765
2025-12-31 06:00:00,1.17379,1.17393,1.17327,1.17372,923,8,1.1748230466908958,1.175846409198342,35.06287999048668
2025-12-31 07:00:00,1.1737,1.17383,1.17294,1.17367,1557,8,1.1747132327203342,1.1757610598180148,34.70159834895507
2025-12-31 08:00:00,1.17367,1.17395,1.17198,1.17228,2060,8,1.1744814962707786,1.1756245476682887,26.52053049599192
2025-12-31 09:00:00,1.17227,1.17384,1.17197,1.1734499999999999,2050,8,1.1743832585307046,1.1755392712891402,39.45858135900971
2025-12-31 10:00:00,1.17347,1.17433,1.1728399999999999,1.17389,1819,8,1.1743362815277802,1.1754745939836837,43.488455797999116
2025-12-31 11:00:00,1.1739,1.17474,1.1736,1.1746699999999999,1761,8,1.17436806423942,1.1754430412784411,49.86006717130063
2025-12-31 12:00:00,1.17468,1.1758899999999999,1.17468,1.17548,1972,8,1.1744739628832848,1.175444490640071,55.4743865592647
2025-12-31 13:00:00,1.17551,1.1758899999999999,1.17411,1.17416,2770,8,1.1744440616563052,1.1753941184581076,46.36345551021543
2025-12-31 14:00:00,1.17416,1.17423,1.1727,1.17301,2900,8,1.1743074843557049,1.1753006236166132,40.17311730725184
2025-12-31 15:00:00,1.17301,1.1745700000000001,1.172,1.17436,3878,8,1.1743124858456377,1.1752637364159617,48.81318761706293
2025-12-31 16:00:00,1.17438,1.17485,1.17283,1.17346,3126,8,1.1742312967174817,1.1751930016545515,44.22747846378251
2025-12-31 17:00:00,1.1734499999999999,1.17386,1.1731,1.17354,2125,8,1.1741654589348645,1.1751281780602554,44.724566890972966
2025-12-31 18:00:00,1.1734499999999999,1.17377,1.17297,1.17352,1485,20,1.1741039866553535,1.1750651122539708,44.61750292539045
2025-12-31 19:00:00,1.17356,1.17422,1.17354,1.17399,1112,20,1.1740931307834153,1.1750229509891092,47.781074458206234
2025-12-31 20:00:00,1.17398,1.17519,1.17389,1.17508,1020,20,1.174187118327852,1.1750251882052225,54.300770212987516
2025-12-31 21:00:00,1.17512,1.17519,1.17448,1.17455,636,8,1.1742216784871042,1.1750065533736451,50.96853532812436
2026-01-01 22:00:00,1.1743999999999999,1.17487,1.1743999999999999,1.17476,389,20,1.1742729472026183,1.1749968846138943,52.219677890773006
2026-01-01 23:00:00,1.17482,1.17504,1.17445,1.17504,773,8,1.174345999849988,1.1749985754133494,53.908471070865374
2026-01-02 00:00:00,1.17504,1.17559,1.17495,1.17557,836,8,1.1744625712928463,1.1750209842206691,57.006149003330876
2026-01-02 01:00:00,1.17558,1.17624,1.17558,1.17603,1179,8,1.174611850217337,1.1750605534669174,59.54729358424289
2026-01-02 02:00:00,1.17604,1.17633,1.17577,1.17588,821,8,1.1747326263871143,1.1750926886250777,58.33646887032683
2026-01-02 03:00:00,1.17588,1.17646,1.17587,1.17639,708,8,1.1748904714931034,1.175143563580957,61.223499934671224
2026-01-02 04:00:00,1.1764000000000001,1.17645,1.17548,1.17554,768,8,1.1749523313509032,1.175159110107194,54.45119880917611
2026-01-02 05:00:00,1.17554,1.17576,1.17506,1.17509,710,8,1.1749654426508171,1.175156399906912,51.22089379613969
2026-01-02 06:00:00,1.17509,1.17511,1.17413,1.17436,1100,8,1.1749077814459774,1.1751251685380133,46.41083387168705
2026-01-02 07:00:00,1.17434,1.17468,1.17319,1.1734499999999999,1897,8,1.1747689451177892,1.1750594756541697,41.21492990646495
2026-01-02 08:00:00,1.1734499999999999,1.17379,1.17237,1.17285,3033,8,1.1745861884399045,1.1749728295500848,38.179847580631304
2026-01-02 09:00:00,1.1728399999999999,1.1737,1.17204,1.1721300000000001,2382,8,1.174352265731342,1.1748613460383168,34.8621555061915
2026-01-02 10:00:00,1.17214,1.17232,1.17129,1.17208,2113,8,1.1741358594712143,1.1747522736446574,34.63706088913352
2026-01-02 11:00:00,1.17206,1.17221,1.17147,1.17215,1750,8,1.1739467299977653,1.1746502236978082,35.26721659642543
2026-01-02 12:00:00,1.1721300000000001,1.17267,1.17204,1.17234,1581,8,1.1737937080932161,1.174559626690051,37.04145203277117
2026-01-02 13:00:00,1.17236,1.17285,1.17179,1.17212,2587,8,1.1736343073224338,1.1744639550551472,35.81730485870993
2026-01-02 14:00:00,1.17215,1.17299,1.17155,1.17281,2631,8,1.1735558018631542,1.1743990940725924,42.2622146968799
2026-01-02 15:00:00,1.17281,1.17517,1.17278,1.17503,3516,8,1.173696201685711,1.1744238354815104,57.165478350209234
2026-01-02 16:00:00,1.1750099999999999,1.1754,1.17338,1.17371,2707,8,1.1736975158108816,1.174395841933216,49.05718380297873
2026-01-02 17:00:00,1.17371,1.17374,1.17281,1.17305,1918,8,1.1736358476384168,1.1743430638181878,45.57630073309944
2026-01-02 18:00:00,1.17305,1.1731,1.17148,1.17188,1840,8,1.1734686240538055,1.1742464730802198,40.13903721006762
2026-01-02 19:00:00,1.1718899999999999,1.17238,1.17139,1.17227,1590,8,1.1733544693820144,1.174168964331976,42.59734750333862
2026-01-02 20:00:00,1.17229,1.17234,1.17149,1.17174,1532,8,1.1732007103932511,1.1740737108287613,40.182310165745236
2026-01-02 21:00:00,1.17172,1.17228,1.17167,1.17196,915,8,1.1730825474986557,1.1739908202080256,41.66084951803941
2026-01-04 22:00:00,1.17224,1.1724,1.17093,1.17118,432,48,1.1729013524987837,1.1738805919645736,38.068144459558084
2026-01-04 23:00:00,1.17119,1.17126,1.16985,1.17048,1656,8,1.1726707474988995,1.1737472354169434,35.13943469528165
2026-01-05 00:00:00,1.1705,1.17107,1.17032,1.17047,2106,8,1.1724611524990043,1.173618716380985,35.09789318155417
2026-01-05 01:00:00,1.17045,1.17069,1.16992,1.17002,2089,8,1.1722286617848132,1.1734775902483974,33.196064701454944
2026-01-05 02:00:00,1.17002,1.17015,1.16836,1.16885,1908,8,1.1719068844719738,1.1732961161210094,28.82298593321829
2026-01-05 03:00:00,1.16883,1.16904,1.16719,1.16747,1717,8,1.1714843240460715,1.173067640979009,24.69133862806268
2026-01-05 04:00:00,1.16748,1.16827,1.16728,1.16816,1275,8,1.1711677217559695,1.1728751844700285,30.08760223080901
2026-01-05 05:00:00,1.16816,1.16855,1.168,1.16849,941,8,1.1709127006363533,1.172703216451596,32.57595839950977
2026-01-05 06:00:00,1.16849,1.16914,1.16778,1.16906,1388,8,1.1707362529567007,1.1725603452182003,36.7627099991663
2026-01-05 07:00:00,1.16906,1.1691799999999999,1.1683,1.16861,2306,8,1.17053375267511,1.1724054297194475,34.91918571705283
2026-01-05 08:00:00,1.16859,1.16944,1.16806,1.1683,2790,8,1.1703210143250995,1.1722444324755477,33.66669172945055
2026-01-05 09:00:00,1.1683,1.1687,1.16733,1.16821,2239,8,1.1701199653417567,1.172086219437291,33.29332619392814
2026-01-05 10:00:00,1.16821,1.16896,1.16795,1.16895,2181,8,1.170008540071113,1.17196323043975,39.2581259054554
2026-01-05 11:00:00,1.16894,1.16906,1.16798,1.16814,2205,8,1.1698305838738643,1.1718132998342696,35.51467293524428
2026-01-05 12:00:00,1.16812,1.16849,1.16696,1.16705,2157,8,1.1695657663620678,1.1716265037623377,31.202829716059824
2026-01-05 13:00:00,1.16705,1.16747,1.16587,1.16742,3437,8,1.1693614076609185,1.1714615428304813,34.12648321970147
2026-01-05 14:00:00,1.16745,1.16869,1.16726,1.16851,3382,8,1.1692803212170215,1.1713457960528153,41.952619542122825
2026-01-05 15:00:00,1.16849,1.17042,1.16849,1.17041,3806,8,1.1693879096725435,1.1713090981683911,52.53775902603451
2026-01-05 16:00:00,1.17042,1.17181,1.17036,1.17144,2979,8,1.169583346846587,1.1713142315735523,57.10438236543222
2026-01-05 17:00:00,1.17143,1.17194,1.17096,1.17139,2355,8,1.169755409051674,1.1713172028843934,56.81858722107777
2026-01-05 18:00:00,1.17139,1.17251,1.1712799999999999,1.17246,1495,8,1.1700129891419906,1.1713620184575546,61.28411739518555
2026-01-05 19:00:00,1.17248,1.1728399999999999,1.17217,1.17267,1685,8,1.1702660377951344,1.171413311851376,62.11224125344083
2026-01-05 20:00:00,1.17264,1.17285,1.17233,1.17243,1063,8,1.170472129433693,1.1714531819748517,60.519025152793375
2026-01-05 21:00:00,1.17243,1.1726,1.1718899999999999,1.17198,747,8,1.1706157361542937,1.1714738415052497,57.53883153882297
2026-01-05 22:00:00,1.1721,1.17214,1.17182,1.17187,283,8,1.1707351898538847,1.1714893771324948,56.802480821034884
2026-01-05 23:00:00,1.1719,1.17215,1.1712500000000001,1.17142,662,8,1.1708004098678004,1.1714866564606323,53.77085808601564
2026-01-06 00:00:00,1.17143,1.17168,1.17104,1.17163,1034,8,1.1708794184518194,1.1714922777759016,54.978448814921535
2026-01-06 01:00:00,1.17164,1.1724999999999999,1.17117,1.1724999999999999,1662,8,1.171033759551646,1.1715317962944936,59.67775054785224
2026-01-06 02:00:00,1.1724999999999999,1.17375,1.17217,1.1736900000000001,1398,8,1.1712867348324416,1.1716164317339253,65.05124685994821
2026-01-06 03:00:00,1.17367,1.17378,1.17321,1.17342,1147,8,1.1714899029436376,1.1716871599012224,62.99983390548451
2026-01-06 04:00:00,1.17344,1.17354,1.1731,1.17334,814,8,1.1716661026632913,1.171751977159998,62.372209956947515
2026-01-06 05:00:00,1.17332,1.17367,1.17271,1.1728399999999999,1058,8,1.1717779024096444,1.171794644722351,58.45272023498785
2026-01-06 06:00:00,1.17285,1.17368,1.17285,1.1736,1283,8,1.171951435513488,1.1718654429685336,62.3278566799961
2026-01-06 07:00:00,1.17359,1.17425,1.17257,1.17289,2024,8,1.1720408226074412,1.17190562167565,56.98093958362673
2026-01-06 08:00:00,1.17287,1.17386,1.17255,1.17281,2764,8,1.1721140775972088,1.1719410874922913,56.393896892476825
2026-01-06 09:00:00,1.1728,1.17287,1.17075,1.17126,2853,8,1.172032736873665,1.1719143781788681,46.416091272307355
2026-01-06 10:00:00,1.17131,1.17168,1.17078,1.1712500000000001,1977,8,1.1719581905047445,1.171888324132638,46.35910228549305
2026-01-06 11:00:00,1.17123,1.1712799999999999,1.17046,1.17059,1762,8,1.1718278866471497,1.17183740946077,42.6381874979225
2026-01-06 12:00:00,1.17058,1.1712,1.1696900000000001,1.17013,1969,8,1.1716661831569448,1.1717704522270143,40.21545074762016
2026-01-06 13:00:00,1.17014,1.17131,1.1697,1.17105,2932,8,1.1716074990467595,1.171742199198504,46.73428491119859
2026-01-06 14:00:00,1.17105,1.17172,1.16988,1.17087,3119,8,1.1715372610423063,1.1717079953083667,45.68469165212455
2026-01-06 15:00:00,1.17084,1.17087,1.16836,1.16949,4260,8,1.171342283800182,1.1716210151001953,38.53854381683828
2026-01-06 16:00:00,1.16949,1.16978,1.16855,1.1688,2627,8,1.171100161533498,1.1715103870570505,35.54468919814131
2026-01-06 17:00:00,1.16877,1.17004,1.16867,1.17002,1785,8,1.1709972890064981,1.1714519405057937,43.85041151687656
2026-01-06 18:00:00,1.17002,1.17018,1.16866,1.16877,1951,8,1.1707851662439746,1.1713467663683117,38.391691567150076
2026-01-06 19:00:00,1.16877,1.16906,1.16835,1.16893,1809,8,1.1706084837445483,1.171251991216613,39.43104175260185
2026-01-06 20:00:00,1.16892,1.16928,1.16863,1.16867,1193,8,1.1704238662450677,1.1711507366590987,38.30030149483942
2026-01-06 21:00:00,1.16867,1.16885,1.16842,1.16875,826,8,1.1702644504122042,1.171056590123448,38.88106816095156
2026-01-06 22:00:00,1.1687400000000001,1.1688,1.16839,1.1688,455,8,1.1701249789443753,1.1709680963931166,39.26585152494938
2026-01-06 23:00:00,1.16881,1.16901,1.16864,1.16869,468,8,1.169988314283006,1.170878759279661,38.68877569807783
2026-01-07 00:00:00,1.1687,1.16937,1.16849,1.16915,1375,8,1.1699084748274817,1.1708109647981058,42.4948267437557
2026-01-07 01:00:00,1.16913,1.17001,1.16895,1.16955,1355,8,1.1698743343677216,1.17076151519818,45.6541072691115
2026-01-07 02:00:00,1.16955,1.17023,1.16949,1.1696,1153,8,1.1698482072850815,1.1707159655825652,46.05307946340429
2026-01-07 03:00:00,1.1696,1.16998,1.16957,1.16981,904,8,1.1698445684960261,1.1706804375205038,47.78684286085108
2026-01-07 04:00:00,1.16981,1.17018,1.16905,1.16909,1158,8,1.1697727048297377,1.1706180674216604,42.71775856693067
2026-01-07 05:00:00,1.16909,1.1694,1.16904,1.16926,999,8,1.1697238757983341,1.1705648098757129,44.22222825942256
2026-01-07 06:00:00,1.16925,1.16994,1.16916,1.16972,1048,8,1.1697235066746834,1.1705316800766654,48.187657979996594
2026-01-07 07:00:00,1.1697,1.16986,1.16782,1.1682299999999999,2268,8,1.1695812679437612,1.1704414181128746,38.612072639135484
2026-01-07 08:00:00,1.16822,1.16869,1.1672500000000001,1.16854,2487,8,1.1694820995681647,1.1703668526966835,41.2287752169025
2026-01-07 09:00:00,1.16853,1.16867,1.1681,1.1684,1809,8,1.1693790424664348,1.1702897212183823,40.391416584873085
2026-01-07 10:00:00,1.16839,1.16934,1.16829,1.16882,1946,8,1.1693258003267744,1.1702320850921712,44.06191151022918
2026-01-07 11:00:00,1.16882,1.16921,1.16846,1.16889,1537,8,1.1692842955337481,1.170179454304243,44.673392975073845
2026-01-07 12:00:00,1.16889,1.16911,1.16808,1.1687400000000001,1807,8,1.1692324578638675,1.1701230051158413,43.57417764227264
2026-01-07 13:00:00,1.1687400000000001,1.1694499999999999,1.16821,1.16912,2697,8,1.1692217475911182,1.1700836715818868,47.12371533171401
2026-01-07 14:00:00,1.16911,1.1697899999999999,1.16866,1.16967,2922,8,1.1692644382967259,1.1700674491669107,51.845384858235164
2026-01-07 15:00:00,1.16966,1.16983,1.16795,1.16896,5019,8,1.1692354441732282,1.1700240197878162,46.12000455864586
2026-01-07 16:00:00,1.16896,1.16927,1.16818,1.16888,2390,8,1.1692015923472066,1.1699791562667254,45.510160322201514
2026-01-07 17:00:00,1.16888,1.16944,1.16859,1.16876,1764,8,1.1691595359331868,1.16993134621705,44.55838387119418
2026-01-07 18:00:00,1.16876,1.169,1.16822,1.16829,1355,8,1.169076722987169,1.1698669796987344,40.94641675766126
2026-01-07 19:00:00,1.16827,1.16849,1.16783,1.16822,1457,8,1.1689951303217243,1.1698023922595684,40.42087774317645
2026-01-07 20:00:00,1.16824,1.16836,1.16785,1.16785,1066,8,1.168886070291084,1.1697258278572324,37.66880877242061
2026-01-07 21:00:00,1.16787,1.16791,1.16727,1.16742,613,8,1.1687464445490758,1.1696354032353802,34.71098731333261
2026-01-07 22:00:00,1.16727,1.16768,1.16727,1.16765,379,20,1.1686420212586877,1.1695575442849733,37.53627086585704
2026-01-07 23:00:00,1.16771,1.16774,1.16747,1.16766,355,8,1.168548495424527,1.1694831307836018,37.66257792567686
2026-01-08 00:00:00,1.16766,1.16777,1.16755,1.16755,720,8,1.1684534006221912,1.1694073217332643,36.78151545080848
2026-01-08 01:00:00,1.16753,1.16779,1.16724,1.16744,1013,8,1.1683568862772207,1.1693301718613716,35.87764685875844
2026-01-08 02:00:00,1.16745,1.16804,1.16723,1.16798,1160,8,1.168320992346057,1.1692772239452394,43.25031806825305
2026-01-08 03:00:00,1.1679599999999999,1.16824,1.16784,1.1679599999999999,872,8,1.1682866121226227,1.1692255681042496,43.05287653815229
2026-01-08 04:00:00,1.1679599999999999,1.16809,1.16775,1.16801,691,8,1.1682602681109444,1.1691778987668282,43.744294204817706
2026-01-08 05:00:00,1.16801,1.16825,1.1677,1.1682,1071,8,1.1682545282908545,1.16913954979558,46.40712759982266
2026-01-08 06:00:00,1.16819,1.16827,1.16746,1.1681,1463,8,1.168239811310773,1.16909878313693,45.19459071848255
2026-01-08 07:00:00,1.16808,1.16827,1.16765,1.16774,1852,8,1.1681922102335567,1.169045497523717,41.03759693809756
2026-01-08 08:00:00,1.16777,1.16785,1.16684,1.16712,2087,8,1.168090094973218,1.1689699878169046,35.05703525031585
2026-01-08 09:00:00,1.1671,1.16767,1.1669100000000001,1.16764,1785,8,1.1680472287852925,1.1689178314319282,42.61115514529246
2026-01-08 10:00:00,1.16766,1.16815,1.1675200000000001,1.16794,1605,8,1.1680370165200267,1.1688794851012643,46.47907916075821
2026-01-08 11:00:00,1.16794,1.168,1.16749,1.16773,1178,8,1.1680077768514525,1.1688344072541559,44.2317469998209
2026-01-08 12:00:00,1.16773,1.16775,1.16694,1.16731,1456,8,1.167941321913219,1.1687746265775223,40.059848504517575
2026-01-08 13:00:00,1.16729,1.16775,1.1657899999999999,1.16625,2620,8,1.1677802436357696,1.1686756216136978,31.885784930653926
2026-01-08 14:00:00,1.16626,1.16662,1.16558,1.16642,2783,8,1.1676506966228393,1.168587165864141,34.20452710235287
2026-01-08 15:00:00,1.16643,1.16734,1.1660300000000001,1.16662,2751,8,1.1675525350397118,1.1685100221047628,36.924959871928365
2026-01-08 16:00:00,1.16663,1.1667399999999999,1.1652,1.16543,2303,8,1.1673503888454535,1.168389236924184,29.191131031477667
2026-01-08 17:00:00,1.16543,1.16554,1.16433,1.16504,1882,8,1.167130351812553,1.1682578942997062,27.181784599885702
2026-01-08 18:00:00,1.16502,1.16528,1.16444,1.1645,1368,8,1.1668798421161195,1.1681105258957962,24.651543792352683
2026-01-08 19:00:00,1.16448,1.16503,1.1642299999999999,1.16497,1267,8,1.1666979523907748,1.1679873680175297,30.698224441361276
2026-01-08 20:00:00,1.16497,1.1654200000000001,1.16494,1.16511,1087,8,1.1665467188297487,1.1678745300560578,32.43747990082623
2026-01-08 21:00:00,1.1650800000000001,1.16621,1.16502,1.16574,1051,8,1.1664698884650107,1.167790822995036,39.76361782828387
2026-01-08 22:00:00,1.16562,1.16584,1.16553,1.16584,479,8,1.1664098990873906,1.1677143201324856,40.85983330305067
2026-01-08 23:00:00,1.16584,1.16617,1.1656,1.16575,528,8,1.1663470515552583,1.1676372879704273,40.15161481842841
2026-01-09 00:00:00,1.16577,1.16577,1.16532,1.16532,817,8,1.1662492371214241,1.1675464139323715,36.863980366697795
2026-01-09 01:00:00,1.16531,1.1656900000000001,1.16477,1.16488,1370,8,1.1661188335860504,1.1674418486801217,33.813040580552126
2026-01-09 02:00:00,1.1649,1.16543,1.1645699999999999,1.16538,1134,8,1.1660484684826171,1.1673609918691366,39.900095287618505
2026-01-09 03:00:00,1.1654,1.16587,1.16531,1.16559,958,8,1.166004804817606,1.167291541207602,42.30026826743937
2026-01-09 04:00:00,1.1656,1.16565,1.16516,1.1654,799,8,1.1659472043587862,1.1672173631210292,40.71591526797432
2026-01-09 05:00:00,1.16538,1.1656,1.16497,1.16509,941,8,1.1658655658484256,1.167133937116283,38.201798663556346
2026-01-09 06:00:00,1.16509,1.16524,1.1648100000000001,1.16486,1106,8,1.165769797672385,1.167044763111723,36.405655714848955
2026-01-09 07:00:00,1.1648399999999999,1.16504,1.1639599999999999,1.16502,1781,8,1.1656983883702532,1.1669653606367534,38.569461312716825
2026-01-09 08:00:00,1.16505,1.16526,1.16408,1.16483,2310,8,1.1656156847159433,1.1668816210039394,36.96117339919317
2026-01-09 09:00:00,1.1648399999999999,1.16499,1.16418,1.16421,1571,8,1.1654818099810917,1.1667768515528048,32.23726767098802
2026-01-09 10:00:00,1.16421,1.16464,1.16365,1.16463,1477,8,1.165400685220988,1.1666926612958322,38.01654501495181
2026-01-09 11:00:00,1.16463,1.16465,1.16413,1.1645699999999999,1349,8,1.1653215723427985,1.1666094196763876,37.52418750348044
2026-01-09 12:00:00,1.16458,1.16458,1.16393,1.16412,1771,8,1.1652071368815795,1.1665117953753528,33.970673532772864
2026-01-09 13:00:00,1.16413,1.1660300000000001,1.16253,1.16449,6478,8,1.1651388381309529,1.1664325092822019,39.07909769684125
2026-01-09 14:00:00,1.16449,1.16522,1.16296,1.16364,5747,8,1.1649960916422906,1.1663229991142725,32.80086673917759
2026-01-09 15:00:00,1.1636199999999999,1.16404,1.16178,1.16402,4676,8,1.164903130533501,1.1662326854235168,37.62534414816616
2026-01-09 16:00:00,1.16403,1.16429,1.16279,1.1633,2622,8,1.1647504514350722,1.1661176781520064,32.81773847901192
2026-01-09 17:00:00,1.16328,1.16344,1.16272,1.16311,1853,8,1.1645942179650652,1.1659997299891827,31.667806560070574
2026-01-09 18:00:00,1.16313,1.16395,1.16307,1.16336,1476,8,1.1644766733969638,1.1658962111660776,34.90012914842043
2026-01-09 19:00:00,1.16336,1.16384,1.16326,1.16344,1168,8,1.164377942597253,1.1657998891595647,35.94432416195262
2026-01-09 20:00:00,1.16344,1.16375,1.16336,1.16341,898,8,1.1642857575879908,1.1657061680160523,35.712987946614305
2026-01-09 21:00:00,1.16341,1.16365,1.16291,1.16328,737,8,1.1641899711510393,1.1656110241722855,34.6716432483076
2026-01-11 22:00:00,1.16318,1.16333,1.16302,1.1632,374,48,1.1640956881842737,1.165516474204745,34.014346071114616
2026-01-11 23:00:00,1.16342,1.16346,1.16228,1.16236,705,8,1.163930384547676,1.1653926909025982,28.009900751163883
2026-01-12 00:00:00,1.16234,1.16646,1.1621299999999999,1.16642,3527,8,1.1641674907812307,1.165432977533869,62.48258520187118
2026-01-12 01:00:00,1.16642,1.16709,1.16553,1.16557,2637,8,1.1643010630877801,1.1654383509639132,56.39404530631889
2026-01-12 02:00:00,1.16557,1.16641,1.16536,1.16545,1650,8,1.1644104856508488,1.1654388077888578,55.57076533922346
2026-01-12 03:00:00,1.16545,1.16591,1.16545,1.1655,1103,8,1.1645142489221965,1.1654412074834124,55.85991382168498
2026-01-12 04:00:00,1.16548,1.16581,1.16526,1.16555,755,8,1.1646128918819871,1.1654454738566118,56.16712479733133
2026-01-12 05:00:00,1.16555,1.16708,1.16554,1.16687,1406,8,1.1648278545598931,1.1655013376269407,63.40782248361404
2026-01-12 06:00:00,1.16685,1.1672500000000001,1.16639,1.16695,1602,8,1.165029963649427,1.1655581479160804,63.7981346991073
2026-01-12 07:00:00,1.16695,1.16873,1.1668,1.16844,2952,8,1.1653547290161483,1.1656711617232929,70.17836438569579
2026-01-12 08:00:00,1.16842,1.16914,1.16756,1.16876,2940,8,1.1656790405384199,1.165792292636105,71.34634022362177
2026-01-12 09:00:00,1.1687400000000001,1.16954,1.16809,1.16816,2326,8,1.1659153223919039,1.1658851439052775,66.11750661462037
2026-01-12 10:00:00,1.16814,1.16852,1.16756,1.16852,1873,8,1.1661633869260084,1.1659884715952666,67.64947697113536
2026-01-12 11:00:00,1.16852,1.16892,1.16753,1.16782,1843,8,1.166321159599722,1.1660602962385895,61.79844132807886
2026-01-12 12:00:00,1.1678,1.16871,1.16765,1.16809,2134,8,1.1664896205902249,1.1661398924645272,63.123303549926916
2026-01-12 13:00:00,1.16811,1.16982,1.16774,1.16924,3079,8,1.166751561486394,1.1662614653090555,68.18443918195621
2026-01-12 14:00:00,1.16925,1.16925,1.16737,1.16766,3422,8,1.1668380794400708,1.1663163098067395,56.67550082155942
2026-01-12 15:00:00,1.16769,1.16855,1.1672500000000001,1.16807,2660,8,1.1669554052076831,1.166385081971181,58.627043275419766
2026-01-12 16:00:00,1.16807,1.16818,1.1671,1.16715,2114,8,1.1669739380450466,1.166415078756625,52.87187748694183
2026-01-12 17:00:00,1.16713,1.16754,1.16658,1.16683,2027,8,1.166960229659804,1.1664313501779338,50.9966734520936
2026-01-12 18:00:00,1.16683,1.16713,1.16648,1.16687,1302,8,1.1669516363588703,1.1664485521317403,51.2295230516693
2026-01-12 19:00:00,1.16687,1.16736,1.16673,1.16717,1015,8,1.1669724328961208,1.1664768442050053,53.032112827933595
2026-01-12 20:00:00,1.16718,1.16727,1.16625,1.16649,1120,8,1.1669264869060143,1.1664773601185345,48.64340925936511
2026-01-12 21:00:00,1.16646,1.16684,1.16639,1.16656,697,8,1.1668915833911557,1.1664806008981998,49.11028482852501
2026-01-12 22:00:00,1.16646,1.16683,1.16634,1.16678,506,20,1.166880956401522,1.166492342039447,50.62937282237043
2026-01-12 23:00:00,1.16686,1.16703,1.1665,1.16672,799,8,1.1668656272204245,1.166501269802606,50.18934745594974
2026-01-13 00:00:00,1.16672,1.16672,1.16602,1.16633,1015,8,1.1668146151041936,1.1664945533397588,47.31104925910565
2026-01-13 01:00:00,1.16634,1.16642,1.1656,1.16581,1341,8,1.1667189374752227,1.1664677081107486,43.71153641051322
2026-01-13 02:00:00,1.1657899999999999,1.1661,1.16565,1.16589,922,8,1.166639991049011,1.1664450528907193,44.41223570833808
2026-01-13 03:00:00,1.16589,1.16632,1.16561,1.16584,911,8,1.1665638014252957,1.1664213253263773,44.04321056459934
2026-01-13 04:00:00,1.16584,1.16655,1.16582,1.16652,986,8,1.1665596298609817,1.1664251949214213,50.11412993515927
2026-01-13 05:00:00,1.16653,1.1667,1.1661299999999999,1.16624,1014,8,1.1665291889218405,1.166417932375483,47.813807035196895
2026-01-13 06:00:00,1.16623,1.16626,1.16535,1.16586,1409,8,1.16646545664357,1.1663960526744837,44.80778387867743
2026-01-13 07:00:00,1.16584,1.16644,1.16555,1.16636,1855,8,1.1664554131537062,1.166394638844112,49.322450584774735
2026-01-13 08:00:00,1.16634,1.16686,1.16581,1.16686,2133,8,1.1664939452343055,1.1664128883012057,53.4252742448026
2026-01-13 09:00:00,1.16687,1.16722,1.1663000000000001,1.16713,1695,8,1.1665545218786573,1.1664410103286094,55.51946248021973
2026-01-13 10:00:00,1.16716,1.16742,1.16649,1.16661,1597,8,1.1665598055092614,1.1664476373745463,50.78345962138568
2026-01-13 11:00:00,1.16662,1.167,1.16642,1.16683,1078,8,1.1665855383179031,1.166462631987309,52.62474981466021
2026-01-13 12:00:00,1.16683,1.16689,1.16524,1.16548,1734,8,1.1664802489542934,1.1664240973995714,42.19318927593057
2026-01-13 13:00:00,1.16547,1.16772,1.16498,1.16681,5044,8,1.1665116538157894,1.1664392308348823,52.238048560151014
2026-01-13 14:00:00,1.16682,1.16729,1.1657,1.16636,3820,8,1.166497210595238,1.1664361237433185,49.12751291547617
2026-01-13 15:00:00,1.16633,1.16645,1.16437,1.1651799999999999,3459,8,1.1663717619671201,1.1663868639886785,42.05574854163189
2026-01-13 16:00:00,1.1651799999999999,1.16541,1.16341,1.16453,2622,8,1.1661963560654895,1.166314045793044,38.74704663626067
2026-01-13 17:00:00,1.16452,1.16483,1.1641,1.16458,1787,8,1.1660424173925856,1.1662460439972384,39.14367097097378
2026-01-13 18:00:00,1.1646,1.1654,1.16412,1.16527,1517,8,1.165968853831387,1.1662077677620526,44.48586514125269
2026-01-13 19:00:00,1.16527,1.1653,1.1645699999999999,1.16489,1264,8,1.1658661058474453,1.1661560905949133,42.28439293455789
2026-01-13 20:00:00,1.1649,1.16496,1.16449,1.16452,1069,8,1.1657379052905459,1.1660919301794266,40.198446067800575
2026-01-13 21:00:00,1.16452,1.16463,1.16419,1.1642000000000001,622,8,1.1655914381200179,1.166017736839057,38.43258832670665
2026-01-13 22:00:00,1.1642299999999999,1.16448,1.164,1.16444,632,8,1.1654817773466828,1.1659558648061528,40.54219395373156
2026-01-13 23:00:00,1.1645,1.16454,1.16418,1.16418,496,8,1.1653577985517607,1.1658862230490488,38.98378590653993
2026-01-14 00:00:00,1.16418,1.16434,1.16378,1.16426,964,8,1.165253246308736,1.165822449596145,39.751189336042785
2026-01-14 01:00:00,1.16426,1.16429,1.16364,1.16378,1100,8,1.1651129371364755,1.1657423535335512,36.76352655544954
2026-01-14 02:00:00,1.1638,1.16441,1.16358,1.16431,962,8,1.1650364669330016,1.1656861828067453,41.95143445593565
2026-01-14 03:00:00,1.16431,1.16485,1.16431,1.16466,881,8,1.1650006129393822,1.1656459403437358,45.15155120519701
2026-01-14 04:00:00,1.16467,1.16477,1.1643,1.16437,605,8,1.1649405545642029,1.165595903467511,43.034619092905544
2026-01-14 05:00:00,1.16436,1.16448,1.16413,1.16416,709,8,1.1648662160342789,1.1655395935276085,41.51665131666267
2026-01-14 06:00:00,1.16416,1.16497,1.16411,1.16486,998,8,1.1648656240310142,1.1655129428010356,48.089628902101445
2026-01-14 07:00:00,1.16487,1.16515,1.16442,1.16456,1330,8,1.1648365169804415,1.1654755724951127,45.71811262030961
2026-01-14 08:00:00,1.1645699999999999,1.16502,1.16405,1.16472,2461,8,1.1648254201251613,1.1654459422011867,47.21325643084272
2026-01-14 09:00:00,1.16473,1.16533,1.16456,1.16514,1781,8,1.1648553801132413,1.1654339444678068,51.02657018041471
2026-01-14 10:00:00,1.16515,1.16576,1.16465,1.16546,1895,8,1.1649129629595993,1.1654349662533832,53.766978734719366
2026-01-14 11:00:00,1.16545,1.16547,1.16435,1.16468,1542,8,1.164890776011066,1.1654053597336427,46.88078859542253
2026-01-14 12:00:00,1.16468,1.16596,1.16446,1.16592,2249,8,1.1649887973433455,1.1654255417048724,56.433520863924976
2026-01-14 13:00:00,1.16592,1.16592,1.16445,1.16498,2560,8,1.164987959501122,1.165408069481152,49.2089662180251
2026-01-14 14:00:00,1.16497,1.16595,1.1648399999999999,1.16557,3469,8,1.1650433919295866,1.1654144196975773,53.254043521598334
2026-01-14 15:00:00,1.16555,1.1660300000000001,1.16491,1.16592,3355,8,1.165126878412483,1.1654342463761038,55.51728937387324
2026-01-14 16:00:00,1.16593,1.16612,1.16524,1.1654,2229,8,1.1651528899922465,1.1654329033809625,51.52582190989289
2026-01-14 17:00:00,1.1654,1.16555,1.16452,1.16465,1777,8,1.1651049957072706,1.1654022012875915,46.349813920672524
2026-01-14 18:00:00,1.16465,1.16474,1.16378,1.16378,1564,8,1.1649788056399115,1.1653385855508234,41.18185991902374
2026-01-14 19:00:00,1.16377,1.1639,1.16348,1.16361,1238,8,1.164848443198015,1.1652707978821637,40.23775823230307
2026-01-14 20:00:00,1.1635900000000001,1.16469,1.1635900000000001,1.16429,1715,8,1.1647952581315375,1.1652323352201182,45.6091106911522
2026-01-14 21:00:00,1.1643,1.1646,1.16418,1.16433,883,8,1.1647509478332958,1.1651969495252117,45.91704138075505
2026-01-14 22:00:00,1.16433,1.16449,1.16416,1.1644,345,8,1.1647175242301249,1.1651656966026542,46.487994922166244
2026-01-14 23:00:00,1.16441,1.16466,1.16439,1.16446,675,8,1.1646929981129701,1.1651380222260797,47.00443242302054
2026-01-15 00:00:00,1.1644700000000001,1.16453,1.16354,1.16374,1193,8,1.1646022363879254,1.1650831978250569,41.79215799715512
2026-01-15 01:00:00,1.16374,1.16414,1.16328,1.16384,1819,8,1.1645296424462181,1.1650344449691723,42.741839628071965
2026-01-15 02:00:00,1.16384,1.16406,1.16358,1.164,1039,8,1.164479200308483,1.164993878499793,44.3075012602941
2026-01-15 03:00:00,1.164,1.16411,1.16366,1.1638600000000001,870,8,1.1644202288505323,1.1649494126762718,43.19453485261975
2026-01-15 04:00:00,1.16387,1.16391,1.1634,1.16344,646,8,1.1643268737219101,1.1648902200223004,39.95224439856821
2026-01-15 05:00:00,1.16342,1.16375,1.16332,1.1635,853,8,1.1642481238436329,1.1648357015900535,40.63776420794735
2026-01-15 06:00:00,1.16351,1.16379,1.16295,1.16329,1366,8,1.164156873953763,1.1647750858414239,38.96124407461928
2026-01-15 07:00:00,1.1633,1.1636199999999999,1.16257,1.16285,1879,8,1.1640324097676904,1.164699592279015,35.643258926164194
2026-01-15 08:00:00,1.16283,1.16352,1.16266,1.16305,1837,8,1.1639388469326724,1.1646349023857205,38.21875151629174
2026-01-15 09:00:00,1.16306,1.16394,1.1629800000000001,1.16355,1921,8,1.1639018138914654,1.1645923571941237,44.227837731150935
2026-01-15 10:00:00,1.16354,1.16405,1.16326,1.16354,1691,8,1.1638673554256116,1.1645510882845502,44.135377860216124
2026-01-15 11:00:00,1.16357,1.16376,1.16299,1.16306,1524,8,1.1637904644326962,1.1644926142341758,39.83105083052282
2026-01-15 12:00:00,1.16304,1.16347,1.16199,1.16225,1553,8,1.163643753534344,1.1644046685779337,33.834439952570406
2026-01-15 13:00:00,1.16225,1.16247,1.15984,1.16009,3473,8,1.1633053008167875,1.164235465888603,23.62159499785865
2026-01-15 14:00:00,1.16011,1.16104,1.15928,1.16009,3446,8,1.1629990816913793,1.164072898598854,23.621594997858665
2026-01-15 15:00:00,1.16008,1.1609099999999999,1.15967,1.16021,3021,8,1.162733454863629,1.1639214123792911,25.07869691809846
2026-01-15 16:00:00,1.16021,1.16105,1.15979,1.16042,2172,8,1.1625131258289976,1.1637841020899071,27.678899030011735
2026-01-15 17:00:00,1.16043,1.16133,1.16032,1.16087,1684,8,1.1623566376548073,1.1636698235765774,33.04161341416956
2026-01-15 18:00:00,1.16087,1.16147,1.16086,1.16144,1342,8,1.1622693388305398,1.1635823795147509,39.19232112872508
2026-01-15 19:00:00,1.16143,1.1616900000000001,1.16109,1.16134,1369,8,1.1621808303704884,1.1634944430631922,38.52373354489829
2026-01-15 20:00:00,1.16134,1.16151,1.16025,1.1604,1310,8,1.162011227478061,1.1633730923548318,32.85070962637519
2026-01-15 21:00:00,1.16037,1.16102,1.16029,1.16082,769,8,1.1618977772420551,1.163272971086015,37.29396911017892
2026-01-15 22:00:00,1.16082,1.16087,1.16059,1.16074,350,8,1.1617875127428117,1.1631736388865634,36.79454549766254
2026-01-15 23:00:00,1.16073,1.16097,1.16067,1.16089,453,8,1.1617020353387344,1.1630840844204238,38.45866060947732
2026-01-16 00:00:00,1.16086,1.16094,1.16024,1.16036,972,8,1.1615742224493313,1.1629772575804072,34.95657341804548
2026-01-16 01:00:00,1.16034,1.16083,1.16021,1.16065,1074,8,1.1614862012636806,1.1628859925772541,38.26897583879906
2026-01-16 02:00:00,1.16065,1.16138,1.1605699999999999,1.16094,1317,8,1.1614341820957113,1.1628096791428522,41.47849414407939
2026-01-16 03:00:00,1.16093,1.16122,1.16067,1.16117,839,8,1.1614090218961195,1.1627453779999952,43.96675918447398
2026-01-16 04:00:00,1.16117,1.16132,1.16096,1.1610800000000001,561,8,1.1613776864774414,1.162680069058819,43.19284586449093
2026-01-16 05:00:00,1.1610800000000001,1.1610800000000001,1.1605699999999999,1.16064,739,8,1.1613074306224471,1.1626000663506302,39.529452793725575
2026-01-16 06:00:00,1.16065,1.16094,1.1604,1.16093,861,8,1.1612714848488808,1.1625345735525663,42.963114519832644
2026-01-16 07:00:00,1.1609099999999999,1.16145,1.16077,1.1611799999999999,1863,8,1.1612627720061304,1.1624814530210932,45.81929067763003
2026-01-16 08:00:00,1.1612,1.1614200000000001,1.16082,1.1609,1850,8,1.1612282222912609,1.1624194352555601,43.2094690676921
2026-01-16 09:00:00,1.1609,1.16148,1.16079,1.1608100000000001,1402,8,1.161188391596855,1.1623563201474991,42.37399866115805
2026-01-16 10:00:00,1.16083,1.16171,1.16076,1.16125,1466,8,1.1611942590638211,1.1623129350436758,47.698301888445066
2026-01-16 11:00:00,1.16125,1.16229,1.16122,1.16188,1584,8,1.1612595677244097,1.1622959571988258,54.220419963466114
2026-01-16 12:00:00,1.16188,1.16217,1.16131,1.16186,1726,8,1.1613167517506564,1.1622788608380876,53.990242776986726
2026-01-16 13:00:00,1.16184,1.16208,1.16112,1.1618,2274,8,1.161362775393451,1.1622600819816922,53.25976902195864
2026-01-16 14:00:00,1.1618,1.1620300000000001,1.16122,1.16178,2233,8,1.1614025110702653,1.1622412552373123,53.00234572054514
2026-01-16 15:00:00,1.1618,1.1627,1.15841,1.15934,6450,8,1.1612060814445258,1.1621274805221236,32.4167754116816
2026-01-16 16:00:00,1.1593499999999999,1.16055,1.1593499999999999,1.15981,3289,8,1.1610731213069518,1.1620365989330208,37.455811726065775
2026-01-16 17:00:00,1.15982,1.16024,1.15946,1.15953,1941,8,1.1609261573729563,1.1619383009356476,35.74587752610863
2026-01-16 18:00:00,1.15951,1.15989,1.1589,1.15953,1374,8,1.1607931900041033,1.1618438577617007,35.74587752610863
2026-01-16 19:00:00,1.15951,1.15972,1.15912,1.1596,1276,8,1.1606795528608553,1.1617558633396732,36.585259770833964
2026-01-16 20:00:00,1.15962,1.16018,1.15952,1.1599,1018,8,1.16060530973125,1.1616830843851762,40.1913037200314
2026-01-16 21:00:00,1.15992,1.16019,1.15972,1.15983,714,8,1.1605314707092262,1.161610414409287,39.6251001038802
2026-01-18 22:00:00,1.1577,1.1585,1.15749,1.15827,538,48,1.1603160925464429,1.1614794177657854,29.612844770137855
2026-01-18 23:00:00,1.15843,1.16268,1.15775,1.16239,3691,8,1.1605136075420197,1.1615151268730095,59.04514629700057
2026-01-19 00:00:00,1.16238,1.16376,1.16044,1.16316,4352,8,1.1607656449189703,1.161579631701519,62.22436751376091
2026-01-19 01:00:00,1.16316,1.16342,1.16217,1.16223,2343,8,1.1609051073076397,1.1616051363406752,56.517769393752324
2026-01-19 02:00:00,1.16225,1.16235,1.16155,1.16174,1736,8,1.1609846208973884,1.161610425111629,53.72221147134685
2026-01-19 03:00:00,1.16175,1.16258,1.16157,1.16242,1219,8,1.1611213236690658,1.161642173146467,56.90773160375838
2026-01-19 04:00:00,1.16242,1.16334,1.16242,1.16326,1136,8,1.1613250071291548,1.1617056173368017,60.522743853274115
2026-01-19 05:00:00,1.16328,1.16371,1.16265,1.16275,1220,8,1.1614607207359018,1.1617465735196721,57.37562310926534
2026-01-19 06:00:00,1.16273,1.1632,1.16246,1.16275,1372,8,1.1615835092372444,1.1617859235777244,57.37562310926534
2026-01-19 07:00:00,1.16278,1.16413,1.16227,1.16258,2738,8,1.1616784131194116,1.1618170638295784,56.24497710308506
2026-01-19 08:00:00,1.16259,1.16276,1.16182,1.16247,2387,8,1.1617538023461342,1.1618426691695949,55.48309397492361
2026-01-19 09:00:00,1.16247,1.16294,1.1610800000000001,1.16239,2263,8,1.1618143925988833,1.1618641331237285,54.90063682702193
2026-01-19 10:00:00,1.1623999999999999,1.16281,1.16215,1.16237,1733,8,1.1618673075894657,1.1618839710404452,54.7459050049686
2026-01-19 11:00:00,1.16238,1.16286,1.16198,1.16276,1436,8,1.1619523259142783,1.1619183251172904,57.27466179225092
2026-01-19 12:00:00,1.16276,1.16329,1.16246,1.16254,1624,8,1.1620082948748234,1.1619427045244555,55.39423469358605
2026-01-19 13:00:00,1.16254,1.1635,1.16254,1.16317,1839,8,1.1621189334581736,1.1619908337587905,59.49534505703037
2026-01-19 14:00:00,1.16314,1.16422,1.16299,1.16393,1821,8,1.1622914159859667,1.16206687949374,63.81720153875149
2026-01-19 15:00:00,1.16394,1.16431,1.16315,1.16394,2212,8,1.1624484239873032,1.162140335199868,63.87182541482713
2026-01-19 16:00:00,1.16394,1.16469,1.16372,1.16417,1393,8,1.1626123836075601,1.1622199298979126,65.17407879524498
2026-01-19 17:00:00,1.16418,1.16465,1.16394,1.1645699999999999,997,8,1.162798823263983,1.1623120895097592,67.37648330555324
2026-01-19 18:00:00,1.16456,1.1648399999999999,1.16429,1.1643,652,8,1.162941792476937,1.1623900467838864,64.41525650424175
2026-01-19 19:00:00,1.1643,1.16464,1.1642299999999999,1.16428,486,8,1.1630692408124668,1.162464162596283,64.19020443740322
2026-01-19 20:00:00,1.16428,1.16449,1.16415,1.16449,434,8,1.1632045512112794,1.1625436072003505,65.55115669939401
2026-01-19 21:00:00,1.16449,1.1646,1.16426,1.1644,435,8,1.163318403476872,1.1626164069179838,64.42115919728683
2026-01-19 22:00:00,1.1644,1.16459,1.1642299999999999,1.16448,323,20,1.16342903171717,1.1626894889996315,64.99874027937162
2026-01-19 23:00:00,1.16454,1.16463,1.16381,1.1639,594,8,1.1634738858393443,1.1627369600192539,57.68698425792164
2026-01-20 00:00:00,1.16392,1.16406,1.16323,1.16398,1101,8,1.1635220871879781,1.1627857066851655,58.38239360992723
2026-01-20 01:00:00,1.16399,1.16435,1.16385,1.16432,1552,8,1.1635980788843612,1.1628458750504531,61.29391139394924
2026-01-20 02:00:00,1.16433,1.16461,1.16401,1.16439,1027,8,1.1636734999429934,1.162906428970043,61.88511995250053
2026-01-20 03:00:00,1.16438,1.16584,1.16435,1.1656,1224,8,1.1638569761388988,1.163012059206512,70.3233039078463
2026-01-20 04:00:00,1.1656,1.1666400000000001,1.16556,1.16651,1164,8,1.1641096450780513,1.1631492333552762,74.83546015787383
2026-01-20 05:00:00,1.16651,1.16721,1.16626,1.1663000000000001,1340,8,1.164318250308713,1.1632727928315398,72.11068429423473
2026-01-20 06:00:00,1.16631,1.16686,1.16619,1.16681,1617,8,1.1645555598031214,1.163411506838146,74.53557816071252
2026-01-20 07:00:00,1.1668,1.16934,1.16637,1.16885,3207,8,1.164964554107586,1.1636247810797875,81.47423839997538
2026-01-20 08:00:00,1.16887,1.17215,1.16867,1.17161,4813,8,1.1655974537163871,1.163937926919796,86.73902572875427
2026-01-20 09:00:00,1.17161,1.17324,1.17154,1.17254,3950,8,1.1662586486005406,1.1642752631190196,87.97871852497475
2026-01-20 10:00:00,1.17258,1.17316,1.17151,1.17304,3452,8,1.1669044915909652,1.164618978290823,88.59597889740395
2026-01-20 11:00:00,1.17306,1.17387,1.17219,1.17344,2621,8,1.1675269209632544,1.1649649007107907,89.07909437884155
2026-01-20 12:00:00,1.17342,1.17433,1.17252,1.17255,2655,8,1.1680053094429446,1.1652623555848773,80.87000282322428
2026-01-20 13:00:00,1.17256,1.17692,1.1718,1.17329,8194,8,1.1685086133055214,1.1655771651697842,82.32823175351066
2026-01-20 14:00:00,1.17329,1.17367,1.1715,1.17191,5481,8,1.1688325548954717,1.1658255116337144,71.39801025156746
2026-01-20 15:00:00,1.17192,1.1736900000000001,1.17159,1.17268,4211,8,1.1691989782387602,1.166094315099059,73.51120129138242
2026-01-20 16:00:00,1.17267,1.1739,1.17266,1.17384,3206,8,1.1696409803112593,1.1663980674481156,76.34644784473983
2026-01-20 17:00:00,1.17383,1.17422,1.17293,1.17311,2457,8,1.1699713631387585,1.166661280489366,71.1828379870039
2026-01-20 18:00:00,1.1731,1.17337,1.17261,1.17263,1628,8,1.170224566649353,1.1668953479211555,67.92952230322115
2026-01-20 19:00:00,1.17264,1.17279,1.17111,1.17118,1991,8,1.1703155603017954,1.167063373492875,59.13685606040211
2026-01-20 20:00:00,1.17118,1.17201,1.17105,1.17191,2051,8,1.1704674117016243,1.167253437277468,61.81650122746413
2026-01-20 21:00:00,1.1718899999999999,1.17261,1.17171,1.17252,700,8,1.1706628963014696,1.16745996914894,63.94421000796032
2026-01-20 22:00:00,1.17248,1.17254,1.17199,1.17218,498,20,1.1708073823679963,1.1676450683980013,61.87462711716796
2026-01-20 23:00:00,1.17224,1.1728399999999999,1.17214,1.17269,718,8,1.1709866792853298,1.1678429088529816,63.76888557135794
2026-01-21 00:00:00,1.17267,1.17267,1.17163,1.17233,1210,8,1.171114614591489,1.1680188732116883,61.44801974427432
2026-01-21 01:00:00,1.17235,1.17339,1.1722299999999999,1.17287,1727,8,1.1712817941542044,1.1682091134778967,63.58870712533291
2026-01-21 02:00:00,1.17287,1.17313,1.17239,1.17261,1214,8,1.1714082899490421,1.1683816972630774,61.80910353059743
2026-01-21 03:00:00,1.17261,1.17287,1.171,1.17184,1775,8,1.1714494051919904,1.1685173169782508,56.74424668676711
2026-01-21 04:00:00,1.17184,1.17202,1.17136,1.17178,1119,8,1.1714808904118008,1.1686452653320447,56.356716426523214
2026-01-21 05:00:00,1.17177,1.17212,1.17153,1.17172,1044,8,1.171503662753534,1.1687658431621606,55.945252555835125
2026-01-21 06:00:00,1.17172,1.17246,1.17151,1.17232,1244,8,1.1715814091579595,1.1689052218616838,59.15663634265101
2026-01-21 07:00:00,1.1723,1.17251,1.17096,1.17165,2702,8,1.1715879416191064,1.1690128602200491,54.38884171166703
2026-01-21 08:00:00,1.17167,1.17184,1.17046,1.17097,2566,8,1.1715290900363344,1.1690896107996551,49.98555112789448
2026-01-21 09:00:00,1.17097,1.1712500000000001,1.1701,1.17033,1942,8,1.1714148909852549,1.1691382535133943,46.19487179586893
2026-01-21 10:00:00,1.17033,1.17082,1.17009,1.17066,1988,8,1.1713429966057067,1.1691979298462023,48.36907973710824
2026-01-21 11:00:00,1.17066,1.172,1.17034,1.17138,2207,8,1.1713465207384968,1.1692835012247826,52.84618666601081
2026-01-21 12:00:00,1.17139,1.17355,1.17115,1.17343,2142,8,1.1715449473348303,1.1694461090198893,62.75031489939995
2026-01-21 13:00:00,1.1734499999999999,1.17427,1.17282,1.17392,2826,8,1.1717711428267512,1.1696215557249916,64.66096442278047
2026-01-21 14:00:00,1.17391,1.17403,1.1715,1.17246,7345,8,1.1718367482718224,1.169732867265188,55.52257821486582
2026-01-21 15:00:00,1.17243,1.17283,1.17003,1.17016,4642,8,1.1716770579602203,1.169749617568514,44.784736109494844
2026-01-21 16:00:00,1.17016,1.17104,1.16943,1.1703000000000001,4271,8,1.1715459095830565,1.1697712011932782,45.475962451357155
2026-01-21 17:00:00,1.17033,1.17111,1.16965,1.17026,2840,8,1.171423442003718,1.169790369773934,45.30146462944529
2026-01-21 18:00:00,1.17025,1.17032,1.16932,1.16966,1881,8,1.171255495146221,1.1697852572337797,42.65736349012679
2026-01-21 19:00:00,1.16967,1.1705,1.16767,1.1691,5019,8,1.1710502098942002,1.1697583844010824,40.293500617143174
2026-01-21 20:00:00,1.16912,1.16917,1.1676,1.16864,2494,8,1.1708206660947527,1.1697145261892752,38.41057333633484
2026-01-21 21:00:00,1.16866,1.1689,1.16835,1.16848,842,8,1.1705977455143002,1.169666113397539,37.7497887437884
2026-01-21 22:00:00,1.16842,1.16855,1.16819,1.16855,406,8,1.170402722131986,1.1696223442446942,38.25029183995902
2026-01-21 23:00:00,1.16854,1.16854,1.16694,1.16727,1003,8,1.1701043676432255,1.1695300954507846,33.021936568219104
2026-01-22 00:00:00,1.16726,1.16894,1.16724,1.16868,1735,8,1.1699687135819659,1.1694967583742832,42.36724324290031
2026-01-22 01:00:00,1.16868,1.16898,1.16808,1.16885,1634,8,1.1698621694313023,1.169471395300782,43.39277086070411
2026-01-22 02:00:00,1.16885,1.16932,1.1683,1.16853,1244,8,1.1697352961521306,1.1694344778380061,41.88202511478902
2026-01-22 03:00:00,1.16853,1.16899,1.16846,1.16887,877,8,1.1696528869947849,1.169412341452202,44.10857683263533
2026-01-22 04:00:00,1.16886,1.1696900000000001,1.16885,1.16912,923,8,1.1696021358524245,1.1694008770815274,45.75421403002092
2026-01-22 05:00:00,1.1691,1.16917,1.1684,1.1688,960,8,1.1695257419617173,1.1693773132744085,43.96963241243585
2026-01-22 06:00:00,1.1688,1.16916,1.16838,1.1688,1431,8,1.169456623679649,1.1693546735381573,43.96963241243585
2026-01-22 07:00:00,1.1688,1.16956,1.16843,1.16903,2201,8,1.169415992853016,1.1693419412425434,45.73396568885902
2026-01-22 08:00:00,1.16902,1.16947,1.16837,1.16885,2486,8,1.1693620887717762,1.1693226494291105,44.551605322019846
2026-01-22 09:00:00,1.16887,1.16971,1.16872,1.16925,2143,8,1.1693514136506546,1.1693198004318903,47.78233498665257
2026-01-22 10:00:00,1.16923,1.16951,1.16863,1.16948,1652,8,1.16936365996964,1.1693260827678948,49.60073074608805
2026-01-22 11:00:00,1.16948,1.17037,1.169,1.17017,2858,8,1.1694404542582457,1.1693591775613108,54.69754321926775
2026-01-22 12:00:00,1.17016,1.17086,1.16997,1.17033,1923,8,1.1695251729003178,1.1693972490294948,55.81343037194248
2026-01-22 13:00:00,1.17032,1.17182,1.17024,1.17135,3286,8,1.1696989659574304,1.1694738274989263,62.20487689494031
2026-01-22 14:00:00,1.17137,1.17252,1.17103,1.17195,3532,8,1.1699133501519607,1.16957093230289,65.3773967827403
2026-01-22 15:00:00,1.17199,1.17336,1.1718,1.17336,3237,8,1.1702416025184408,1.1697195231929727,71.44368797515747
2026-01-22 16:00:00,1.17336,1.1750099999999999,1.17329,1.17383,3031,8,1.1705833546595417,1.1698807183618758,73.13349875546251
2026-01-22 17:00:00,1.17381,1.17475,1.17263,1.17465,2871,8,1.1709706542157758,1.1700677490143512,75.82170345167276
2026-01-22 18:00:00,1.17463,1.17483,1.17427,1.1747,1346,8,1.1713258300047495,1.1702494059157493,75.97952765326812
2026-01-22 19:00:00,1.1747,1.17477,1.17409,1.17436,1335,8,1.1716147985757257,1.170410605683759,72.5132841237159
2026-01-22 20:00:00,1.17436,1.17524,1.17415,1.17487,1250,8,1.1719248177589898,1.1705854838922392,74.3998862518436
2026-01-22 21:00:00,1.17486,1.17555,1.17468,1.1752,927,8,1.1722367398771814,1.1707664453082298,75.56841026305342
2026-01-22 22:00:00,1.17521,1.17548,1.17493,1.17546,475,20,1.1725437170317357,1.1709505062765344,76.47934900948648
2026-01-22 23:00:00,1.17554,1.1759,1.17529,1.17535,729,8,1.1728109820763324,1.1711230354421605,75.20182274996289
2026-01-23 00:00:00,1.17535,1.17535,1.17476,1.17477,1085,8,1.1729975552119198,1.171266053660115,68.6867590007983
2026-01-23 01:00:00,1.17477,1.17536,1.17466,1.17489,1634,8,1.1731777880488798,1.1714081692028557,69.27975654038624
2026-01-23 02:00:00,1.17487,1.17497,1.17437,1.1745,1102,8,1.1733037129966055,1.1715294174694104,64.97322772608052
2026-01-23 03:00:00,1.17449,1.17484,1.17432,1.17435,1078,8,1.1734033593778812,1.1716400285490414,63.34233129142983
2026-01-23 04:00:00,1.17435,1.17507,1.17429,1.17497,690,8,1.1735525632466544,1.1717706156647654,67.0265197907152
2026-01-23 05:00:00,1.17497,1.17536,1.17494,1.17505,909,8,1.1736951762707826,1.1718992189720294,67.48067211617587
2026-01-23 06:00:00,1.17505,1.17527,1.17411,1.17419,1855,8,1.1737423023402318,1.1719890535221458,58.20048917926291
2026-01-23 07:00:00,1.17419,1.17471,1.17348,1.17358,3751,8,1.1737268449744953,1.1720514435801008,52.66777567504905
2026-01-23 08:00:00,1.17357,1.17449,1.17281,1.174,3022,8,1.1737528597388291,1.172127857557352,55.78444526849732
2026-01-23 09:00:00,1.1739600000000001,1.17447,1.17347,1.17352,2521,8,1.1737306826208456,1.1721824513786323,51.60247436382639
2026-01-23 10:00:00,1.17354,1.17358,1.17297,1.17343,1628,8,1.173702046180765,1.17223137485398,50.832990523427746
2026-01-23 11:00:00,1.17344,1.174,1.17304,1.17371,1923,8,1.173702803687359,1.172289360153824,53.172527429162365
2026-01-23 12:00:00,1.17372,1.17442,1.17362,1.1742,1567,8,1.1737501557171341,1.1723642872066151,57.02626339780167
2026-01-23 13:00:00,1.17421,1.1747,1.17324,1.17338,1990,8,1.1737149027916929,1.1724041190808656,49.66083943560096
2026-01-23 14:00:00,1.17339,1.17478,1.17315,1.17464,2396,8,1.1738030072877221,1.1724918006855376,58.52521846876777
2026-01-23 15:00:00,1.17466,1.1761,1.17454,1.17575,2674,8,1.173988435165082,1.1726195732076734,64.46225044690166
2026-01-23 16:00:00,1.17575,1.1775,1.17461,1.17703,3494,8,1.1742781080065028,1.1727925311210978,69.82622388848644
2026-01-23 17:00:00,1.17702,1.17983,1.17685,1.17939,5105,8,1.1747649548630263,1.1730512553908587,76.78400441812708
2026-01-23 18:00:00,1.17939,1.17951,1.17767,1.17916,3790,8,1.1751835305903573,1.1732908140029819,74.96962986934854
2026-01-23 19:00:00,1.1791800000000001,1.18147,1.1791,1.18113,2840,8,1.1757498610103234,1.1735982330616885,79.44895995037562
2026-01-23 20:00:00,1.18113,1.18263,1.18094,1.18207,2922,8,1.1763517790093403,1.1739304592161321,81.17965184210756
2026-01-23 21:00:00,1.18208,1.18331,1.18203,1.18275,2173,8,1.176961133389403,1.1742763235605975,82.33838168151293
2026-01-25 22:00:00,1.18601,1.18851,1.18468,1.18851,1070,48,1.1780610254475552,1.174834506950378,88.69029037390848
2026-01-25 23:00:00,1.18894,1.18973,1.18541,1.18597,4807,8,1.1788142611192165,1.1752711929523239,75.75233389702117
2026-01-26 00:00:00,1.186,1.18628,1.18442,1.18607,4970,8,1.1795052838697673,1.1756946755816446,75.9013841353609
2026-01-26 01:00:00,1.1861,1.18688,1.18543,1.18574,4253,8,1.1800990663583608,1.1760886098725605,74.27873049805913
2026-01-26 02:00:00,1.18574,1.18761,1.18556,1.18673,3513,8,1.1807305838480409,1.1765059192893228,75.94049242445973
2026-01-26 03:00:00,1.18674,1.18674,1.1858,1.18621,2275,8,1.1812524330053704,1.1768864714740552,73.2630851441226
2026-01-26 04:00:00,1.18622,1.1869,1.18552,1.18589,2286,8,1.181694106052478,1.1772395510240923,71.59035130507746
2026-01-26 05:00:00,1.18589,1.18696,1.18575,1.18648,1990,8,1.1821499054760514,1.1776019215721671,72.82243144242017
2026-01-26 06:00:00,1.18648,1.18655,1.18502,1.18513,2780,8,1.1824337240021419,1.1778971403340428,65.7915518061491
2026-01-26 07:00:00,1.18515,1.18624,1.18364,1.18385,3799,8,1.1825686074305093,1.178130585811139,59.8876064629242
2026-01-26 08:00:00,1.18387,1.18592,1.1837900000000001,1.18531,4411,8,1.1828296924371273,1.1784121314656042,63.87019455307658
2026-01-26 09:00:00,1.18533,1.1867,1.18415,1.1863299999999999,3748,8,1.1831630550621628,1.178722636114012,66.3814871190304
2026-01-26 10:00:00,1.18635,1.18651,1.18531,1.18602,2769,8,1.1834351450562426,1.179008807246796,64.90491228973262
2026-01-26 11:00:00,1.18602,1.18604,1.18483,1.18556,2396,8,1.1836375121937432,1.1792657167665292,62.67700289095937
2026-01-26 12:00:00,1.18554,1.18569,1.18399,1.18419,2265,8,1.1836901300800535,1.17945882591294,56.46093894749636
2026-01-26 13:00:00,1.18419,1.18565,1.18346,1.18554,2997,8,1.1838663081676675,1.1796973033281188,60.60690066946694
2026-01-26 14:00:00,1.18553,1.18792,1.1852,1.18787,3797,8,1.1842476121516992,1.18001780123682,66.53069253722614
2026-01-26 15:00:00,1.18787,1.18967,1.187,1.18948,4113,8,1.1847459348039184,1.180388867854984,69.8990242368503
2026-01-26 16:00:00,1.18949,1.19066,1.18798,1.18853,4268,8,1.1851063219654498,1.1807081279391025,65.69756811049584
2026-01-26 17:00:00,1.18854,1.1891,1.18744,1.18785,2936,8,1.185367624635407,1.1809882013532553,62.788340407242266
2026-01-26 18:00:00,1.18787,1.189,1.18778,1.18787,2540,8,1.1856059460987016,1.1812580758099904,62.840460419754926
2026-01-26 19:00:00,1.18789,1.18813,1.18702,1.18787,2645,8,1.1858215702797776,1.1815173669546968,62.840460419754926
2026-01-26 20:00:00,1.18789,1.18834,1.18769,1.18822,1923,8,1.186049992157894,1.1817802153094146,63.86760053321579
2026-01-26 21:00:00,1.18821,1.1886,1.18737,1.18788,1241,8,1.1862242786190471,1.1820194225521827,62.07263905688353
2026-01-26 22:00:00,1.18788,1.18788,1.1872,1.18771,414,20,1.1863657758934236,1.182242582452097,61.14728822199492
2026-01-26 23:00:00,1.18775,1.18817,1.1871,1.18733,895,8,1.1864576067607164,1.182442089022603,59.02897201129361
2026-01-27 00:00:00,1.18733,1.18824,1.18722,1.18768,1828,8,1.1865740251644576,1.1826474972962266,60.39006212804397
2026-01-27 01:00:00,1.18766,1.18811,1.1873,1.18784,1854,8,1.1866945941964142,1.1828511248532374,61.02745240958024
2026-01-27 02:00:00,1.18784,1.1898900000000001,1.18759,1.18932,1781,8,1.186944632844375,1.183104806231542,66.41160056101626
2026-01-27 03:00:00,1.18931,1.18931,1.18789,1.18794,1606,8,1.1870394297163391,1.1832944216734422,58.3209270090707
2026-01-27 04:00:00,1.18795,1.18822,1.18695,1.18729,1421,8,1.1870632935528782,1.1834511110195818,54.92668301761481
2026-01-27 05:00:00,1.1873,1.1878199999999999,1.18716,1.18762,1244,8,1.1871163132145088,1.1836145968619511,56.31669763930883
2026-01-27 06:00:00,1.18764,1.18812,1.18704,1.18714,1687,8,1.1871185690988415,1.183752847965404,53.72155972039807
2026-01-27 07:00:00,1.18714,1.18753,1.18606,1.18636,2614,8,1.1870463244227614,1.1838550892216628,49.71263334199383
2026-01-27 08:00:00,1.18638,1.18671,1.18497,1.18603,2948,8,1.1869495316205936,1.183940379840421,48.077965316102144
2026-01-27 09:00:00,1.18603,1.18895,1.18586,1.18886,3253,8,1.1871314809900608,1.184133306121189,60.17279607677727
2026-01-27 10:00:00,1.18887,1.18896,1.18738,1.18883,3546,8,1.187293244705293,1.1843174901948677,60.01320287016606
2026-01-27 11:00:00,1.18885,1.18967,1.18848,1.18949,2314,8,1.1875024594952652,1.1845203337166377,62.377331838422556
2026-01-27 12:00:00,1.18948,1.19339,1.18937,1.19276,5647,8,1.1880031776385733,1.1848434578846128,71.39959086723579
2026-01-27 13:00:00,1.19275,1.19382,1.19136,1.19232,6081,8,1.1884143035777568,1.185136655614628,69.00177638946992
2026-01-27 14:00:00,1.19229,1.19553,1.19179,1.19439,6487,8,1.1889834175227323,1.1854995318650348,73.50910160022494
2026-01-27 15:00:00,1.19433,1.19721,1.1943,1.19506,6833,8,1.1895621396634246,1.1858744521840532,74.78699839132926
2026-01-27 16:00:00,1.19504,1.19897,1.19493,1.19788,5167,8,1.1903543168383366,1.1863452579807572,79.31078486067118
2026-01-27 17:00:00,1.19791,1.19834,1.19585,1.19798,4939,8,1.1910805723775426,1.1868015223736688,79.45158125343602
2026-01-27 18:00:00,1.19798,1.19872,1.19712,1.19774,3488,8,1.1917148035796814,1.187230482280584,78.07825557872638
2026-01-27 19:00:00,1.19774,1.19805,1.19707,1.19767,2567,8,1.1922819651435212,1.1876398751323258,77.65663573008558
2026-01-27 20:00:00,1.19766,1.20829,1.19715,1.20293,17316,8,1.193296063701281,1.1882394878722347,84.45118475903392
2026-01-27 21:00:00,1.20296,1.20496,1.20228,1.20385,7280,8,1.1943012004916354,1.1888516648184217,85.29356146619124
2026-01-27 22:00:00,1.20382,1.20395,1.20341,1.20388,665,20,1.1952134671114796,1.1894410112961307,85.32148749645302
2026-01-27 23:00:00,1.20408,1.20444,1.20159,1.20227,2589,8,1.1958855178627672,1.189944108892361,76.88375797192093
2026-01-28 00:00:00,1.2022599999999999,1.20234,1.20076,1.20149,3828,8,1.1964192780663132,1.1903968889357979,73.11145952129995
2026-01-28 01:00:00,1.20148,1.20159,1.19925,1.19925,3401,8,1.196688870631426,1.190744069761845,63.478953294884995
2026-01-28 02:00:00,1.19925,1.2,1.19868,1.19971,2481,8,1.196976597237957,1.1910956748692236,64.51294788294742
2026-01-28 03:00:00,1.19974,1.20046,1.1994799999999999,1.19964,1667,8,1.1972302546438658,1.1914307464429796,64.21500264664834
2026-01-28 04:00:00,1.19964,1.20013,1.19909,1.2,1511,8,1.1974940399158787,1.1917667956020785,65.10750772123623
2026-01-28 05:00:00,1.19998,1.20006,1.19745,1.19965,4038,8,1.1976993694476998,1.1920759408725852,63.45060987868023
2026-01-28 06:00:00,1.19964,1.20068,1.19899,1.1995,2612,8,1.1978708580717286,1.1923670804462092,62.71400080101371
2026-01-28 07:00:00,1.19951,1.20254,1.19839,1.19912,5095,8,1.1979898239696591,1.1926319008208677,60.78868903787718
2026-01-28 08:00:00,1.19914,1.20046,1.19699,1.1979899999999999,6342,8,1.1979898407344536,1.1928420223573042,55.34726863403328
2026-01-28 09:00:00,1.19801,1.19925,1.19748,1.19864,4208,8,1.1980517606645056,1.1930693940295667,57.69322034488773
2026-01-28 10:00:00,1.19863,1.19945,1.19722,1.19885,3637,8,1.1981277834583621,1.1932960844597797,58.45267994438671
2026-01-28 11:00:00,1.19888,1.19895,1.19613,1.19679,3447,8,1.1980003755099466,1.1934331007554746,49.13481084875353
2026-01-28 12:00:00,1.19678,1.19831,1.19656,1.19797,3326,8,1.1979974826042374,1.193611018372907,53.688854327195045
2026-01-28 13:00:00,1.19797,1.19806,1.19514,1.19573,4473,8,1.1977815318800245,1.1936941156916165,45.382416473299216
2026-01-28 14:00:00,1.19573,1.19772,1.19524,1.19623,4539,8,1.1976337669390698,1.1937935621350826,47.34086027076446
2026-01-28 15:00:00,1.19623,1.19698,1.19228,1.19432,15646,8,1.1973181700877298,1.1938142067572364,41.255228451368374
2026-01-28 16:00:00,1.1943,1.19522,1.1918199999999999,1.19403,6071,8,1.1970050110317556,1.1938226692373448,40.40592307152722
2026-01-28 17:00:00,1.19404,1.1943,1.1927699999999999,1.19406,3161,8,1.196724533790636,1.1938319763260765,40.54228747462216
2026-01-28 18:00:00,1.19408,1.1942,1.19139,1.19213,3502,8,1.1962869591439087,1.1937652321564265,34.99451507040864
2026-01-28 19:00:00,1.19215,1.19415,1.18957,1.19402,11047,8,1.1960710582730603,1.193775223052253,43.19246910704246
2026-01-28 20:00:00,1.1939899999999999,1.19499,1.1929,1.19451,4567,8,1.1959223860565782,1.1938040378345174,45.12466700158505
2026-01-28 21:00:00,1.19453,1.19535,1.19414,1.19533,1746,8,1.195865968336904,1.1938638794880658,48.29414589059862
2026-01-28 22:00:00,1.19536,1.19553,1.19513,1.19553,365,20,1.195833971352437,1.1939292175473573,49.066847959502965
2026-01-28 23:00:00,1.19557,1.19795,1.19519,1.19795,2346,8,1.1960354978903003,1.194086895290598,57.36863599416854
2026-01-29 00:00:00,1.19805,1.19848,1.19685,1.19735,3304,8,1.1961606885674145,1.1942148601811629,54.97606250499205
2026-01-29 01:00:00,1.19734,1.19734,1.19565,1.19611,3241,8,1.1961558610848038,1.1942891793897448,50.30656109717952
2026-01-29 02:00:00,1.19611,1.19753,1.19529,1.1972800000000001,2493,8,1.19626292193387,1.1944064664725,54.254698289114145
2026-01-29 03:00:00,1.19726,1.19866,1.19701,1.1985999999999999,2060,8,1.196485500797311,1.1945709187676963,58.28179069339375
2026-01-29 04:00:00,1.19861,1.19904,1.1975,1.19898,2356,8,1.1967230721499482,1.194743823914061,59.390125804347434
2026-01-29 05:00:00,1.19896,1.19932,1.198,1.19807,1930,8,1.1968513509928103,1.194874262191941,55.581911415947914
2026-01-29 06:00:00,1.19805,1.19888,1.19747,1.19842,2351,8,1.197000746136352,1.1950133107334335,56.73110781331465
2026-01-29 07:00:00,1.1984,1.19964,1.1967,1.19737,3833,8,1.1970359131709851,1.1951057299203576,52.354902554851414
2026-01-29 08:00:00,1.1973799999999999,1.19854,1.1961,1.19682,5002,8,1.1970153500118437,1.1951729561979907,50.171703473305584
2026-01-29 09:00:00,1.1968,1.19739,1.1951100000000001,1.19555,3734,8,1.1968757928678586,1.1951877422294421,45.45790397253963
2026-01-29 10:00:00,1.19558,1.19577,1.19383,1.1942,3425,8,1.196620955451872,1.1951490072400524,41.04350638283407
2026-01-29 11:00:00,1.19422,1.19527,1.19376,1.19467,2995,8,1.1964351501707413,1.1951302226424032,43.11465474729523
2026-01-29 12:00:00,1.19467,1.1962,1.19418,1.1960600000000001,2893,8,1.1963994215830516,1.195166684499564,48.83893355305062
2026-01-29 13:00:00,1.19608,1.1970399999999999,1.19397,1.19559,6290,8,1.1963223338132372,1.1951832851074244,47.112598152695824
2026-01-29 14:00:00,1.19561,1.1971,1.19518,1.19699,6106,8,1.1963859210691192,1.1952541366718392,52.498753459961655
2026-01-29 15:00:00,1.19698,1.19721,1.19057,1.19291,15749,8,1.1960548809672984,1.195162209743532,39.78302482393079
2026-01-29 16:00:00,1.19288,1.19524,1.19269,1.1942300000000001,7706,8,1.1958810827799367,1.1951256524986875,44.469260918840426
2026-01-29 17:00:00,1.1942599999999999,1.19611,1.1942300000000001,1.19551,5970,8,1.1958457415627999,1.1951407249497192,48.643002676426036
2026-01-29 18:00:00,1.1955,1.19646,1.19479,1.19573,3681,8,1.195834718556819,1.1951638337752206,49.347677697083334
2026-01-29 19:00:00,1.19573,1.19602,1.19496,1.1951100000000001,2919,8,1.1957656977418838,1.1951617226467806,47.37484286392621
2026-01-29 20:00:00,1.19508,1.19683,1.19454,1.19644,2400,8,1.1958299170045614,1.1952118511704364,51.824202919233244
2026-01-29 21:00:00,1.19645,1.1971,1.19615,1.197,1405,8,1.1959413534803176,1.1952819746539487,53.60295545636019
2026-01-29 22:00:00,1.19701,1.19701,1.19629,1.19683,440,20,1.196025986482192,1.1953426815302644,52.963647531323936
2026-01-29 23:00:00,1.19684,1.19743,1.19646,1.19671,1115,8,1.1960911306267452,1.195396301862411,52.487768607627494
2026-01-30 00:00:00,1.19671,1.19729,1.19298,1.19316,5146,8,1.19581197532896,1.1953086037501597,40.806715164321666
2026-01-30 01:00:00,1.19316,1.19395,1.19138,1.19168,6332,8,1.1954184538690589,1.1951663055638788,37.09979326500233
2026-01-30 02:00:00,1.19169,1.19259,1.18942,1.1918199999999999,8331,8,1.1950757439767676,1.195035077894707,37.676538966340075
2026-01-30 03:00:00,1.19185,1.19227,1.19126,1.19196,3376,8,1.1947790064551709,1.1949144866047183,38.28593709415262
2026-01-30 04:00:00,1.19197,1.1934,1.19187,1.1924,2233,8,1.1945524344118212,1.1948158792868862,40.26291979105941
2026-01-30 05:00:00,1.1924299999999999,1.19349,1.19141,1.1924299999999999,2726,8,1.1943502978011717,1.1947223153932829,40.40310288469763
2026-01-30 06:00:00,1.19241,1.19327,1.19136,1.19189,4062,8,1.1941159837248696,1.1946112442013894,38.64516315241792
2026-01-30 07:00:00,1.19189,1.1942300000000001,1.19144,1.19373,5007,8,1.19407922337012,1.1945766856052566,47.09242347008534
2026-01-30 08:00:00,1.19374,1.19428,1.19229,1.19326,4348,8,1.1940012020967752,1.1945250508756386,45.37396697731744
2026-01-30 09:00:00,1.19323,1.19376,1.1898,1.19079,5507,8,1.193695373325654,1.1943785782922804,37.607170300942904
2026-01-30 10:00:00,1.19079,1.19247,1.19045,1.19209,3814,8,1.1935424806279726,1.1942888301239556,43.12522451630554
2026-01-30 11:00:00,1.19211,1.19503,1.19202,1.1948699999999999,4149,8,1.1936689110443564,1.1943116210994869,52.749053923433195
2026-01-30 12:00:00,1.19485,1.19544,1.19148,1.19193,4218,8,1.1935033004687035,1.1942182241936248,44.22603514416692
2026-01-30 13:00:00,1.1919,1.19242,1.19016,1.19122,6339,8,1.193285843281208,1.194100646774267,42.44252459981281
2026-01-30 14:00:00,1.19123,1.19207,1.19007,1.19061,6261,8,1.19303100106395,1.1939637586654723,40.91585358537545
2026-01-30 15:00:00,1.19059,1.19059,1.18826,1.18949,9576,8,1.1926937628673833,1.1937883171491794,38.198983170803494
2026-01-30 16:00:00,1.18951,1.18973,1.18711,1.18857,6496,8,1.19230102354668,1.1935836772609763,36.07967361233173
2026-01-30 17:00:00,1.18854,1.18873,1.18661,1.1872,6284,8,1.1918152117803296,1.1933333369762322,33.13182375371895
2026-01-30 18:00:00,1.1871800000000001,1.1884000000000001,1.18543,1.1878,6612,8,1.1914328106583936,1.1931163433693213,35.61299286019879
2026-01-30 19:00:00,1.18778,1.18847,1.1864,1.18689,4698,8,1.1910001620242607,1.1928721730411127,33.577983888335524
2026-01-30 20:00:00,1.18691,1.18691,1.18526,1.18526,3571,8,1.1904534799267121,1.1925736564512652,30.244245570920242
2026-01-30 21:00:00,1.18524,1.18563,1.18495,1.18495,1697,8,1.189929338981311,1.1922746895316079,29.64149753443965
2026-02-01 22:00:00,1.18448,1.18502,1.18444,1.18478,454,48,1.1894389257449958,1.1919807801382116,29.296684688971894
2026-02-01 23:00:00,1.18499,1.18561,1.18392,1.18455,3996,8,1.188973313769282,1.1916893769955368,28.808407821433207
2026-02-02 00:00:00,1.18458,1.18744,1.18458,1.18665,4961,8,1.188752045791255,1.1914917543682608,38.832489964052264
2026-02-02 01:00:00,1.18665,1.18722,1.18523,1.18701,5426,8,1.1885861366682784,1.1913159992949958,40.38223234706208
2026-02-02 02:00:00,1.18704,1.18744,1.18627,1.18628,3747,8,1.1883665046046328,1.1911185091265646,38.26510648431228
2026-02-02 03:00:00,1.18627,1.18717,1.18627,1.18639,2779,8,1.1881782660708582,1.190933077396111,38.785896151120866
2026-02-02 04:00:00,1.1864,1.1872099999999999,1.18576,1.18627,2705,8,1.1879965264450623,1.1907502116158715,38.40527251773704
2026-02-02 05:00:00,1.18625,1.18634,1.18407,1.18504,2782,8,1.1877149524979134,1.1905262817485824,34.65162042475232
2026-02-02 06:00:00,1.18503,1.18541,1.18428,1.18536,4389,8,1.187490671307636,1.1903236824643244,36.39340665488179
2026-02-02 07:00:00,1.1853799999999999,1.1863,1.18514,1.18533,4621,8,1.1872848930878612,1.190127851779449,36.29573431838663
2026-02-02 08:00:00,1.18534,1.18662,1.18432,1.18504,5066,8,1.1870710937461602,1.1899283281802548,35.3092309956598
2026-02-02 09:00:00,1.18502,1.18647,1.18443,1.1862,4430,8,1.186988132437002,1.1897821192320097,42.08947246480775
2026-02-02 10:00:00,1.18618,1.18702,1.18583,1.18644,3773,8,1.1869359293477635,1.1896510557327151,43.41098984856077
2026-02-02 11:00:00,1.18644,1.18711,1.18601,1.18643,3096,8,1.1868877456003575,1.1895247398216282,43.36658360762761
2026-02-02 12:00:00,1.18641,1.18697,1.18426,1.18496,3669,8,1.1867041507812757,1.1893457304168586,37.32266044913989
2026-02-02 13:00:00,1.18498,1.185,1.18176,1.18205,5187,8,1.186260898325916,1.1890596233416877,28.773601886461094
2026-02-02 14:00:00,1.18205,1.18298,1.18048,1.18212,5489,8,1.185866527056781,1.188787481249857,29.19375443258329
2026-02-02 15:00:00,1.18209,1.18209,1.17898,1.17919,7866,8,1.1852306673370876,1.188411109436137,23.061637565615484
2026-02-02 16:00:00,1.1792,1.18075,1.179,1.1806,5020,8,1.184789651400222,1.1881047914190335,30.614716373876988
2026-02-02 17:00:00,1.18062,1.18122,1.17945,1.17998,4057,8,1.1843315893621056,1.187786172147699,29.25473037398929
2026-02-02 18:00:00,1.18,1.18008,1.1777199999999999,1.17793,3388,8,1.1837219141847621,1.1873996555928872,25.25923012699907
2026-02-02 19:00:00,1.1779600000000001,1.1791,1.17754,1.17883,2375,8,1.1832560175957372,1.187063590667676,29.792699326179033
2026-02-02 20:00:00,1.17883,1.17919,1.178,1.17908,2067,8,1.1828583016342384,1.1867505086807084,31.043902847271312
2026-02-02 21:00:00,1.1791,1.17942,1.17879,1.17899,996,8,1.1824898919547873,1.1864461750069553,30.830883603758565
2026-02-02 22:00:00,1.17898,1.17909,1.17872,1.17898,536,20,1.1821556165305218,1.186153383830212,30.805589795359097
2026-02-02 23:00:00,1.17895,1.17985,1.17869,1.17983,1163,8,1.1819341292419006,1.1859054079937332,35.63901025355953
2026-02-03 00:00:00,1.17984,1.18066,1.17977,1.18059,1653,8,1.1818061169331482,1.1856969606214298,39.69516965683644
2026-02-03 01:00:00,1.1806,1.18145,1.18012,1.18137,1956,8,1.181764581987134,1.1855272758911777,43.62221573529859
2026-02-03 02:00:00,1.18137,1.1814,1.18004,1.1801300000000001,1417,8,1.181608907512169,1.1853156180130924,39.246704000878374
2026-02-03 03:00:00,1.18012,1.18122,1.18005,1.18091,1822,8,1.1815423448919624,1.1851428486792457,43.112138686786885
2026-02-03 04:00:00,1.18091,1.18161,1.18084,1.1809,1299,8,1.181481169187966,1.1849764624565302,43.074299934828865
2026-02-03 05:00:00,1.1809,1.18128,1.18048,1.18083,1277,8,1.1814191530748264,1.184813856085686,42.79117755697392
2026-02-03 06:00:00,1.18085,1.1816,1.18073,1.18134,1660,8,1.1814116146867477,1.184677626435267,45.59684919363071
2026-02-03 07:00:00,1.18132,1.1824,1.18095,1.1815,3099,8,1.1814200323356288,1.184553013633884,46.483587190052305
2026-02-03 08:00:00,1.18149,1.18191,1.18034,1.18127,3214,8,1.1814057435417593,1.1844242680011827,45.33954777804688
2026-02-03 09:00:00,1.18127,1.18157,1.17919,1.17919,3354,8,1.181194720347306,1.1842190025893715,36.57310559848764
2026-02-03 10:00:00,1.17922,1.17996,1.17863,1.17869,2312,8,1.1809561755523246,1.1840021789584159,34.82974266852479
2026-02-03 11:00:00,1.17869,1.17945,1.17823,1.1786699999999999,2354,8,1.1807384445473412,1.1837930739012232,34.758370310117854
2026-02-03 12:00:00,1.1787,1.17997,1.17862,1.17964,2369,8,1.1806338307809277,1.183630208258038,41.066077851491414
2026-02-03 13:00:00,1.17963,1.18063,1.17923,1.1795499999999999,3043,8,1.1805306088017917,1.1834702000910564,40.67315250776509
2026-02-03 14:00:00,1.17956,1.18009,1.1779600000000001,1.17906,3992,8,1.1803905508206687,1.1832972510678776,38.512585476404034
2026-02-03 15:00:00,1.17905,1.18133,1.17859,1.18126,4549,8,1.1804733555044145,1.1832173588691375,51.07796723980976
2026-02-03 16:00:00,1.18126,1.18211,1.18098,1.18173,3600,8,1.1805930359325654,1.1831590310703477,53.27481685737361
2026-02-03 17:00:00,1.1817199999999999,1.18288,1.18133,1.1816,3513,8,1.180688937272321,1.1830978925970006,52.57161927878418
2026-02-03 18:00:00,1.18158,1.18221,1.18088,1.18088,2761,8,1.180707133722576,1.183010916416726,48.73482396993189
2026-02-03 19:00:00,1.18086,1.18168,1.18055,1.1813,2386,8,1.1807635971775687,1.1829438216552857,50.98218428881057
2026-02-03 20:00:00,1.18132,1.18214,1.18092,1.18207,1684,8,1.1808880164939908,1.1829095541393921,54.88681414921978
2026-02-03 21:00:00,1.1820599999999999,1.18249,1.18165,1.18183,998,8,1.1809777292088488,1.1828672186829454,53.45746131628127
2026-02-03 22:00:00,1.18181,1.18192,1.18149,1.18179,553,8,1.1810550883318156,1.182824974813026,53.20875435094317
2026-02-03 23:00:00,1.18177,1.18205,1.1812,1.18154,774,8,1.1811012703954522,1.1827745836438879,51.593145133932055
2026-02-04 00:00:00,1.18152,1.18173,1.18084,1.1814,1625,8,1.1811297208339806,1.1827206784029511,50.66538168358265
2026-02-04 01:00:00,1.1814,1.18315,1.1812,1.18258,2247,8,1.1812678426593157,1.1827151616028353,57.58803119541718
2026-02-04 02:00:00,1.18258,1.18313,1.18186,1.18219,1541,8,1.1813556671679524,1.1826945670301752,54.848642026864
2026-02-04 03:00:00,1.18219,1.18278,1.18203,1.18266,1254,8,1.181479889342433,1.1826932114603645,57.47403099268754
2026-02-04 04:00:00,1.18266,1.18353,1.18249,1.1835,1087,8,1.18167228083363,1.1827248502266248,61.75430443200864
2026-02-04 05:00:00,1.1835,1.1836,1.18302,1.18325,1055,8,1.1818225398018556,1.1827454443353846,59.82437739925109
2026-02-04 06:00:00,1.18324,1.18358,1.18286,1.18292,1389,8,1.1819270598207265,1.1827522896555658,57.27969847601479
2026-02-04 07:00:00,1.18291,1.18336,1.18238,1.18317,2522,8,1.1820454350758953,1.1827686704533866,58.712493971345594
2026-02-04 08:00:00,1.18315,1.18378,1.18234,1.18285,3012,8,1.1821220603067624,1.1827718598473713,56.118033860578755
2026-02-04 09:00:00,1.18285,1.18325,1.18108,1.18136,2688,8,1.18204948313469,1.1827164927945333,45.9387616799796
2026-02-04 10:00:00,1.18134,1.18174,1.18044,1.18132,2376,8,1.181980008550434,1.1826617283712182,45.699110026953285
2026-02-04 11:00:00,1.18133,1.1815,1.18055,1.1810100000000001,2088,8,1.181887626783726,1.1825969547096018,43.79239315451414
2026-02-04 12:00:00,1.18099,1.18246,1.18092,1.18212,2007,8,1.1819097575662283,1.182578250603343,51.582243240162356
2026-02-04 13:00:00,1.18216,1.1826699999999999,1.18108,1.18219,3635,8,1.1819364473218257,1.1825630250894865,52.03371422089522
2026-02-04 14:00:00,1.18217,1.18254,1.18018,1.18143,4751,8,1.1818882142435565,1.182518592733036,46.9184394160951
2026-02-04 15:00:00,1.18141,1.18217,1.1793,1.1796,5387,8,1.1816702890775035,1.1824041381160542,37.387551754285
2026-02-04 16:00:00,1.17962,1.18052,1.17901,1.18021,3900,8,1.1815312139272651,1.182318093484052,41.64300790547295
2026-02-04 17:00:00,1.18023,1.18147,1.17939,1.17974,4072,8,1.1813606221246684,1.182216991778795,39.41993335894468
2026-02-04 18:00:00,1.17973,1.18015,1.17943,1.18005,2508,8,1.1812358009699382,1.1821320117090384,41.63316366231281
2026-02-04 19:00:00,1.18006,1.18092,1.1794,1.18087,2447,8,1.181200962782325,1.182082521053782,47.13493427885046
2026-02-04 20:00:00,1.18084,1.18093,1.18014,1.18034,1262,8,1.1811189663268653,1.1820141868948102,44.23273757157998
2026-02-04 21:00:00,1.18035,1.1807699999999999,1.18019,1.18037,950,8,1.1810476362004971,1.1819497089773667,44.44126651592345
2026-02-04 22:00:00,1.18034,1.18064,1.18025,1.18064,400,8,1.1810088137052117,1.1818983478409995,46.38441185864106
2026-02-04 23:00:00,1.18062,1.1807400000000001,1.18,1.1801,727,8,1.180922260019001,1.1818278243962546,43.1350510056211
2026-02-05 00:00:00,1.18012,1.18045,1.17992,1.1804000000000001,1120,8,1.1808725209695723,1.181771831282676,45.422501452733336
2026-02-05 01:00:00,1.18039,1.18078,1.1801599999999999,1.18036,1575,8,1.1808237094486607,1.181716465350022,45.16164581865066
2026-02-05 02:00:00,1.18036,1.1804999999999999,1.17845,1.17853,2521,8,1.1806052609297406,1.181591505924531,35.20149233352349
2026-02-05 03:00:00,1.17854,1.17905,1.17825,1.1789,1955,8,1.1804428551269082,1.1814859566725886,38.170604395851655
2026-02-05 04:00:00,1.1789100000000001,1.17907,1.17863,1.17873,939,8,1.1802797260672027,1.1813778799403303,37.324378996142954
2026-02-05 05:00:00,1.17872,1.179,1.1784,1.17897,1118,8,1.1801549902512787,1.1812834532760037,39.36802531104573
2026-02-05 06:00:00,1.17896,1.17912,1.17845,1.179,1657,8,1.1800449911797284,1.1811939060887096,39.63299817141927
2026-02-05 07:00:00,1.17903,1.18032,1.179,1.17983,2487,8,1.180024515829278,1.181140419575427,46.58775620530472
2026-02-05 08:00:00,1.17985,1.18086,1.17953,1.18025,3030,8,1.1800459905122038,1.1811055011607043,49.74301325324903
2026-02-05 09:00:00,1.18023,1.18023,1.17799,1.17804,2992,8,1.1798549437967558,1.180985285428912,37.26764144384143
2026-02-05 10:00:00,1.17804,1.17915,1.178,1.17873,1865,8,1.179747806292303,1.1808968428630724,42.14623394348411
2026-02-05 11:00:00,1.17873,1.1795,1.17858,1.17933,1644,8,1.1797080152168455,1.1808353980449127,46.07351416800542
2026-02-05 12:00:00,1.17933,1.18034,1.1785,1.17994,5160,8,1.1797301090057173,1.1808002843960925,49.80421779923865
2026-02-05 13:00:00,1.17991,1.18151,1.17911,1.18113,5687,8,1.1798634319575538,1.1808132144197754,56.17397043221685
2026-02-05 14:00:00,1.1811099999999999,1.18214,1.17951,1.1797900000000001,7159,8,1.1798564384377868,1.180773088364098,48.68244522755013
2026-02-05 15:00:00,1.17978,1.18112,1.17815,1.1791,6351,8,1.179784396681807,1.180707477055702,45.33008533561815
2026-02-05 16:00:00,1.17909,1.1803,1.17848,1.1801,4027,8,1.1798144541406823,1.1806836544260666,50.63560207691524
2026-02-05 17:00:00,1.18012,1.18039,1.17957,1.18006,2557,8,1.1798378394606173,1.1806591973897502,50.42480325454862
2026-02-05 18:00:00,1.18008,1.18025,1.1791800000000001,1.17933,1578,8,1.1797894737977013,1.1806070720019168,46.61108206897248
2026-02-05 19:00:00,1.17932,1.17972,1.17922,1.17939,1610,8,1.1797514286741106,1.1805593436881163,46.96611711568376
2026-02-05 20:00:00,1.17939,1.17944,1.17794,1.1780599999999999,1731,8,1.1795903402289574,1.180461330210151,40.53181776365073
2026-02-05 21:00:00,1.17805,1.17841,1.17744,1.17759,1450,8,1.1793998316357233,1.180348729025439,38.52332060801018
2026-02-05 22:00:00,1.17759,1.17808,1.17757,1.17808,413,8,1.1792741333847019,1.1802597592597357,41.76338872828065
2026-02-05 23:00:00,1.17808,1.17809,1.17747,1.1776200000000001,1207,8,1.179116596871873,1.1801562392887657,39.65067451362001
2026-02-06 00:00:00,1.1776200000000001,1.17827,1.17655,1.17824,2160,8,1.1790331114555042,1.1800810926499905,43.77889550872137
2026-02-06 01:00:00,1.17822,1.17878,1.17783,1.17844,2075,8,1.178976624650218,1.1800167360754812,45.08390348748386
2026-02-06 02:00:00,1.17846,1.17912,1.17843,1.17873,1474,8,1.1789531365882926,1.1799662758372271,47.00479593097869
2026-02-06 03:00:00,1.17872,1.179,1.17853,1.17873,872,8,1.1789318854846458,1.1799177944318457,47.00479593097869
2026-02-06 04:00:00,1.17875,1.1796,1.17868,1.17948,918,8,1.1789840868670605,1.1799006260227538,52.036833427545794
2026-02-06 05:00:00,1.17948,1.18009,1.17945,1.1797900000000001,1094,8,1.179060840498769,1.1798962877473518,53.9818425358427
2026-02-06 06:00:00,1.17977,1.18014,1.17941,1.17966,1629,8,1.17911790330841,1.1798870215611812,53.01100585194986
2026-02-06 07:00:00,1.17967,1.17972,1.17884,1.17912,1795,8,1.1791181029933233,1.1798569422842722,49.06375818903492
2026-02-06 08:00:00,1.17912,1.1795499999999999,1.17853,1.1792,2753,8,1.179125902708245,1.1798311798417518,49.66176649080332
2026-02-06 09:00:00,1.1792,1.1797900000000001,1.17896,1.17917,2195,8,1.179130102450317,1.1798052512205066,49.427416910393816
2026-02-06 10:00:00,1.17915,1.17994,1.17893,1.1791800000000001,1760,8,1.1791348545979057,1.1797807315648003,49.51294042166223
2026-02-06 11:00:00,1.1791800000000001,1.1792799999999999,1.17853,1.17899,1788,8,1.1791210589219148,1.1797497224838278,47.85696523163945
2026-02-06 12:00:00,1.17899,1.17929,1.1788,1.17921,1576,8,1.17912952950078,1.1797285568962268,49.944532101651774
2026-02-06 13:00:00,1.17922,1.18108,1.1791800000000001,1.181,2258,8,1.1793076695483247,1.1797784174101005,62.94382466645628
2026-02-06 14:00:00,1.18097,1.18259,1.18094,1.18209,3036,8,1.179572653400865,1.1798690677077437,68.33629828221433
2026-02-06 15:00:00,1.1820599999999999,1.18236,1.18049,1.1819,3504,8,1.1797943054579254,1.1799487121113617,66.5191681412669
2026-02-06 16:00:00,1.1819,1.18216,1.18095,1.1812,2656,8,1.179928181128599,1.1799977822246417,60.17096677467079
2026-02-06 17:00:00,1.18117,1.18202,1.18099,1.18175,1850,8,1.1801016876877801,1.1800664966472048,63.146925748384454
2026-02-06 18:00:00,1.18175,1.18225,1.1817199999999999,1.18187,1297,8,1.180270098384182,1.1801372222688828,63.78276265713229
2026-02-06 19:00:00,1.18187,1.18208,1.18142,1.18188,1108,8,1.1804234223475933,1.1802055664936324,63.83875373638441
2026-02-06 20:00:00,1.18188,1.18224,1.18178,1.18215,972,8,1.1805878583144893,1.1802818187879998,65.3943571532293
2026-02-06 21:00:00,1.18217,1.18235,1.18132,1.1815,925,8,1.1806747289512045,1.1803295906002351,58.832767695127615
2026-02-08 22:00:00,1.18116,1.18138,1.18109,1.18138,299,20,1.1807418976225184,1.1803707831257162,57.68206754214673
2026-02-08 23:00:00,1.18141,1.18275,1.18093,1.18264,2223,8,1.1809226692775168,1.180459772022747,65.34626844599681
2026-02-09 00:00:00,1.18264,1.18332,1.18236,1.18303,2529,8,1.1811233674415629,1.1805605652767568,67.31920790503382
2026-02-09 01:00:00,1.18304,1.18333,1.18244,1.18255,2099,8,1.181259237209033,1.1806385823247272,62.59565024605139
2026-02-09 02:00:00,1.18253,1.18254,1.18158,1.18194,1554,8,1.1813240717605538,1.1806896183119928,57.11129575564389
2026-02-09 03:00:00,1.18194,1.18246,1.18179,1.18185,1127,8,1.1813741601643104,1.1807351234762284,56.3271505297748
2026-02-09 04:00:00,1.18187,1.18264,1.18185,1.18261,828,8,1.1814918591962809,1.180808648045788,61.174926501780625
2026-02-09 05:00:00,1.18263,1.1836,1.18254,1.1833,948,8,1.1816640630823494,1.1809063481224238,64.97608425928817
2026-02-09 06:00:00,1.1832799999999999,1.18573,1.18327,1.18514,3854,8,1.1819951046935542,1.1810723736862503,72.6623887757124
2026-02-09 07:00:00,1.18514,1.18595,1.18466,1.18553,2978,8,1.1823317613894062,1.1812471825612993,73.96650652281662
2026-02-09 08:00:00,1.18554,1.18647,1.18512,1.18638,3014,8,1.1827173079237485,1.1814484695196799,76.58791845660944
2026-02-09 09:00:00,1.18638,1.18695,1.18597,1.18618,2219,8,1.1830470881214867,1.1816340197345945,74.68238425017196
2026-02-09 10:00:00,1.18617,1.18692,1.18549,1.18594,2646,8,1.183322603538488,1.1818028817057868,72.3559194858648
2026-02-09 11:00:00,1.18593,1.1871800000000001,1.18552,1.18691,2618,8,1.1836642603443464,1.1820031608545796,75.6566082102019
2026-02-09 12:00:00,1.1869,1.18826,1.1869,1.18811,2099,8,1.1840876641210754,1.1822426447426353,78.99753451006887
2026-02-09 13:00:00,1.18811,1.19053,1.18811,1.19032,4249,8,1.1846812199190682,1.182559403772336,83.49116977257266
2026-02-09 14:00:00,1.19032,1.1918199999999999,1.1902300000000001,1.1918199999999999,4470,8,1.1853611037362997,1.182922564408715,85.72383125719
2026-02-09 15:00:00,1.1918199999999999,1.19263,1.1903,1.19117,4146,8,1.18591433195189,1.183245993255432,80.63479168030005
2026-02-09 16:00:00,1.19117,1.19174,1.18927,1.1897,2770,8,1.1862748717659957,1.1834990915591406,70.44893934314831
2026-02-09 17:00:00,1.1897,1.19105,1.1897,1.1908,1917,8,1.1867058363597105,1.1837854016940763,73.17921459672786
2026-02-09 18:00:00,1.1908,1.19169,1.19029,1.1915499999999999,2021,8,1.1871671852778334,1.184089895745289,74.88314510045161
2026-02-09 19:00:00,1.19157,1.19218,1.1912099999999999,1.19198,1545,8,1.1876255485847063,1.1843993115984148,75.8311871084986
2026-02-09 20:00:00,1.19197,1.19209,1.19137,1.1914500000000001,1283,8,1.1879897820528296,1.1846758091827907,72.21316828616273
2026-02-09 21:00:00,1.19147,1.19154,1.19103,1.19137,959,8,1.1883117075716076,1.18493832646974,71.65741390066678
2026-02-09 22:00:00,1.19148,1.19151,1.19079,1.19127,539,20,1.1885934497076451,1.1851866273924951,70.92265278205967
2026-02-09 23:00:00,1.19131,1.19144,1.19013,1.19034,919,8,1.1887597878307266,1.1853887204359268,64.31751440454282
2026-02-10 00:00:00,1.19034,1.19054,1.18982,1.19014,1239,8,1.1888912366087527,1.185575045124714,62.95954415838332
2026-02-10 01:00:00,1.19016,1.191,1.18964,1.19054,1617,8,1.1890482616936333,1.1857697492374704,64.57070249284018
2026-02-10 02:00:00,1.19055,1.19141,1.19054,1.19133,1381,8,1.1892655701037633,1.1859877982869813,67.57089198788128
2026-02-10 03:00:00,1.19133,1.19166,1.19096,1.19112,1315,8,1.1894421824748336,1.1861890610992565,65.97162772984055
2026-02-10 04:00:00,1.19113,1.19124,1.19055,1.19065,898,8,1.1895572127153256,1.186363999879678,62.411322662316586
2026-02-10 05:00:00,1.19064,1.19103,1.1903299999999999,1.19068,939,8,1.1896641448376755,1.1865332547863572,62.55024977772063
2026-02-10 06:00:00,1.19066,1.19128,1.19008,1.19025,1624,8,1.1897199405674208,1.1866790095006177,59.17430727711945
2026-02-10 07:00:00,1.19027,1.191,1.1899,1.1908400000000001,2146,8,1.1898266128943331,1.1868421855986326,62.189703041859126
2026-02-10 08:00:00,1.1908,1.19148,1.18993,1.19089,2677,8,1.1899278878567776,1.187000923418294,62.442869309793004
2026-02-10 09:00:00,1.19088,1.19196,1.19077,1.19141,1924,8,1.1900690413942274,1.1871738283822826,65.06286772164411
2026-02-10 10:00:00,1.19141,1.1917200000000001,1.19088,1.191,1634,8,1.1901577041185867,1.1873238743280754,61.42442993215435
2026-02-10 11:00:00,1.19097,1.19105,1.19005,1.19037,1377,8,1.1901779227739595,1.1874433302367784,56.22174584379659
2026-02-10 12:00:00,1.19039,1.19082,1.18908,1.18926,2316,8,1.190090501557392,1.1875145721882772,48.43721260868098
2026-02-10 13:00:00,1.1892800000000001,1.19132,1.18881,1.19051,4043,8,1.1901304537900212,1.1876320399455997,55.85071806581648
2026-02-10 14:00:00,1.19052,1.19284,1.19026,1.19143,4387,8,1.1902542200957336,1.1877809795555763,60.36723922028004
2026-02-10 15:00:00,1.19141,1.1919,1.18963,1.19135,5294,8,1.190358580086616,1.1879209411416323,59.79440651311846
2026-02-10 16:00:00,1.19135,1.19146,1.18961,1.18974,3270,8,1.1902996676974147,1.187992276783137,49.59480408326111
2026-02-10 17:00:00,1.18974,1.1905000000000001,1.18927,1.18954,2096,8,1.1902273183928989,1.1880529718112491,48.488311398233726
2026-02-10 18:00:00,1.18954,1.18977,1.189,1.1892,1770,8,1.1901294785459562,1.1880979533088474,46.585495833577816
2026-02-10 19:00:00,1.18919,1.19019,1.18865,1.19019,1430,8,1.1901352424939604,1.1881799943555593,52.43822766856483
2026-02-10 20:00:00,1.19017,1.1903,1.18944,1.18949,1285,8,1.190073790827869,1.1882313671259297,48.399986999843435
2026-02-10 21:00:00,1.18951,1.18964,1.18911,1.18914,711,8,1.1899848583680719,1.188266999787658,46.47291136034156
2026-02-10 22:00:00,1.18916,1.18933,1.18894,1.1891,515,20,1.1899005861425411,1.188299666462652,46.24628677901443
2026-02-10 23:00:00,1.18913,1.18921,1.18863,1.18876,649,8,1.1897919588908705,1.1883177187582343,44.270129371305295
2026-02-11 00:00:00,1.18876,1.19,1.18858,1.18967,1179,8,1.1897803437584067,1.1883707493951663,50.38146033193277
2026-02-11 01:00:00,1.18966,1.19015,1.18936,1.18974,1481,8,1.1897765014957011,1.1884244454973167,50.828149735627335
2026-02-11 02:00:00,1.18976,1.19126,1.18974,1.19079,1691,8,1.1898730251627774,1.1885172123405594,57.071068621968294
2026-02-11 03:00:00,1.19081,1.19133,1.19032,1.1911100000000001,1132,8,1.189990832290132,1.1886188902879884,58.78833119727189
2026-02-11 04:00:00,1.19109,1.19146,1.19072,1.19076,924,8,1.1900640863577385,1.188702855374734,56.14297127170904
2026-02-11 05:00:00,1.19076,1.19188,1.19065,1.1918,1290,8,1.1902294114665255,1.1888243120267052,61.663226694502434
2026-02-11 06:00:00,1.19183,1.19255,1.19122,1.19149,1845,8,1.1903494675173327,1.1889288488099718,59.26849477285521
2026-02-11 07:00:00,1.19148,1.19179,1.19099,1.19176,1973,8,1.1904838039442533,1.1890398743468358,60.70005413838219
2026-02-11 08:00:00,1.19175,1.19197,1.19127,1.19181,2061,8,1.190610108330515,1.189148506725391,60.97359885479979
2026-02-11 09:00:00,1.19181,1.19194,1.19097,1.19177,1895,8,1.1907205742037994,1.189251310383219,60.61013909966698
2026-02-11 10:00:00,1.19177,1.1927,1.19158,1.19213,1707,8,1.190854805232009,1.1893642001721123,62.76159647849267
2026-02-11 11:00:00,1.19211,1.19211,1.19046,1.19079,1792,8,1.1908486333051511,1.1894201138908531,51.488451090512015
2026-02-11 12:00:00,1.19081,1.19088,1.1898,1.19,2242,8,1.1907678110856128,1.1894428545225844,46.21776619112875
2026-02-11 13:00:00,1.19002,1.19042,1.1832799999999999,1.18617,11538,8,1.1903299243155545,1.1893145072864046,30.119928876880564
2026-02-11 14:00:00,1.18616,1.18821,1.18522,1.18597,8243,8,1.1899146934283589,1.189183350137918,29.541294789538725
2026-02-11 15:00:00,1.186,1.18713,1.18506,1.18589,6062,8,1.1895313892923247,1.1890541991521173,29.298832023732302
2026-02-11 16:00:00,1.18588,1.18828,1.18529,1.18827,3327,8,1.18941125697877,1.189023446244191,44.01940439474749
2026-02-11 17:00:00,1.18824,1.18931,1.18769,1.18854,3081,8,1.189328280123649,1.1890044875679482,45.40807114809523
2026-02-11 18:00:00,1.18854,1.18904,1.1878199999999999,1.18819,2297,8,1.1892198724928256,1.188972546879009,43.88823218315374
2026-02-11 19:00:00,1.18819,1.18842,1.18775,1.18794,1846,8,1.1890979798744612,1.1889320548445383,42.78661896702688
2026-02-11 20:00:00,1.18794,1.1880600000000001,1.18696,1.18704,1329,8,1.1889019817911792,1.1888578566153407,38.99219450011313
2026-02-11 21:00:00,1.18702,1.1874,1.1868400000000001,1.18712,910,8,1.1887322692396383,1.1887897053755234,39.50574626609622
2026-02-11 22:00:00,1.18709,1.18737,1.18691,1.18736,457,20,1.1886015769311014,1.188733638498052,41.1073887238017
2026-02-11 23:00:00,1.18744,1.18759,1.18693,1.18744,844,8,1.1884909505567107,1.1886829075765597,41.661845334098054
2026-02-12 00:00:00,1.18744,1.1877900000000001,1.18664,1.18766,1583,8,1.1884118124084526,1.1886427935539496,43.24430829074649
2026-02-12 01:00:00,1.18763,1.1882,1.18731,1.1880600000000001,1865,8,1.1883783064647904,1.1886199389047751,46.106753640496564
2026-02-12 02:00:00,1.18803,1.18842,1.18746,1.18786,1505,8,1.188328943944334,1.1885901373790977,44.88773550370798
2026-02-12 03:00:00,1.18785,1.18808,1.18649,1.18691,1459,8,1.1881938064258262,1.188524249638741,39.54010129318589
2026-02-12 04:00:00,1.1869,1.1872099999999999,1.18598,1.18614,1255,8,1.1879982058138427,1.1884307496529078,35.81567844841585
2026-02-12 05:00:00,1.18614,1.18653,1.1858,1.18646,1307,8,1.1878517100220483,1.1883534653527938,38.41201585303578
2026-02-12 06:00:00,1.18645,1.18672,1.18521,1.18603,2819,8,1.1876782138294724,1.188262349064449,36.28781233981245
2026-02-12 07:00:00,1.18603,1.18748,1.18591,1.18727,2093,8,1.1876393363219035,1.1882234334148627,45.62591966029972
2026-02-12 08:00:00,1.1873,1.18805,1.18708,1.18793,2233,8,1.1876670185769604,1.1882119262221231,49.839982042924824
2026-02-12 09:00:00,1.18794,1.1887699999999999,1.18791,1.18866,2085,8,1.1877615882362975,1.1882294977428243,54.07916732081867
2026-02-12 10:00:00,1.18866,1.18869,1.18742,1.18768,1750,8,1.1877538179280787,1.188207948811733,48.191019214476704
2026-02-12 11:00:00,1.18768,1.18841,1.18747,1.1884000000000001,1466,8,1.1878153590777856,1.1882154802308806,52.30020995653381
2026-02-12 12:00:00,1.18841,1.18859,1.18666,1.18727,1919,8,1.1877634201179965,1.1881784025747677,46.1178920804802
2026-02-12 13:00:00,1.18727,1.18849,1.1871,1.18845,2639,8,1.1878288086781872,1.1881890534541886,52.44020670964718
2026-02-12 14:00:00,1.18845,1.18875,1.18744,1.18828,3848,8,1.1878717792802647,1.188192619985397,51.50261786951591
2026-02-12 15:00:00,1.18828,1.18882,1.18778,1.18854,3389,8,1.187935419348811,1.1882062427310676,52.88991979197347
2026-02-12 16:00:00,1.18855,1.18897,1.18618,1.18702,6527,8,1.187848236553686,1.1881597234082806,44.81826380823362
2026-02-12 17:00:00,1.187,1.18766,1.18597,1.18649,3983,8,1.1877188806914303,1.1880942440589364,42.38907834046214
2026-02-12 18:00:00,1.18651,1.1869,1.18557,1.18632,2778,8,1.1875856539589131,1.1880246658605467,41.61003527720551
2026-02-12 19:00:00,1.18632,1.18713,1.18606,1.18696,1969,8,1.187526067867588,1.1879829142581724,45.65905952389357
2026-02-12 20:00:00,1.18693,1.18703,1.18632,1.18692,1249,8,1.187468347118294,1.1879412313460873,45.44693957773424
2026-02-12 21:00:00,1.18692,1.18723,1.18682,1.18705,790,8,1.1874285045355994,1.1879062810972212,46.31978400895904
2026-02-12 22:00:00,1.1869399999999999,1.18708,1.18649,1.18692,452,20,1.187380075532209,1.187867603407134,45.53518187518761
2026-02-12 23:00:00,1.18713,1.1872,1.18666,1.1869,792,8,1.187334354052951,1.1878296581754817,45.40774818736966
2026-02-13 00:00:00,1.18689,1.1872,1.18662,1.18719,1330,8,1.1873206060479082,1.187804573541149,47.69358295263097
2026-02-13 01:00:00,1.18719,1.18731,1.18628,1.18665,1682,8,1.1872567388052504,1.1877592961473786,43.99922245137106
2026-02-13 02:00:00,1.18666,1.18707,1.18625,1.18689,1002,8,1.1872218112999884,1.1877252061023835,46.001228419994845
2026-02-13 03:00:00,1.18691,1.187,1.18654,1.18664,921,8,1.1871664006999896,1.1876826490003294,44.227539157662555
2026-02-13 04:00:00,1.18664,1.18675,1.18598,1.18628,857,8,1.1870819815857048,1.1876276431571793,41.73221636550845
2026-02-13 05:00:00,1.18627,1.18643,1.18575,1.18592,1327,8,1.1869713166727804,1.1875606767588587,39.341803559924244
2026-02-13 06:00:00,1.18592,1.18614,1.18532,1.18559,1638,8,1.1868397627039442,1.1874833953173347,37.236262742890524
2026-02-13 07:00:00,1.18557,1.18594,1.1846700000000001,1.18583,2343,8,1.1867435948273781,1.1874185562852824,39.76129545123836
2026-02-13 08:00:00,1.18581,1.18625,1.18557,1.1862300000000001,1945,8,1.1866946810342944,1.1873719462348793,43.81813470360351
2026-02-13 09:00:00,1.18624,1.18661,1.18602,1.18604,1544,8,1.1866323304595996,1.1873197130491977,42.35886754119325
2026-02-13 10:00:00,1.18602,1.18606,1.18525,1.18571,1619,8,1.1865444894634474,1.1872565870472684,39.87500963849345
2026-02-13 11:00:00,1.18573,1.18607,1.18544,1.18581,1839,8,1.1864745380859762,1.1871998581434542,41.003962969279016
2026-02-13 12:00:00,1.18583,1.18632,1.18551,1.18614,1793,8,1.1864426773158834,1.187158295079005,44.69448684251678
2026-02-13 13:00:00,1.18616,1.18844,1.18564,1.18738,5386,8,1.1865319461429422,1.1871669893896324,55.86638791949439
2026-02-13 14:00:00,1.18735,1.18744,1.18566,1.18589,4825,8,1.1864708084150428,1.1871169113743527,44.289143474437644
2026-02-13 15:00:00,1.18591,1.18704,1.18473,1.18479,3813,8,1.186310731423134,1.1870256599479077,38.02434070030561
2026-02-13 16:00:00,1.1848,1.1874500000000001,1.1848,1.18683,2870,8,1.186360185573312,1.187017987008774,51.67623828764461
2026-02-13 17:00:00,1.18686,1.18824,1.18681,1.1874500000000001,2214,8,1.1864639774234729,1.1870349286947044,54.92594873011179
2026-02-13 18:00:00,1.18747,1.18802,1.18719,1.18733,1493,8,1.1865464557640943,1.1870465001184416,54.16668883589858
2026-02-13 19:00:00,1.18733,1.18749,1.18656,1.18661,1281,8,1.1865525075960854,1.187029382466738,49.725230132370406
2026-02-13 20:00:00,1.18662,1.18743,1.18641,1.18739,1340,8,1.1866322687774107,1.1870435243307873,54.11471506498654
2026-02-13 21:00:00,1.18737,1.18762,1.18671,1.1868400000000001,987,8,1.1866520527033717,1.1870355429844819,50.74997096988597
2026-02-15 22:00:00,1.18696,1.18709,1.18666,1.18704,325,20,1.1866890000649555,1.1870357177694042,51.9206747409682
2026-02-15 23:00:00,1.18712,1.18716,1.18624,1.18664,1057,8,1.1866843333921027,1.187020199425506,49.39189560450018
2026-02-16 00:00:00,1.18664,1.18671,1.18603,1.18613,1257,8,1.186631539735712,1.1869852896441135,46.295848976535616
2026-02-16 01:00:00,1.18611,1.18662,1.18587,1.18649,1287,8,1.1866180597608822,1.186965866520815,48.73849297883083
2026-02-16 02:00:00,1.18649,1.18668,1.18615,1.18648,1135,8,1.1866049112122266,1.1869468129317635,48.672268874243485
2026-02-16 03:00:00,1.18648,1.18687,1.18635,1.18667,837,8,1.1866111101443955,1.1869359575226748,50.060701220182374
2026-02-16 04:00:00,1.18669,1.18677,1.18608,1.1862,688,8,1.18657195679731,1.1869070964433543,46.69574871253572
2026-02-16 05:00:00,1.18619,1.18661,1.18605,1.18644,662,8,1.1865593894832804,1.1868887789357718,48.595856360569265
2026-02-16 06:00:00,1.18645,1.18698,1.18634,1.18659,818,8,1.1865623047705869,1.186877062114761,49.80028834972696
2026-02-16 07:00:00,1.18658,1.18661,1.186,1.18624,1221,8,1.18653160907815,1.1868520792867314,47.031230894442906
2026-02-16 08:00:00,1.18626,1.18702,1.18564,1.18645,2232,8,1.1865238367849928,1.1868363114715654,48.86830319302859
2026-02-16 09:00:00,1.18645,1.18687,1.18619,1.18642,1616,8,1.1865139475673745,1.186819985531504,48.608939514412306
2026-02-16 10:00:00,1.18642,1.18672,1.18616,1.18666,1293,8,1.1865278573228626,1.1868137115890922,50.85606089581044
2026-02-16 11:00:00,1.18666,1.18667,1.18598,1.1861,1063,8,1.1864871090063995,1.186785722899324,45.821415136639814
2026-02-16 12:00:00,1.18611,1.18627,1.18496,1.1852800000000001,1174,8,1.1863721462438854,1.1867266749424876,39.63405719622729
2026-02-16 13:00:00,1.18527,1.18571,1.18489,1.18543,1432,8,1.1862824180301819,1.1866758249447429,41.198245793217005
2026-02-16 14:00:00,1.18543,1.18632,1.18526,1.1856,1565,8,1.1862174258368312,1.1866336357312235,43.000880064698734
2026-02-16 15:00:00,1.1856,1.18568,1.18503,1.1853799999999999,1378,8,1.1861376709952283,1.1865844735456854,41.238970555524375
2026-02-16 16:00:00,1.1853799999999999,1.1856200000000001,1.18459,1.18516,1363,8,1.1860445594718731,1.1865286118380114,39.496176792540716
2026-02-16 17:00:00,1.18516,1.18533,1.18458,1.1847699999999999,774,8,1.1859231728555042,1.1864596466678934,36.54752956500146
2026-02-16 18:00:00,1.1847699999999999,1.18509,1.18476,1.18493,459,8,1.1858285849645038,1.1863996605240545,38.57363767593253
2026-02-16 19:00:00,1.18493,1.1853799999999999,1.18485,1.1853799999999999,365,8,1.185785862586932,1.186359673836837,43.99055905154026
2026-02-16 20:00:00,1.1853799999999999,1.18547,1.18521,1.18531,335,8,1.1857405423405574,1.1863185101569609,43.35014841975994
2026-02-16 21:00:00,1.18531,1.18542,1.18486,1.18486,337,8,1.1856566811652662,1.1862613136802174,39.38110286526795
2026-02-16 22:00:00,1.18487,1.1851,1.18486,1.18499,253,20,1.1855931877209551,1.1862114582417773,41.059988950433336
2026-02-16 23:00:00,1.18504,1.18514,1.18464,1.18499,630,8,1.1855357412713403,1.1861635579185703,41.059988950433336
2026-02-17 00:00:00,1.185,1.18518,1.1841599999999999,1.18433,1371,8,1.185420908769308,1.1860916536864696,35.303007230378284
2026-02-17 01:00:00,1.18433,1.18443,1.18403,1.1844000000000001,1411,8,1.185323679362707,1.186025314326216,36.32276958601481
2026-02-17 02:00:00,1.18439,1.18469,1.18403,1.18418,955,8,1.1852147575186398,1.1859529490585212,34.4831374839747
2026-02-17 03:00:00,1.18418,1.18421,1.18378,1.18415,1049,8,1.1851133520406743,1.1858822451738733,34.22855771925644
2026-02-17 04:00:00,1.18413,1.18421,1.18391,1.18409,822,8,1.1850158899415624,1.1858119610494078,33.69279944989732
2026-02-17 05:00:00,1.18409,1.1841599999999999,1.18352,1.1841,1231,8,1.1849286623280801,1.1857448253219802,33.87856107950533
2026-02-17 06:00:00,1.18409,1.18454,1.18409,1.18435,1070,8,1.1848735516301678,1.1856901262897457,38.51603895235485
2026-02-17 07:00:00,1.18434,1.1844000000000001,1.18283,1.18323,2012,8,1.1847170229034851,1.1855936507489715,28.778144872973996
2026-02-17 08:00:00,1.18326,1.18436,1.18297,1.18403,2056,8,1.184651592150772,1.185532331111757,40.374289962467174
2026-02-17 09:00:00,1.18403,1.18494,1.18394,1.18464,1409,8,1.1846504881364128,1.1854973377348252,47.406001980363634
2026-02-17 10:00:00,1.18464,1.1847,1.18408,1.18425,1564,8,1.1846123464091354,1.185448422529538,43.84579750768548
2026-02-17 11:00:00,1.18425,1.18441,1.18238,1.18306,1508,8,1.1844645038939796,1.1853547589009288,35.16724980025708
2026-02-17 12:00:00,1.18306,1.18354,1.18266,1.18274,1876,8,1.1843002654278862,1.1852522193361865,33.260741465772625
2026-02-17 13:00:00,1.18273,1.18301,1.18152,1.18218,3184,8,1.1840983353871353,1.1851317401465322,30.177508023106128
2026-02-17 14:00:00,1.18221,1.1828,1.18161,1.1823299999999999,3615,8,1.1839299224931226,1.185021867983923,31.995940729748895
2026-02-17 15:00:00,1.18234,1.18234,1.18046,1.18104,3564,8,1.1836546917794917,1.184865716298279,25.7781422794653
2026-02-17 16:00:00,1.18104,1.18348,1.18104,1.18303,2877,8,1.1835951973243022,1.1847937274238367,43.89211484155713
2026-02-17 17:00:00,1.18302,1.18418,1.18289,1.1838899999999999,2290,8,1.1836232737696069,1.1847582871327058,49.614978409586804
2026-02-17 18:00:00,1.18391,1.1853,1.18383,1.1847699999999999,1834,8,1.183732485791549,1.1847587464608351,54.705938187671514
2026-02-17 19:00:00,1.1848,1.18502,1.18429,1.18476,1289,8,1.183830344287592,1.1847587956192338,54.63837688456485
2026-02-17 20:00:00,1.18474,1.18522,1.18465,1.18504,1062,8,1.1839455495935354,1.184769823242009,56.266981696857734
2026-02-17 21:00:00,1.18506,1.18544,1.18493,1.1853,653,8,1.1840745448703416,1.1847906144874203,57.78269692543889
2026-02-17 22:00:00,1.18529,1.18529,1.18496,1.18516,358,8,1.1841779215493569,1.184805100193796,56.644274217968366
2026-02-17 23:00:00,1.18521,1.18571,1.1850100000000001,1.18503,844,8,1.1842590718779895,1.1848139197940393,55.54984274043287
2026-02-18 00:00:00,1.18503,1.18532,1.18468,1.1847,1185,8,1.1843010650324668,1.1848094523511357,52.762970450335146
2026-02-18 01:00:00,1.18469,1.18479,1.18422,1.1846,1072,8,1.1843295350293748,1.184801238533444,51.91304375506103
2026-02-18 02:00:00,1.18459,1.18472,1.18413,1.18445,954,8,1.18434100788372,1.184787464473309,50.596460545747874
2026-02-18 03:00:00,1.18444,1.18464,1.18408,1.1841,735,8,1.1843180547519372,1.184760505082199,47.56520427788928
2026-02-18 04:00:00,1.1841,1.18435,1.1839,1.18414,647,8,1.1843010971565147,1.1847361715495637,47.94900710160108
2026-02-18 05:00:00,1.18414,1.18456,1.18413,1.18453,570,8,1.1843228974273228,1.1847280863907574,51.66392536536851
2026-02-18 06:00:00,1.18454,1.1846,1.184,1.18445,872,8,1.1843350024342443,1.1847171810421002,50.86201855871231
2026-02-18 07:00:00,1.18442,1.18462,1.18326,1.18346,1600,8,1.1842516688690783,1.184667879824763,42.144260229921095
2026-02-18 08:00:00,1.18346,1.1837900000000001,1.18279,1.18308,2032,8,1.1841400813577376,1.1846056100277136,39.35586829830759
2026-02-18 09:00:00,1.18307,1.18384,1.18279,1.18354,1678,8,1.184082930752239,1.1845638213991758,44.17126517770094
2026-02-18 10:00:00,1.18356,1.18404,1.18305,1.1832,1421,8,1.1839988421091685,1.1845103382070512,41.545402307340396
2026-02-18 11:00:00,1.1832,1.18375,1.18302,1.18343,1224,8,1.1839446666702,1.184467972002853,43.97185618533019
2026-02-18 12:00:00,1.18343,1.18469,1.1833,1.18397,1592,8,1.1839470793682763,1.1844484436890157,49.29374179626758
2026-02-18 13:00:00,1.18396,1.18482,1.1823299999999999,1.18234,2384,8,1.1837940241903453,1.18436575962278,37.66411872671129
2026-02-18 14:00:00,1.18236,1.18274,1.18119,1.1815,3320,8,1.1835755456960266,1.1842533768924748,33.30357120094638
2026-02-18 15:00:00,1.18152,1.18265,1.18131,1.18222,3071,8,1.1834464461059289,1.1841736366221818,39.74315094554315
2026-02-18 16:00:00,1.18222,1.18258,1.18089,1.18089,2481,8,1.1832029750482214,1.1840448665585668,33.33962116504061
2026-02-18 17:00:00,1.18091,1.18139,1.18015,1.1806,1842,8,1.1829550726626765,1.1839097737523485,32.1242169774807
2026-02-18 18:00:00,1.18057,1.18071,1.17872,1.179,2016,8,1.182578399075755,1.1837172336051978,26.40482318745957
2026-02-18 19:00:00,1.17899,1.17951,1.17832,1.1787,2817,8,1.1822090277352069,1.1835204793461704,25.488502024882592
2026-02-18 20:00:00,1.1787,1.17899,1.17815,1.17834,1320,8,1.1818405489032824,1.1833173232933794,24.394489927840155
2026-02-18 21:00:00,1.17835,1.17871,1.17817,1.17827,934,8,1.1815004966267793,1.1831193890465803,24.177187879662355
2026-02-18 22:00:00,1.17827,1.17853,1.17801,1.17853,356,8,1.1812175921861336,1.182939413005538,26.785903720666226
2026-02-18 23:00:00,1.17853,1.1789399999999999,1.17853,1.17883,658,8,1.1809902024541208,1.1827782595543406,29.787643411686844
2026-02-19 00:00:00,1.17883,1.17915,1.17848,1.17897,1093,8,1.180797802220395,1.1826289160424057,31.205152008604813
2026-02-19 01:00:00,1.17897,1.17947,1.1789100000000001,1.17942,1128,8,1.1806665829613099,1.1825030761976056,35.69881297799262
2026-02-19 02:00:00,1.17941,1.1795200000000001,1.17902,1.17905,966,8,1.1805126226792804,1.1823676614447582,33.746935201953605
2026-02-19 03:00:00,1.17905,1.17925,1.17874,1.17903,983,8,1.180371420519349,1.18223677276065,33.63986563379663
2026-02-19 04:00:00,1.17905,1.17913,1.17844,1.1789100000000001,919,8,1.1802322376127443,1.1821063110837617,32.964080531284665
2026-02-19 05:00:00,1.1789,1.17923,1.17864,1.17913,839,8,1.1801272626020067,1.1819895930020456,35.5214628331738
2026-02-19 06:00:00,1.17913,1.18004,1.1789399999999999,1.1798,1114,8,1.1800960947351489,1.1819037266098087,42.69183052505614
2026-02-19 07:00:00,1.17978,1.18031,1.17922,1.18002,1625,8,1.1800888476175155,1.1818298549780515,44.86015538953001
2026-02-19 08:00:00,1.18001,1.18049,1.1797,1.18007,1855,8,1.1800870526063234,1.1817608410573437,45.36609890309699
2026-02-19 09:00:00,1.18009,1.18072,1.17982,1.17994,1677,8,1.1800730475961974,1.1816894355256833,44.22975685343473
2026-02-19 10:00:00,1.17996,1.18026,1.17869,1.17889,1784,8,1.1799603763965596,1.1815796537403622,36.31714334899771
2026-02-19 11:00:00,1.17887,1.17901,1.1776200000000001,1.1780599999999999,1745,8,1.1797793881683158,1.1814416281034852,31.517292138760993
2026-02-19 12:00:00,1.17805,1.1780599999999999,1.17666,1.17692,2018,8,1.179507065485619,1.181264309354329,26.36346322515844
2026-02-19 13:00:00,1.17691,1.17698,1.17511,1.17651,3400,8,1.179221630677465,1.1810778658502377,24.79318329412898
2026-02-19 14:00:00,1.1764999999999999,1.1766,1.17416,1.17513,4273,8,1.1788319515653254,1.180844616209052,20.390792114334744
2026-02-19 15:00:00,1.17514,1.1775,1.17477,1.17629,5530,8,1.1785898609400562,1.1806660038086971,31.415036598361723
2026-02-19 16:00:00,1.17628,1.17704,1.17578,1.17608,3011,8,1.1783508265648128,1.1804861605220816,30.58918978717537
2026-02-19 17:00:00,1.17608,1.17676,1.17556,1.17654,2239,8,1.1781783668919734,1.1803314091290589,34.64224282570268
2026-02-19 18:00:00,1.17654,1.17738,1.17643,1.1768,1529,8,1.1780470938546426,1.1801929224965468,36.88552720216181
2026-02-19 19:00:00,1.17682,1.17716,1.17586,1.17634,1672,8,1.1778845134875338,1.1800418274966822,34.621399210262936
2026-02-19 20:00:00,1.17634,1.17685,1.17629,1.1768399999999999,1060,8,1.1777850360125306,1.1799162656340674,39.00410618150528
2026-02-19 21:00:00,1.17682,1.17778,1.17673,1.17704,1037,8,1.1777140802018133,1.1798034709033196,40.71604659679848
2026-02-19 22:00:00,1.1770100000000001,1.17724,1.17689,1.1770100000000001,406,20,1.177647024944498,1.1796939230247583,40.53228065332034
2026-02-19 23:00:00,1.17707,1.17756,1.1768,1.1768,740,8,1.1775663559021647,1.1795804358473168,39.1985974628208
2026-02-20 00:00:00,1.17683,1.1772,1.17664,1.1770100000000001,1211,8,1.1775133696257682,1.1794796344415397,41.27938119234834
2026-02-20 01:00:00,1.17699,1.17713,1.17548,1.17586,1838,8,1.1773559058518857,1.1793376879928519,34.347226456240406
2026-02-20 02:00:00,1.17586,1.17596,1.1753,1.17544,1280,8,1.1771734386278965,1.1791848374833285,32.21915893934974
2026-02-20 03:00:00,1.17544,1.17587,1.17544,1.17567,804,8,1.1770302539966682,1.1790470007192764,34.608500590963374
2026-02-20 04:00:00,1.17566,1.17596,1.17523,1.17527,767,8,1.1768626107588902,1.1788988830440108,32.46509287994256
2026-02-20 05:00:00,1.1752799999999999,1.17564,1.17496,1.1755,1051,8,1.1767328383056626,1.1787655935128731,34.9594505860576
2026-02-20 06:00:00,1.1755,1.17565,1.17514,1.17546,1183,8,1.1766116156098854,1.1786359623947211,34.719281011469775
2026-02-20 07:00:00,1.17544,1.17624,1.17492,1.17511,2074,8,1.1764686045994202,1.1784976893596342,32.6083458450579
2026-02-20 08:00:00,1.1751,1.17631,1.17431,1.17607,2601,8,1.1764306422566182,1.1784024858553348,42.86877608621296
2026-02-20 09:00:00,1.17606,1.17677,1.1757900000000001,1.17665,1850,8,1.1764515334702736,1.1783337609198314,48.01813060928679
2026-02-20 10:00:00,1.17665,1.17683,1.17569,1.17634,1751,8,1.1764409112350094,1.1782555742170928,45.64983006898072
2026-02-20 11:00:00,1.17632,1.17686,1.17597,1.17668,1314,8,1.1764636815935798,1.1781937869928931,48.64170913242505
2026-02-20 12:00:00,1.17668,1.17708,1.17629,1.17651,1698,8,1.176468092870382,1.1781277561304266,47.241410476805996
2026-02-20 13:00:00,1.17653,1.17861,1.17566,1.17689,3946,8,1.176508274501774,1.1780792166743315,50.6606139438672
2026-02-20 14:00:00,1.17687,1.1770100000000001,1.17555,1.1767400000000001,3401,8,1.1765303435968433,1.1780266983733774,49.30232698082715
2026-02-20 15:00:00,1.17675,1.18071,1.17551,1.17878,13228,8,1.17674459658762,1.1780562396136371,63.59718022287715
2026-02-20 16:00:00,1.17879,1.1797900000000001,1.17733,1.17798,4380,8,1.1768622540554659,1.1780532498248673,56.829915185018706
2026-02-20 17:00:00,1.17799,1.17846,1.17652,1.17798,3394,8,1.1769687060501834,1.1780503772827158,56.829915185018706
2026-02-20 18:00:00,1.17797,1.17986,1.17763,1.17854,4982,8,1.1771183530930232,1.1780695781735897,60.262660034368835
2026-02-20 19:00:00,1.17856,1.17892,1.1778,1.17803,2103,8,1.1772051766079734,1.178068026088351,55.90292601322148
2026-02-20 20:00:00,1.17803,1.1787,1.17771,1.17859,1453,8,1.1773370645500711,1.1780884956535136,59.37808460219226
2026-02-20 21:00:00,1.17859,1.17911,1.17792,1.17805,1137,8,1.17740496316435,1.1780869860200425,54.8862970903901
2026-02-22 22:00:00,1.17822,1.17931,1.17811,1.17916,329,48,1.17757210952965,1.1781290649996485,61.35733560564511
2026-02-22 23:00:00,1.1792799999999999,1.18343,1.17922,1.1832799999999999,2868,8,1.178115718145874,1.1783310624506427,75.43933974653807
2026-02-23 00:00:00,1.18326,1.18342,1.18222,1.18306,3319,8,1.178586602131981,1.17851651098199,73.8908853380754
2026-02-23 01:00:00,1.18305,1.18331,1.18204,1.18259,2937,8,1.1789678781194113,1.1786762556493628,70.55883315138217
2026-02-23 02:00:00,1.18259,1.18308,1.1823,1.18271,1924,8,1.1793242706794673,1.1788344417023289,70.9194053835097
2026-02-23 03:00:00,1.18272,1.18277,1.1816200000000001,1.18227,1266,8,1.1796048163290418,1.1789691694787083,67.64789961400876
2026-02-23 04:00:00,1.18228,1.18237,1.18176,1.18204,934,8,1.1798367385834188,1.1790895942050335,65.93566666741467
2026-02-23 05:00:00,1.18204,1.18211,1.18148,1.18193,912,8,1.1800360968135692,1.179200982667581,65.08716361056827
2026-02-23 06:00:00,1.18193,1.18335,1.18163,1.18241,1525,8,1.1802621828313247,1.179326826484539,67.07807299132924
2026-02-23 07:00:00,1.18242,1.18275,1.18183,1.18229,2055,8,1.1804553082759606,1.179443029367498,66.06380059454327
2026-02-23 08:00:00,1.18228,1.18247,1.18068,1.18103,2758,8,1.180510040821107,1.179505263509949,56.41747994039893
2026-02-23 09:00:00,1.18102,1.18123,1.18,1.18004,1960,8,1.1804652750286209,1.1795262335683823,50.21353075214296
2026-02-23 10:00:00,1.18006,1.18012,1.17946,1.17984,1651,8,1.180405725025895,1.1795385381343282,49.0402902017426
2026-02-23 11:00:00,1.17984,1.17987,1.17804,1.1785700000000001,2073,8,1.180230894071048,1.1795005562467076,42.28410083571316
2026-02-23 12:00:00,1.1785700000000001,1.17861,1.17741,1.17815,2136,8,1.180032713683329,1.1794475932566408,40.30643277971478
2026-02-23 13:00:00,1.17815,1.17975,1.17779,1.17956,2598,8,1.1799876933325357,1.1794520013642236,48.94036288265717
2026-02-23 14:00:00,1.17956,1.18087,1.17935,1.18052,3505,8,1.1800383892056276,1.179493883663666,53.836122436606054
2026-02-23 15:00:00,1.18053,1.18096,1.1791800000000001,1.17943,3627,8,1.1799804473765203,1.1794913784219536,48.18663666872227
2026-02-23 16:00:00,1.17941,1.18059,1.17877,1.18035,3108,8,1.1800156428644708,1.1795250498563867,52.698501295915705
2026-02-23 17:00:00,1.18033,1.18083,1.17902,1.17983,2321,8,1.1799979625916641,1.1795370086855481,50.045836181035945
2026-02-23 18:00:00,1.17983,1.18006,1.17943,1.17977,1494,8,1.1799762518686485,1.1795461455998404,49.73475286765107
2026-02-23 19:00:00,1.17977,1.18003,1.17878,1.17912,1352,8,1.1798947040716343,1.1795294340076898,46.371881373422084
2026-02-23 20:00:00,1.17913,1.17936,1.1787,1.17888,1139,8,1.1797980655886215,1.1795039660073883,45.15775138990975
2026-02-23 21:00:00,1.17886,1.17921,1.17823,1.17823,992,8,1.179648726008753,1.179454006556118,41.95391890295153
2026-02-23 22:00:00,1.17823,1.1786699999999999,1.17823,1.1786699999999999,422,8,1.1795555140079192,1.1794232612009763,44.80844567642122
2026-02-23 23:00:00,1.17866,1.1795,1.17861,1.17925,890,8,1.1795264174357365,1.1794164666440754,48.409975000898804
2026-02-24 00:00:00,1.17925,1.17959,1.1787,1.17875,1408,8,1.1794524729180473,1.1793903306972489,45.644741700797745
2026-02-24 01:00:00,1.17873,1.17873,1.17712,1.17814,2283,8,1.179327475497281,1.1793412981208862,42.45831325258623
2026-02-24 02:00:00,1.17814,1.17842,1.17778,1.17835,1483,8,1.179234382592778,1.179302423684773,43.91000028657674
2026-02-24 03:00:00,1.17834,1.1785,1.17746,1.17749,914,8,1.1790682509172754,1.1792313482461543,39.513567014771425
2026-02-24 04:00:00,1.17749,1.17765,1.17676,1.17693,970,8,1.178864607972773,1.1791410992953246,36.921252282623215
2026-02-24 05:00:00,1.17693,1.17802,1.17682,1.1779600000000001,954,8,1.1787784548325089,1.1790947816759,44.175615787314875
2026-02-24 06:00:00,1.1779600000000001,1.17819,1.17767,1.17802,1232,8,1.1787062210389367,1.1790526333748845,44.575483988674605
2026-02-24 07:00:00,1.17801,1.17822,1.1771099999999999,1.17788,3208,8,1.1786275333209428,1.17900664775234,43.78734464805924
2026-02-24 08:00:00,1.17788,1.17895,1.17731,1.17835,2706,8,1.178601101576091,1.1789808968600914,47.16476479435089
2026-02-24 09:00:00,1.1783299999999999,1.17927,1.17826,1.17874,1842,8,1.1786143299974157,1.1789714499244015,49.856998446307394
2026-02-24 10:00:00,1.17875,1.17908,1.17818,1.17853,1555,8,1.1786062985690904,1.1789541381626603,48.42610269825863
2026-02-24 11:00:00,1.17853,1.17859,1.17789,1.17802,1542,8,1.1785504606101296,1.1789175052935366,45.04495902740898
2026-02-24 12:00:00,1.17802,1.1783299999999999,1.1772,1.17812,1922,8,1.1785094643615457,1.178886230576143,45.843413026367266
2026-02-24 13:00:00,1.17811,1.17811,1.17676,1.17718,2395,8,1.1783828487080652,1.1788193195731569,39.96529945613832
2026-02-24 14:00:00,1.17719,1.17784,1.1767,1.17731,2781,8,1.1782806726406303,1.178760130570288,41.09028802858693
2026-02-24 15:00:00,1.17729,1.1780599999999999,1.17655,1.17725,3366,8,1.1781825133415227,1.17870090976361,40.7111029731603
2026-02-24 16:00:00,1.17726,1.17899,1.17715,1.17878,2271,8,1.1782394168328063,1.1787040113415077,52.698211837577986
2026-02-24 17:00:00,1.17878,1.17884,1.17816,1.17851,1465,8,1.1782651866582532,1.1786964030536056,50.7482800335301
2026-02-24 18:00:00,1.17852,1.17864,1.17769,1.17783,1331,8,1.178223740309848,1.1786624264632681,46.11977678858845
2026-02-24 19:00:00,1.17781,1.17836,1.17761,1.17786,1125,8,1.1781890983755767,1.1786309587588264,46.35224726447854
2026-02-24 20:00:00,1.17786,1.1783,1.17746,1.17749,1067,8,1.1781225175779029,1.1785862152780882,43.83993579744374
2026-02-24 21:00:00,1.1775,1.17768,1.17705,1.17713,674,8,1.178027992094293,1.1785291087965946,41.48397268833653
2026-02-24 22:00:00,1.17712,1.1773500000000001,1.1770100000000001,1.17731,611,20,1.1779596118948366,1.1784813006084929,43.12962968368008
2026-02-24 23:00:00,1.17737,1.17756,1.17725,1.17738,500,8,1.177904410761995,1.1784381123493364,43.7916563637521
2026-02-25 00:00:00,1.17739,1.17795,1.17728,1.17777,1311,8,1.177891609737043,1.1784119118650487,47.46126933551846
2026-02-25 01:00:00,1.17777,1.17816,1.17757,1.17779,1362,8,1.1778819326192296,1.1783875231644585,47.65001895099851
2026-02-25 02:00:00,1.17779,1.17931,1.17775,1.17919,1826,8,1.1780065104650173,1.1784189928442836,58.80631168954789
2026-02-25 03:00:00,1.1791800000000001,1.17939,1.17855,1.1789,1920,8,1.178091604706444,1.178437855869998,56.13754015322716
2026-02-25 04:00:00,1.1789,1.17959,1.17873,1.17946,1086,8,1.178221928067735,1.1784779399535275,59.920123790464395
2026-02-25 05:00:00,1.17946,1.18051,1.17937,1.18005,1159,8,1.1783960301565222,1.1785395893671147,63.49226870696723
2026-02-25 06:00:00,1.18005,1.18059,1.17967,1.18049,1480,8,1.1785954558559009,1.1786160760586004,65.93091343822067
2026-02-25 07:00:00,1.18048,1.1807699999999999,1.17967,1.17968,1790,8,1.1786987457743865,1.1786577985661064,58.2208295208631
2026-02-25 08:00:00,1.17968,1.17996,1.1789100000000001,1.17897,2065,8,1.1787245795101593,1.1786700417595926,52.43279593859237
2026-02-25 09:00:00,1.17895,1.17926,1.17852,1.17876,1965,8,1.1787279528901442,1.1786735695337263,50.823403243760815
2026-02-25 10:00:00,1.17876,1.17882,1.17789,1.17795,1626,8,1.178653862138702,1.178645194257894,45.07619814734181
2026-02-25 11:00:00,1.1779600000000001,1.17809,1.17708,1.17748,1422,8,1.17854206574454,1.1785995003654275,42.101211195274765
2026-02-25 12:00:00,1.17746,1.17866,1.17736,1.17854,1504,8,1.178541869006965,1.1785971670177637,50.10010781674963
2026-02-25 13:00:00,1.17856,1.17897,1.17723,1.17731,2392,8,1.1784245481491586,1.1785466898798123,42.7241566389566
2026-02-25 14:00:00,1.1773,1.17888,1.17726,1.1785700000000001,2390,8,1.1784384007063817,1.1785476040021727,50.726907717234596
2026-02-25 15:00:00,1.17859,1.1802,1.17843,1.18008,3471,8,1.1785947434962503,1.178607697962872,58.25468327249778
2026-02-25 16:00:00,1.18007,1.18068,1.17982,1.18035,2176,8,1.1787619107823217,1.1786760235329554,59.44769279919251
2026-02-25 17:00:00,1.18035,1.1814,1.18022,1.18069,1931,8,1.1789455383268626,1.1787550030022513,60.960689986932685
2026-02-25 18:00:00,1.18068,1.18107,1.18038,1.18044,1226,8,1.1790878680100185,1.1788210813158884,59.21135364996436
2026-02-25 19:00:00,1.18044,1.18091,1.18023,1.1804999999999999,1062,8,1.179222356770969,1.178886921264285,59.51164958368668
2026-02-25 20:00:00,1.1804999999999999,1.18084,1.18042,1.18057,1097,8,1.1793507037451623,1.17895292435196,59.88273420607284
2026-02-25 21:00:00,1.18056,1.18126,1.1803,1.18083,857,8,1.179491589102766,1.1790265351616873,61.301456791294875
2026-02-25 22:00:00,1.18083,1.18108,1.18041,1.18104,523,20,1.1796390568072643,1.1791054945671113,62.45632794683595
2026-02-25 23:00:00,1.1811,1.1816,1.18102,1.18147,752,8,1.1798134323494296,1.179198220270362,64.77442118506235
2026-02-26 00:00:00,1.18147,1.1819,1.18113,1.18186,1236,8,1.1800083435542457,1.1793026037891712,66.77797533104982
2026-02-26 01:00:00,1.18184,1.1828400000000001,1.18173,1.18268,1837,8,1.18026278702527,1.1794350506993998,70.56842224493361
2026-02-26 02:00:00,1.18268,1.18286,1.1813,1.1817,1277,8,1.1803996644514347,1.1795238722405998,61.53262147417356
2026-02-26 03:00:00,1.1817199999999999,1.18218,1.18154,1.18168,1073,8,1.1805216011703457,1.1796084262703803,61.3599463355091
2026-02-26 04:00:00,1.18168,1.18184,1.18122,1.18178,1011,8,1.1806414486779317,1.179693586024483,61.93512594367545
2026-02-26 05:00:00,1.18178,1.18224,1.18156,1.18192,1345,8,1.1807632154705097,1.1797808963764642,62.77065935925876
2026-02-26 06:00:00,1.18193,1.1822,1.18143,1.18182,1549,8,1.1808638616161753,1.1798608612244461,61.72838751441514
2026-02-26 07:00:00,1.18184,1.18184,1.18085,1.18152,2015,8,1.1809263509860635,1.1799259254901542,58.585557990003196
2026-02-26 08:00:00,1.18155,1.18157,1.18018,1.18022,2295,8,1.1808590794635812,1.1799374578238737,47.33811849924226
2026-02-26 09:00:00,1.18019,1.18055,1.17965,1.1797,1869,8,1.18074869094324,1.1799281457523494,43.722268110966624
2026-02-26 10:00:00,1.17969,1.17995,1.17929,1.17982,1279,8,1.180660244186741,1.1799239047424535,44.7706795373635
2026-02-26 11:00:00,1.17982,1.18046,1.17976,1.18001,1356,8,1.1805983161689562,1.1799272810270631,46.471040020274046
2026-02-26 12:00:00,1.18003,1.18094,1.17997,1.18087,1366,8,1.1806241908195318,1.1799642503985508,53.45600865504305
2026-02-26 13:00:00,1.18086,1.18163,1.18023,1.18064,2421,8,1.1806256964557669,1.1799907503829214,51.519749579678724
2026-02-26 14:00:00,1.18065,1.18156,1.18017,1.18125,2917,8,1.18068515393617,1.1800401327208463,56.06506103551288
2026-02-26 15:00:00,1.18123,1.18141,1.1780599999999999,1.17985,4460,8,1.1806056154660587,1.1800326765357152,45.51734165198712
2026-02-26 16:00:00,1.17982,1.1799,1.17856,1.17915,2563,8,1.1804669854216723,1.1799980617696089,41.330455541519235
2026-02-26 17:00:00,1.17917,1.1793,1.1773500000000001,1.17756,2377,8,1.1801901296672275,1.179902451504134,33.73892610583364
2026-02-26 18:00:00,1.17759,1.17869,1.17737,1.17838,2453,8,1.1800177363655868,1.1798427475235798,39.872756894824875
2026-02-26 19:00:00,1.1784,1.17973,1.1782,1.17962,1380,8,1.1799798567117215,1.1798340123265767,47.74965140523002
2026-02-26 20:00:00,1.17963,1.18028,1.1795200000000001,1.18008,1122,8,1.1799893941677482,1.1798436589020052,50.348249593467
2026-02-26 21:00:00,1.1801,1.18032,1.1795,1.17967,806,8,1.1799589756755817,1.1798368487489854,48.05425446504409
2026-02-26 22:00:00,1.17968,1.17978,1.17945,1.17978,398,8,1.1799419303731453,1.17983461938628,48.72920458944245
2026-02-26 23:00:00,1.17976,1.18027,1.17962,1.18026,697,8,1.17997222271856,1.179851300978975,51.679633489124186
2026-02-27 00:00:00,1.18026,1.18053,1.17956,1.17956,1777,8,1.1799329634120306,1.1798398774111722,47.39612691300779
2026-02-27 01:00:00,1.17959,1.18021,1.17886,1.17899,2196,8,1.1798431573727897,1.179806548885244,44.18459397544769
2026-02-27 02:00:00,1.17902,1.18009,1.17902,1.18,1226,8,1.1798580947658575,1.17981413520347,50.57524696562978
2026-02-27 03:00:00,1.18,1.18055,1.17997,1.18033,1017,8,1.17990303812149,1.1798343651954906,52.48932482437579
2026-02-27 04:00:00,1.18031,1.18128,1.1801599999999999,1.18104,965,8,1.1800113202051576,1.1798816449917457,56.401478826357575
2026-02-27 05:00:00,1.18103,1.18116,1.18057,1.18081,1160,8,1.1800873849475235,1.179918051070501,54.82651863554867
2026-02-27 06:00:00,1.18081,1.18105,1.18017,1.1804000000000001,1527,8,1.180117157809664,1.1799369510285207,52.036983066342074
2026-02-27 07:00:00,1.18039,1.1819,1.17968,1.18146,2324,8,1.180245047542077,1.179996678439167,57.988361239708944
2026-02-27 08:00:00,1.18149,1.18212,1.18079,1.18095,2254,8,1.180312185871403,1.1800340635984152,54.48536316135276
2026-02-27 09:00:00,1.18093,1.1811099999999999,1.17926,1.1795,2074,8,1.1802348348360314,1.1800131199278892,45.98069943795245
2026-02-27 10:00:00,1.1795200000000001,1.18033,1.17943,1.17984,1595,8,1.180197231518314,1.1800063309111093,48.0291827967819
2026-02-27 11:00:00,1.17984,1.18038,1.17958,1.17997,1435,8,1.1801755904213318,1.1800049061694973,48.8282129815355
2026-02-27 12:00:00,1.17997,1.18078,1.17983,1.18023,1643,8,1.1801807722859667,1.1800137333785365,50.468426707515995
2026-02-27 13:00:00,1.18022,1.18062,1.17901,1.1792,4072,8,1.1800873654015889,1.1799818222656528,44.39723013693055
2026-02-27 14:00:00,1.17923,1.18151,1.17905,1.17966,3656,8,1.1800466639347709,1.1799692017846468,47.438318694831686
2026-02-27 15:00:00,1.17968,1.18167,1.1796,1.18067,4109,8,1.1801060292743166,1.179996684067602,53.457415915173655
2026-02-27 16:00:00,1.18067,1.18248,1.18052,1.18215,3136,8,1.1803006931529532,1.1800811278296568,60.58091917783248
2026-02-27 17:00:00,1.18216,1.18266,1.18153,1.18164,2318,8,1.1804282461860054,1.1801422600716311,57.32495227618762
2026-02-27 18:00:00,1.18161,1.18187,1.18109,1.18177,1745,8,1.1805560322635287,1.1802060930099985,57.94541449195826
2026-02-27 19:00:00,1.18175,1.18225,1.18161,1.18188,1193,8,1.180682124428907,1.180271736421371,58.49530043121068
2026-02-27 20:00:00,1.18189,1.18255,1.18149,1.18159,1433,8,1.180768588769011,1.1803234330322976,56.40147850811833
2026-02-27 21:00:00,1.18159,1.18179,1.18109,1.18139,1278,8,1.1808277707910098,1.180365259187894,54.940879323080686
2026-03-01 22:00:00,1.1763,1.17747,1.1754,1.1774,760,57,1.1805013164299614,1.180248974513859,35.3005251567036
2026-03-01 23:00:00,1.1775,1.17869,1.1756199999999999,1.17591,3136,8,1.1800640481985365,1.1800788186505702,30.863454902735114
2026-03-02 00:00:00,1.17591,1.17777,1.17557,1.17769,3588,8,1.1798379483701045,1.1799851394878027,40.487196727305346
2026-03-02 01:00:00,1.17767,1.17939,1.17749,1.17916,3435,8,1.179773381858666,1.1799527810765162,47.04321180722063
2026-03-02 02:00:00,1.17914,1.1793,1.1780599999999999,1.17884,2009,8,1.1796844883483169,1.1799091426029276,45.85888820401092
2026-03-02 03:00:00,1.17884,1.1795499999999999,1.17878,1.17883,1533,8,1.17960310850562,1.1798668232851657,45.820067460481006
2026-03-02 04:00:00,1.17883,1.179,1.17815,1.17861,1207,8,1.17950852674318,1.179817536097512,44.91916175978193
2026-03-02 05:00:00,1.17861,1.17861,1.17659,1.17661,1579,8,1.1792324765771627,1.1796917503681978,37.668271937709726
2026-03-02 06:00:00,1.17661,1.17663,1.17298,1.1732,4375,8,1.178657954998385,1.1794371719223862,29.05620157882612
2026-03-02 07:00:00,1.17318,1.17342,1.17029,1.17159,5382,8,1.1779848164271103,1.1791294396901357,26.03022242545198
2026-03-02 08:00:00,1.17156,1.17235,1.16975,1.17225,5149,8,1.1774386434340522,1.178859657741503,29.28156317546501
2026-03-02 09:00:00,1.17222,1.17433,1.17207,1.17325,3896,8,1.1770397250117617,1.1786396711634048,34.01416166654067
2026-03-02 10:00:00,1.17325,1.1747,1.17323,1.17385,3072,8,1.1767359416773082,1.1784518409217029,36.74923348850196
2026-03-02 11:00:00,1.17386,1.17409,1.17257,1.17329,2586,8,1.17640775675566,1.1782494157875185,35.27942433870987
2026-03-02 12:00:00,1.17329,1.17337,1.17017,1.17036,3805,8,1.1758317799217874,1.177940026933106,28.791067751938783
2026-03-02 13:00:00,1.17038,1.17179,1.16951,1.16983,5041,8,1.1752601818339983,1.1776219866612194,27.795256922070507
2026-03-02 14:00:00,1.16981,1.17236,1.16944,1.17172,5975,8,1.1749230216593318,1.1773905362039168,36.261513710304065
2026-03-02 15:00:00,1.17163,1.17163,1.1679599999999999,1.16799,5386,8,1.1742627338822527,1.1770218877253318,29.02766364555366
2026-03-02 16:00:00,1.16797,1.16939,1.16715,1.16891,4785,8,1.1737529497029906,1.1767037744812012,32.59917835567606
2026-03-02 17:00:00,1.1689,1.17074,1.16862,1.17065,3362,8,1.1734574306836583,1.1764663715603698,38.86527918136842
2026-03-02 18:00:00,1.17065,1.1707,1.16865,1.16941,2606,8,1.1730719610947384,1.176189651107022,36.2769468520546
2026-03-02 19:00:00,1.1694,1.1713,1.16934,1.17107,2251,8,1.172881298133335,1.175988880475374,41.85920946832083
2026-03-02 20:00:00,1.17109,1.17127,1.16783,1.16899,5419,8,1.1725106983111127,1.175714414574379,37.43412737465647
2026-03-02 21:00:00,1.16897,1.16949,1.1687,1.16872,1156,8,1.17214967942434,1.1754401238067562,36.888982295274616
2026-03-02 22:00:00,1.16872,1.1688,1.16825,1.16865,707,20,1.171816376622022,1.1751738444417854,36.73960046680221
2026-03-02 23:00:00,1.16868,1.1697899999999999,1.16868,1.1694499999999999,1041,8,1.1715910074199247,1.1749493799538724,39.7428163807531
2026-03-03 00:00:00,1.1694499999999999,1.16954,1.16862,1.16949,1799,8,1.17139091147517,1.1747352866223482,39.89645817809037
2026-03-03 01:00:00,1.16951,1.17065,1.16921,1.16968,2860,8,1.1712279675251538,1.1745370400881385,40.670297885637744
2026-03-03 02:00:00,1.16967,1.16987,1.16854,1.16939,2713,8,1.1710529229989486,1.1743351953787997,39.82742467497455
2026-03-03 03:00:00,1.16941,1.16973,1.1686,1.16898,1591,8,1.1708555017609537,1.174125187716886,38.60914873900188
2026-03-03 04:00:00,1.16901,1.16933,1.16788,1.16809,1593,8,1.170592120640863,1.1738885136887727,36.032536255751104
2026-03-03 05:00:00,1.16809,1.16846,1.16646,1.1666400000000001,2995,8,1.1702157281988759,1.1736042582499975,32.25570098142437
2026-03-03 06:00:00,1.1666400000000001,1.16714,1.16616,1.1669,2835,8,1.1698999445608878,1.1733413461617623,33.599682802562
2026-03-03 07:00:00,1.16688,1.16688,1.16424,1.16432,4428,8,1.1693685212693747,1.172987567880909,27.72233390383903
2026-03-03 08:00:00,1.16434,1.16459,1.16173,1.16221,5873,8,1.168686757338958,1.172564918160089,24.021542406812728
2026-03-03 09:00:00,1.16224,1.16288,1.15981,1.16049,5818,8,1.1679061137828668,1.1720913919577327,21.50172638233329
2026-03-03 10:00:00,1.16049,1.16125,1.15887,1.15916,5314,8,1.167073150565451,1.1715842785476256,19.774382699290967
2026-03-03 11:00:00,1.15914,1.16031,1.15815,1.15971,5606,8,1.1663718981306461,1.1711186205653656,22.54545627423147
2026-03-03 12:00:00,1.1596899999999999,1.16148,1.15897,1.16126,5434,8,1.1658850506896323,1.1707320079941748,29.89465226288894
2026-03-03 13:00:00,1.16123,1.16146,1.15897,1.15902,5005,8,1.1652312363382387,1.1702727135630306,26.048112765454704
2026-03-03 14:00:00,1.159,1.15993,1.15643,1.15672,7282,8,1.1644206424012635,1.1697412345997744,22.803631926177758
2026-03-03 15:00:00,1.15669,1.1584699999999999,1.15297,1.15725,11713,8,1.1637377240773337,1.1692513822625286,25.118241277114222
2026-03-03 16:00:00,1.15728,1.16056,1.15688,1.16026,9548,8,1.1634065122604447,1.1688987790365473,36.722230271748245
2026-03-03 17:00:00,1.16028,1.16033,1.1586400000000001,1.15902,6130,8,1.1629887491880213,1.1685113759370749,34.359989466508594
2026-03-03 18:00:00,1.15902,1.16218,1.15895,1.16151,4520,8,1.1628479159320193,1.1682368121748368,42.376041894302645
2026-03-03 19:00:00,1.1615199999999999,1.16254,1.1599599999999999,1.16123,5739,8,1.1626938287003985,1.167962035226804,41.75848074844399
2026-03-03 20:00:00,1.16121,1.16241,1.16107,1.16172,3724,8,1.1626010831098845,1.1677172495316352,43.31533477135201
2026-03-03 21:00:00,1.1617,1.16181,1.16092,1.16117,1415,8,1.1624647894803717,1.1674604946480418,41.95953015776996
2026-03-03 22:00:00,1.16115,1.16121,1.16088,1.16117,728,8,1.1623414761965267,1.1672138085834127,41.95953015776996
2026-03-03 23:00:00,1.16123,1.162,1.1608100000000001,1.16102,1446,8,1.1622156213206671,1.1669709141291613,41.548185904236675
2026-03-04 00:00:00,1.16104,1.16107,1.15919,1.1592500000000001,3512,8,1.1619331811948894,1.1666681331829198,36.94557804605004
2026-03-04 01:00:00,1.15927,1.15973,1.15744,1.1593499999999999,4041,8,1.1616871639382333,1.1663811475679033,37.3677229265045
2026-03-04 02:00:00,1.15933,1.1604,1.1591,1.15976,3138,8,1.1615036245155443,1.1661214947221032,39.1660172301373
2026-03-04 03:00:00,1.15976,1.16089,1.15948,1.16082,2142,8,1.1614385174188258,1.1659135929682953,43.669157795346415
2026-03-04 04:00:00,1.16082,1.161,1.159,1.15927,2151,8,1.1612319919503662,1.165653059910715,39.11016018837113
2026-03-04 05:00:00,1.15929,1.15985,1.15867,1.15951,2432,8,1.161067992716998,1.165412155600491,40.1520176080177
2026-03-04 06:00:00,1.15948,1.16172,1.15892,1.16104,2708,8,1.1610653267439506,1.165240698518119,46.44333836772465
2026-03-04 07:00:00,1.16104,1.16277,1.16104,1.16154,4001,8,1.1611105337207173,1.165095573086036,48.35403597329028
2026-03-04 08:00:00,1.16154,1.16167,1.15945,1.15992,4589,8,1.1609971495568394,1.1648926094356031,43.00114744723547
2026-03-04 09:00:00,1.15994,1.16199,1.15917,1.16084,4305,8,1.1609821829323785,1.1647336835753834,46.61548155211246
2026-03-04 10:00:00,1.16085,1.16467,1.16083,1.16341,8676,8,1.1612134036054853,1.1646817744155644,55.16777270666302
2026-03-04 11:00:00,1.16339,1.16544,1.16305,1.16349,3951,8,1.1614302223097248,1.1646350381639738,55.40725472233591
2026-03-04 12:00:00,1.16351,1.1648399999999999,1.16255,1.163,3763,8,1.161579724946894,1.1645709190202886,53.52143105069179
2026-03-04 13:00:00,1.1629800000000001,1.1651799999999999,1.1629800000000001,1.16308,5089,8,1.1617226082852852,1.1645124516077283,53.79791796871452
2026-03-04 14:00:00,1.16306,1.16408,1.16204,1.16244,7117,8,1.1617909313057342,1.1644311789956605,51.17517433927409
2026-03-04 15:00:00,1.16243,1.16402,1.16164,1.16399,5678,8,1.1620003664194738,1.1644138778585758,56.683055876038516
2026-03-04 16:00:00,1.16399,1.16458,1.16282,1.16366,3495,8,1.1621584267604763,1.1643843140209846,55.25391875628033
2026-03-04 17:00:00,1.16366,1.16434,1.1626,1.16327,2781,8,1.1622642908785263,1.1643406154319265,53.53600271253338
2026-03-04 18:00:00,1.16329,1.16331,1.16231,1.16241,2063,8,1.1622781679377143,1.1642649050228313,49.855000303603596
2026-03-04 19:00:00,1.16242,1.16406,1.16242,1.16392,1852,8,1.1624345328960273,1.1642513793356615,55.624364151287246
2026-03-04 20:00:00,1.16393,1.16434,1.16378,1.16401,1636,8,1.16258457738212,1.1642419134793611,55.949675826514856
2026-03-04 21:00:00,1.164,1.16415,1.16333,1.16345,1020,8,1.1626669985838227,1.164210858048798,53.32994656778386
2026-03-04 22:00:00,1.16341,1.16341,1.1627399999999999,1.16337,541,20,1.162733951099649,1.1641778832233551,52.94853014564159
2026-03-04 23:00:00,1.16343,1.16391,1.1633499999999999,1.16345,736,8,1.1628021462330158,1.1641493387832236,53.308158499722
2026-03-05 00:00:00,1.16345,1.1645,1.16317,1.16446,1575,8,1.1629600370679667,1.1641615215760384,57.70357892026204
2026-03-05 01:00:00,1.16448,1.16471,1.16267,1.16278,3090,8,1.1629428906805412,1.164107344259331,49.37716229577483
2026-03-05 02:00:00,1.16276,1.16316,1.16221,1.16256,2124,8,1.162906424901442,1.1640466640922984,48.392401735015646
2026-03-05 03:00:00,1.16257,1.16273,1.16096,1.16128,2096,8,1.1627515272917808,1.163938167461228,43.01693746113378
2026-03-05 04:00:00,1.16127,1.16145,1.1605,1.1608100000000001,1736,8,1.1625666199306588,1.1638154942274543,41.20692493201848
2026-03-05 05:00:00,1.16079,1.16136,1.15937,1.15944,2111,8,1.1622688466039295,1.1636439062185346,36.39918325754838
2026-03-05 06:00:00,1.15941,1.16157,1.15875,1.16066,4097,8,1.162115623117841,1.1635268902883962,42.79941017408202
2026-03-05 07:00:00,1.16064,1.16157,1.15988,1.16045,3801,8,1.1619569923447133,1.1634062279241453,42.01564163478427
2026-03-05 08:00:00,1.16044,1.16044,1.1581,1.15982,4870,8,1.1617534692642644,1.1632655915349632,39.668691531732414
2026-03-05 09:00:00,1.1598,1.16441,1.15961,1.16225,11067,8,1.161800757905763,1.163225764415945,51.03095590756662
2026-03-05 10:00:00,1.16225,1.16313,1.16058,1.16105,3847,8,1.161729257152833,1.163140440321202,46.385152868071266
2026-03-05 11:00:00,1.16107,1.1617,1.16034,1.16111,3146,8,1.1616702802811347,1.1630608152105668,46.646695866332166
2026-03-05 12:00:00,1.16112,1.16245,1.16071,1.16202,3442,8,1.1617035869210266,1.1630199989277994,50.584012401138814
2026-03-05 13:00:00,1.162,1.16241,1.15892,1.15972,4540,8,1.1615146738809288,1.1628905872051405,42.122884811729094
2026-03-05 14:00:00,1.15972,1.16084,1.15919,1.16024,5728,8,1.1613932763684596,1.1627866426088607,44.38776638390492
2026-03-05 15:00:00,1.16025,1.16087,1.15685,1.15828,6366,8,1.1610967738571778,1.1626099115261601,38.30342416893326
2026-03-05 16:00:00,1.15826,1.1586400000000001,1.15584,1.15833,6105,8,1.1608332715850656,1.1624420718584676,38.53488507864962
2026-03-05 17:00:00,1.15834,1.15916,1.15722,1.1587399999999999,6464,8,1.160633912386488,1.1622968925699002,40.50589612193607
2026-03-05 18:00:00,1.15873,1.15914,1.15708,1.15854,5286,8,1.1604344921592034,1.162149563449512,39.83484696513218
2026-03-05 19:00:00,1.15853,1.15876,1.15694,1.15727,3087,8,1.160133111953565,1.1619582080201196,35.78117084426762
2026-03-05 20:00:00,1.15728,1.161,1.15698,1.16043,6357,8,1.1601613870056062,1.1618982782938403,49.54049057242005
2026-03-05 21:00:00,1.16041,1.16099,1.16014,1.16064,1564,8,1.1602069691955486,1.161848934047023,50.30254436624719
2026-03-05 22:00:00,1.16062,1.16075,1.16046,1.16069,378,8,1.1602529721293058,1.1618034856530222,50.49424945783245
2026-03-05 23:00:00,1.16069,1.16099,1.16028,1.1606,1048,8,1.1602860224027052,1.1617562901372174,50.119480815881474
2026-03-06 00:00:00,1.16061,1.1614,1.16049,1.16106,1829,8,1.1603597345548287,1.1617289846416403,52.0772568112956
2026-03-06 01:00:00,1.16106,1.16198,1.16065,1.16146,2553,8,1.160464521740083,1.1617184362243211,53.776221378831096
2026-03-06 02:00:00,1.16145,1.16201,1.16138,1.16159,1682,8,1.1605717101457893,1.1617133995096418,54.342748183724204
2026-03-06 03:00:00,1.16157,1.16204,1.16157,1.16196,1288,8,1.1607039282271427,1.161723070117107,55.99582104421342
2026-03-06 04:00:00,1.16196,1.16207,1.16128,1.16131,992,8,1.1607616493483672,1.1617068712889853,52.40610243721419
2026-03-06 05:00:00,1.16129,1.16164,1.16054,1.16061,1791,8,1.1607472065532847,1.161663856728633,48.77941021417601
2026-03-06 06:00:00,1.16061,1.16117,1.16016,1.16113,1898,8,1.1607836630720194,1.1616429211706474,51.46637254940082
2026-03-06 07:00:00,1.16112,1.16176,1.1606,1.16141,2506,8,1.1608433142080177,1.1616337870070925,52.899170432322826
2026-03-06 08:00:00,1.16143,1.16143,1.1601,1.16027,3203,8,1.160788712854873,1.161580305163677,46.836572237690596
2026-03-06 09:00:00,1.16025,1.16025,1.1571500000000001,1.1574200000000001,3944,8,1.1604678830591708,1.1614171559415722,35.79255030508061
2026-03-06 10:00:00,1.1574,1.15848,1.15725,1.15781,3474,8,1.1602147513392498,1.1612756988458244,37.948789065280224
2026-03-06 11:00:00,1.15781,1.15811,1.15608,1.15622,4070,8,1.1598342988307497,1.1610774361459881,33.07243921722943
2026-03-06 12:00:00,1.15625,1.15683,1.1552,1.15544,3830,8,1.1594157941802021,1.1608563602186943,30.970014271077133
2026-03-06 13:00:00,1.15542,1.15938,1.155,1.15549,10743,8,1.159041909020183,1.160645914719922,31.271627522755196
2026-03-06 14:00:00,1.15548,1.15743,1.15457,1.1571799999999999,9599,8,1.1588645843515941,1.1605099964956114,40.70247246165047
2026-03-06 15:00:00,1.15717,1.1592500000000001,1.15701,1.15791,8893,8,1.158773671556204,1.1604080358487248,44.260416420985045
2026-03-06 16:00:00,1.15792,1.16126,1.15786,1.16052,6823,8,1.1589399885508513,1.1604124265997553,54.721112728611175
2026-03-06 17:00:00,1.1605,1.1609099999999999,1.15941,1.15955,5728,8,1.1589980848793418,1.1603786059487846,50.89802949366851
2026-03-06 18:00:00,1.15957,1.16211,1.15924,1.15979,5389,8,1.1590735053670236,1.1603555233625578,51.79539942421982
2026-03-06 19:00:00,1.15982,1.16094,1.15964,1.16011,3520,8,1.1591722191415927,1.1603458949953989,53.02803511729939
2026-03-06 20:00:00,1.16013,1.16096,1.15952,1.16058,3053,8,1.1593062935090601,1.1603550755838146,54.854022912853765
2026-03-06 21:00:00,1.1605699999999999,1.1618,1.1604700000000001,1.16164,2008,8,1.1595285512701021,1.1604054647766062,58.74884764231253
2026-03-08 21:00:00,1.15536,1.15537,1.1544,1.15456,419,48,1.1590553559110448,1.1601762308637982,36.25227994602103
2026-03-08 22:00:00,1.15472,1.15521,1.15265,1.15357,6102,8,1.158532941062374,1.1599171629867866,34.27580551382192
2026-03-08 23:00:00,1.15356,1.154,1.15209,1.1524,4502,8,1.1579488514373861,1.1596223722814225,32.05176269276892
2026-03-09 00:00:00,1.15238,1.15309,1.15157,1.15172,4167,8,1.1573556274909684,1.15931247532921,30.800853012390235
2026-03-09 01:00:00,1.1517,1.15235,1.15068,1.1509,4189,8,1.156740805825162,1.1589825743359075,29.315072589206466
2026-03-09 02:00:00,1.1509,1.15276,1.1508,1.15247,4078,8,1.1563340624132417,1.1587271792639111,35.70960060823782
2026-03-09 03:00:00,1.15246,1.15285,1.15122,1.15164,2900,8,1.155887008850076,1.1584492506653263,33.96048434756631
2026-03-09 04:00:00,1.15165,1.1529099999999999,1.15155,1.15255,2141,8,1.155569198483402,1.1582179075019803,37.57099067868929
2026-03-09 05:00:00,1.15257,1.15711,1.15234,1.15671,7024,8,1.1556778462468875,1.1581587738744517,50.81053294413119
2026-03-09 06:00:00,1.1567,1.15689,1.15445,1.15445,5622,8,1.1555609085090885,1.158013331761728,45.202060949604935
2026-03-09 07:00:00,1.15448,1.15645,1.15351,1.15632,6927,8,1.1556332029367946,1.1579469265946014,50.10920781439099
2026-03-09 08:00:00,1.15633,1.15651,1.15147,1.15339,8100,8,1.1554195645618617,1.1577682235908917,43.531439704284075
2026-03-09 09:00:00,1.1534,1.15729,1.15306,1.15536,8252,8,1.1554138917464463,1.1576737834500725,48.4328127128323
2026-03-09 10:00:00,1.15538,1.15645,1.15464,1.156,6974,8,1.155469711580118,1.157608144883403,49.95262779519829
2026-03-09 11:00:00,1.15602,1.15674,1.15547,1.15608,5062,8,1.1555278342867734,1.1575482176330736,50.15040382172847
2026-03-09 12:00:00,1.15609,1.1568100000000001,1.1549800000000001,1.15529,4986,8,1.155505183402319,1.1574596600788354,48.127802940658746
2026-03-09 13:00:00,1.15529,1.15873,1.15519,1.15757,7500,8,1.155701832602098,1.1574639871345673,53.905766450028096
2026-03-09 14:00:00,1.15759,1.1578,1.15469,1.15725,10566,8,1.155849277116184,1.1574555954822314,53.013233494421556
2026-03-09 15:00:00,1.15727,1.15934,1.1571799999999999,1.15912,5683,8,1.1561607745336904,1.157520866247634,57.447209996501165
2026-03-09 16:00:00,1.15911,1.1599,1.15848,1.15871,4548,8,1.1564035579114342,1.1575674989438052,56.19509794918244
2026-03-09 17:00:00,1.15872,1.15892,1.15782,1.15784,3041,8,1.156540361919869,1.1575781852597344,53.52895695263696
2026-03-09 18:00:00,1.15782,1.15841,1.15755,1.15763,2722,8,1.1566441369751197,1.157580217210333,52.87682604433003
2026-03-09 19:00:00,1.15763,1.16334,1.1575,1.16088,12206,8,1.1570475525012989,1.1577096204569868,60.83011938807048
2026-03-09 20:00:00,1.16085,1.16356,1.16083,1.16347,2904,8,1.157659214167842,1.1579355176939679,65.78596579601708
2026-03-09 21:00:00,1.16342,1.16357,1.16307,1.16356,611,20,1.1582211937709046,1.1581560856275377,65.94719581317212
2026-03-09 22:00:00,1.16367,1.16452,1.16222,1.16294,2587,8,1.1586706038879613,1.1583436901127324,63.71953990154874
2026-03-09 23:00:00,1.16295,1.16309,1.16143,1.16161,2196,8,1.1589505463748222,1.1584717806965468,59.10704736647427
2026-03-10 00:00:00,1.16162,1.16351,1.16113,1.16258,4097,8,1.1592962086248393,1.158632887335898,61.30693718691648
2026-03-10 01:00:00,1.16256,1.16294,1.16114,1.16196,3943,8,1.1595499030415213,1.1587633623423335,59.11778840841027
2026-03-10 02:00:00,1.16195,1.16265,1.16114,1.16131,2470,8,1.159717531323281,1.1588632304857713,56.82678824700303
2026-03-10 03:00:00,1.16133,1.16155,1.16076,1.16093,1880,8,1.1598330045305876,1.1589442802706431,55.47332623216601
2026-03-10 04:00:00,1.16095,1.1614,1.16066,1.16115,1304,8,1.1599584326705317,1.159030779083559,56.124857507741346
2026-03-10 05:00:00,1.16115,1.16199,1.16113,1.16198,1908,8,1.1601509628923856,1.1591464348057723,58.586885586007526
2026-03-10 06:00:00,1.162,1.1637,1.162,1.16321,2238,8,1.1604422997597774,1.1593057903035853,61.99077310344999
2026-03-10 07:00:00,1.16323,1.1663000000000001,1.1627399999999999,1.16601,4412,8,1.160972556925513,1.1595687004877584,68.36518606793581
2026-03-10 08:00:00,1.166,1.16617,1.16429,1.16455,4890,8,1.1613132657897498,1.1597640455666698,62.481096068394315
2026-03-10 09:00:00,1.16454,1.16586,1.16436,1.1650800000000001,3605,8,1.1616720023812022,1.1599725143679769,63.70241675661017
2026-03-10 10:00:00,1.1651,1.16515,1.162,1.16391,4220,8,1.161885145011564,1.1601269255692328,59.12671218209466
2026-03-10 11:00:00,1.1639,1.16527,1.1635900000000001,1.16381,4980,8,1.162068464534272,1.1602713598606353,58.73836270367321
2026-03-10 12:00:00,1.16384,1.16405,1.16211,1.16341,5345,8,1.1621962298167223,1.1603944437876692,57.12218727595647
2026-03-10 13:00:00,1.1634,1.16486,1.16288,1.16319,5922,8,1.1622908745960823,1.1605040734430547,56.206181697162954
2026-03-10 14:00:00,1.1632,1.165,1.16268,1.16479,4653,8,1.1625288865393126,1.1606721489943077,61.09276836450266
2026-03-10 15:00:00,1.1648,1.16548,1.16393,1.16474,4044,8,1.1627394687736636,1.1608316725631584,60.86421400133563
2026-03-10 16:00:00,1.1647,1.16541,1.16387,1.16513,3215,8,1.1629671384142672,1.1610002344234267,62.05659567101296
2026-03-10 17:00:00,1.16511,1.16669,1.16412,1.16451,5092,8,1.1631140776129083,1.1611378722891748,58.98008523800147
2026-03-10 18:00:00,1.16452,1.1645699999999999,1.16135,1.16242,9413,8,1.1630479749831075,1.1611881518072462,49.98422520524354
2026-03-10 19:00:00,1.16242,1.16282,1.16058,1.1614,5199,8,1.1628910249847162,1.161196459579511,46.274690919617086
2026-03-10 20:00:00,1.16141,1.1615,1.16069,1.16078,1641,8,1.1626899749861717,1.161180127831295,44.13079180143293
2026-03-10 21:00:00,1.16067,1.16106,1.16046,1.161,557,20,1.1625290249874887,1.1611730639947735,45.10270491075349
2026-03-10 22:00:00,1.16103,1.16128,1.16024,1.1604700000000001,800,8,1.1623329273696328,1.1611454928577236,43.15499674973979
2026-03-10 23:00:00,1.1604700000000001,1.1611799999999999,1.16046,1.16112,965,8,1.1622174104772867,1.1611444931378128,46.222226338515554
2026-03-11 00:00:00,1.16112,1.16244,1.16053,1.16178,3061,8,1.1621757523365928,1.1611694149755456,49.21845635184457
2026-03-11 01:00:00,1.16177,1.16276,1.16123,1.16263,2376,8,1.162219014018822,1.161226692819642,52.86105921248809
2026-03-11 02:00:00,1.16265,1.16289,1.16182,1.16256,1748,8,1.1622514888741722,1.1612789793757343,52.52690148667381
2026-03-11 03:00:00,1.16257,1.16314,1.16246,1.163,1342,8,1.1623227756480605,1.1613464703806076,54.47497421142453
2026-03-11 04:00:00,1.163,1.16348,1.16277,1.16334,1149,8,1.162419654157769,1.1614246480127406,55.97824046541408
2026-03-11 05:00:00,1.16334,1.16357,1.1629800000000001,1.16326,1543,8,1.1624996870951243,1.1614966226004761,55.51374446040565
2026-03-11 06:00:00,1.16328,1.16405,1.16293,1.16331,2021,8,1.1625768597527315,1.1615677354396732,55.76082269095252
2026-03-11 07:00:00,1.16328,1.16453,1.1613,1.16166,4965,8,1.162489539776281,1.1615713536577252,46.568955324795354
2026-03-11 08:00:00,1.1616900000000001,1.1621,1.16031,1.16123,3818,8,1.1623695836071113,1.1615579672397753,44.509753292283946
2026-03-11 09:00:00,1.1612,1.16135,1.1589800000000001,1.15918,4894,8,1.1620658137397673,1.1614647136225293,36.274545973915394
2026-03-11 10:00:00,1.15918,1.16112,1.15907,1.16068,3191,8,1.161933831478837,1.161433940539293,44.38317813028948
2026-03-11 11:00:00,1.16065,1.16105,1.15942,1.15942,4017,8,1.1616944189570428,1.1613549624789286,39.801750758615874
2026-03-11 12:00:00,1.15941,1.16053,1.15771,1.15819,5863,8,1.1613606647706578,1.1612308463032843,35.905372631054064
2026-03-11 13:00:00,1.15821,1.1593,1.15773,1.15914,5140,8,1.161149172887738,1.1611488523306064,40.731369033848445
2026-03-11 14:00:00,1.15911,1.16123,1.15806,1.15817,10085,8,1.1608654421365248,1.1610320345921512,37.61691877868395
2026-03-11 15:00:00,1.15819,1.15839,1.15651,1.15659,3905,8,1.1604582571711415,1.160857837157165,33.168115300649845
2026-03-11 16:00:00,1.15659,1.15762,1.15627,1.15707,3506,8,1.1601355660119852,1.1607092945235506,35.65769178270786
2026-03-11 17:00:00,1.15709,1.1576,1.15603,1.15707,3830,8,1.1598436073441771,1.1605665770912545,35.65769178270786
2026-03-11 18:00:00,1.15707,1.1574,1.15638,1.15712,2460,8,1.1595842161685412,1.1604314172053232,35.94595316890765
2026-03-11 19:00:00,1.15713,1.15758,1.15677,1.1573,1472,8,1.1593666717715374,1.1603086165306045,37.03951930526837
2026-03-11 20:00:00,1.15729,1.15735,1.15639,1.15641,883,8,1.159085083983772,1.1601557296078358,33.95293601805595
2026-03-11 21:00:00,1.15641,1.15704,1.15641,1.15704,494,20,1.1588903140805558,1.1600335441330187,37.89799505002329
2026-03-11 22:00:00,1.15732,1.15737,1.15491,1.155,1435,8,1.1585198079776458,1.1598361502454495,31.364909692851114
2026-03-11 23:00:00,1.1549800000000001,1.15534,1.15396,1.15426,1707,8,1.1581141119797747,1.1596174776868045,29.385987910077205
2026-03-12 00:00:00,1.15424,1.15497,1.15337,1.15452,2210,8,1.1577718156007484,1.1594175766010475,31.03246467064558
2026-03-12 01:00:00,1.15454,1.15551,1.15449,1.15503,1952,8,1.1575106903054388,1.1592455147735554,34.269966927875586
2026-03-12 02:00:00,1.15503,1.15539,1.15317,1.15385,1880,8,1.1571620531334923,1.1590339259589062,30.681281555009576
2026-03-12 03:00:00,1.15383,1.154,1.15328,1.15381,1388,8,1.1568428099779215,1.1588290661173806,30.564439066917373
2026-03-12 04:00:00,1.15381,1.15397,1.15314,1.15328,1025,8,1.156503494741929,1.158611455681405,28.98913938809953
2026-03-12 05:00:00,1.15328,1.1544699999999999,1.15323,1.15393,2250,8,1.1562584000046026,1.158427869184095,33.5149163226792
2026-03-12 06:00:00,1.15392,1.15511,1.15388,1.15475,2205,8,1.156114742861307,1.1582836390200129,38.81293145649521
2026-03-12 07:00:00,1.15477,1.15523,1.15412,1.1550799999999999,2508,8,1.156016195922135,1.1581580061172674,40.85555215033259
2026-03-12 08:00:00,1.1551,1.15555,1.15428,1.15469,2657,8,1.1558898915485984,1.1580220058773747,39.190439702989224
2026-03-12 09:00:00,1.15471,1.15609,1.15441,1.15592,2201,8,1.1558927590201604,1.1579395742743404,46.584529627269596
2026-03-12 10:00:00,1.1559,1.15626,1.1549,1.15574,2431,8,1.15587821054205,1.1578533164596603,45.70861257551099
2026-03-12 11:00:00,1.15572,1.15658,1.15521,1.1556,2633,8,1.15585171429995,1.157764951108301,44.999895357192784
2026-03-12 12:00:00,1.1555900000000001,1.1557,1.15323,1.15387,3322,8,1.1556629796047166,1.1576122079275832,37.30291370301197
2026-03-12 13:00:00,1.15388,1.15499,1.15197,1.15258,5994,8,1.1553693624995054,1.157414866440227,32.7980171126881
2026-03-12 14:00:00,1.15261,1.15328,1.15151,1.15202,5739,8,1.1550503755947907,1.157203303050414,31.045265218574812
2026-03-12 15:00:00,1.15201,1.1528100000000001,1.15104,1.15217,6254,8,1.1547760541095726,1.1570059186170645,32.09210695312231
2026-03-12 16:00:00,1.15216,1.15322,1.15133,1.15216,4856,8,1.154526906099137,1.156815882592866,32.05716594062025
2026-03-12 17:00:00,1.15216,1.15314,1.1519,1.15215,3515,8,1.1543005340896955,1.1566329068049106,32.019622148136946
2026-03-12 18:00:00,1.15216,1.15239,1.15109,1.15118,2276,8,1.1540033403668672,1.156419067322365,28.529335546990595
2026-03-12 19:00:00,1.15116,1.15181,1.15103,1.15146,2102,8,1.1537611174747846,1.156224594094037,30.871790125801937
2026-03-12 20:00:00,1.15145,1.1516,1.15079,1.15096,1131,8,1.1534943443819479,1.1560181394236826,29.041344891425183
2026-03-12 21:00:00,1.15099,1.15119,1.15078,1.15118,364,8,1.1532739306312862,1.155828408465891,30.980463286214842
2026-03-12 22:00:00,1.15119,1.1521,1.15106,1.15188,1177,8,1.1531411753330685,1.1556735689182092,36.890046510826416
2026-03-12 23:00:00,1.15188,1.15229,1.15146,1.15204,1114,8,1.153036301491824,1.1555310760194557,38.1927067697279
2026-03-13 00:00:00,1.1520299999999999,1.1528,1.15199,1.15232,1817,8,1.1529680823021264,1.155405151469673,40.50701805676333
2026-03-13 01:00:00,1.1522999999999999,1.15292,1.15141,1.15161,1576,8,1.1528387411304952,1.155256322000274,36.74936335589675
2026-03-13 02:00:00,1.15161,1.15217,1.1510799999999999,1.15133,1499,8,1.1526950514990195,1.1551023485884986,35.35640213364154
2026-03-13 03:00:00,1.15131,1.15155,1.15045,1.15087,1321,8,1.1525212370705415,1.1549363741340477,33.13436006081015
2026-03-13 04:00:00,1.15085,1.15091,1.14995,1.15027,1133,8,1.152306833540014,1.1547533790699676,30.446539603211164
2026-03-13 05:00:00,1.15028,1.15062,1.14993,1.15006,1321,8,1.152092849393346,1.1545693249887923,29.543238589938767
2026-03-13 06:00:00,1.15008,1.1503,1.1482,1.1482700000000001,2140,8,1.1517287684987416,1.1543222926362906,23.21959233480119
2026-03-13 07:00:00,1.14829,1.14834,1.14537,1.14575,3559,8,1.151159361975052,1.1539861242976126,17.530569433283645
2026-03-13 08:00:00,1.14573,1.1459,1.14325,1.14448,4597,8,1.1505232322631422,1.153613335109471,15.47303771398748
2026-03-13 09:00:00,1.1445,1.14611,1.1445,1.14527,3609,8,1.1500229244285574,1.1532861454973349,21.634495843088928
2026-03-13 10:00:00,1.14528,1.14716,1.1451500000000001,1.14581,3355,8,1.1496216935305996,1.1529929633209688,25.625338397969188
2026-03-13 11:00:00,1.14581,1.14704,1.1454900000000001,1.1468099999999999,3807,8,1.1493539131943522,1.1527504941711268,32.48253661741521
2026-03-13 12:00:00,1.14679,1.1488,1.14605,1.14776,5525,8,1.1492021119377471,1.152554788517357,38.30222207593418
2026-03-13 13:00:00,1.14779,1.14896,1.14733,1.14788,4822,8,1.1490761965151046,1.1523714634774609,39.01726582001946
2026-03-13 14:00:00,1.14787,1.14846,1.14553,1.1457,4985,8,1.1487546539898565,1.152109837458737,31.805721578255586
2026-03-13 15:00:00,1.14571,1.14606,1.1434199999999999,1.1442700000000001,5627,8,1.1483275440860607,1.151802392852512,28.132523433590535
2026-03-13 16:00:00,1.14425,1.14502,1.14359,1.14417,4401,8,1.1479315875064358,1.1515030833288842,27.88995429172246
2026-03-13 17:00:00,1.14415,1.14459,1.14334,1.14421,3025,8,1.147577150601061,1.1512170800610848,28.15679815314016
2026-03-13 18:00:00,1.14422,1.1442700000000001,1.1431499999999999,1.14357,2476,8,1.1471955172104837,1.1509171945684933,26.469061600258343
2026-03-13 19:00:00,1.14357,1.14367,1.14196,1.1421999999999999,2008,8,1.1467197536666283,1.1505753438011015,23.255592850843044
2026-03-13 20:00:00,1.14219,1.14224,1.14106,1.1414900000000001,1588,8,1.1462216818888542,1.1502190558089016,21.77984300668207
2026-03-15 21:00:00,1.1417,1.14263,1.14169,1.14242,457,48,1.1458596169470585,1.1499132104830623,28.206426912504142
2026-03-15 22:00:00,1.14261,1.14383,1.14182,1.14294,3040,8,1.1455815581901958,1.1496397512484324,31.590821207492525
2026-03-15 23:00:00,1.14296,1.14354,1.14256,1.14349,2286,8,1.145382362172082,1.1493985845328079,35.076911161496966
2026-03-16 00:00:00,1.14348,1.1455,1.14347,1.14543,2358,8,1.1453868991080742,1.1492429537668154,45.60616540361442
2026-03-16 01:00:00,1.14543,1.14562,1.14394,1.14491,2416,8,1.1453414801454005,1.149073034011254,43.56659655831858
2026-03-16 02:00:00,1.14491,1.14511,1.14444,1.14475,1726,8,1.1452851487029814,1.1489035032657147,42.9304147907424
2026-03-16 03:00:00,1.14477,1.14536,1.14452,1.14501,1221,8,1.1452589440646022,1.1487508168631377,44.35245425262721
2026-03-16 04:00:00,1.14502,1.14513,1.14411,1.14411,1025,8,1.1451495208203544,1.1485688240449754,40.58278994724803
2026-03-16 05:00:00,1.14412,1.14433,1.14329,1.14345,1454,8,1.1449876616946064,1.1483680858471332,38.03009708359688
2026-03-16 06:00:00,1.14344,1.14364,1.14238,1.14314,1834,8,1.1448116939141677,1.148163062872736,36.8574053476788
2026-03-16 07:00:00,1.14313,1.14347,1.14139,1.14256,2792,8,1.1445972468747232,1.1479433349169423,34.70137861013332
2026-03-16 08:00:00,1.14258,1.14451,1.14256,1.14444,3879,8,1.1445822709818922,1.147805949233925,45.7740220632564
2026-03-16 09:00:00,1.14445,1.14523,1.14405,1.14495,2859,8,1.1446172927931406,1.1476939512247515,48.3335110378666
2026-03-16 10:00:00,1.14495,1.14774,1.14471,1.14749,3387,8,1.1448908839556986,1.1476859531375063,58.77101660758397
2026-03-16 11:00:00,1.14749,1.14867,1.14705,1.14789,3008,8,1.1451765140551557,1.1476939549752514,60.136766734585606
2026-03-16 12:00:00,1.14791,1.14875,1.14719,1.14736,3536,8,1.145384465097522,1.147680858701712,57.42250741639974
2026-03-16 13:00:00,1.14738,1.15004,1.14738,1.14998,3635,8,1.145822135088234,1.1477710211055665,65.67112147400593
2026-03-16 14:00:00,1.14997,1.15018,1.14801,1.14885,4119,8,1.146110503175069,1.1478133340033876,60.249648981701924
2026-03-16 15:00:00,1.14884,1.14998,1.14799,1.14865,3066,8,1.1463523600155385,1.1478461444346273,59.316280838284996
2026-03-16 16:00:00,1.14866,1.1499,1.14772,1.14931,3600,8,1.1466340400140587,1.1479035505352302,61.439244731270854
2026-03-16 17:00:00,1.14933,1.15039,1.14902,1.14918,3557,8,1.1468765123936722,1.1479536073769858,60.766622590157795
2026-03-16 18:00:00,1.14917,1.15233,1.14917,1.15185,3050,8,1.147350177879989,1.1481064070876923,68.41485048741664
2026-03-16 19:00:00,1.15185,1.15245,1.15057,1.15078,3060,8,1.1476768276057043,1.1482112538685671,63.10563373085326
2026-03-16 20:00:00,1.15075,1.15103,1.15028,1.15044,1242,8,1.1479399868813516,1.148298655677643,61.47316280539715
2026-03-16 21:00:00,1.15045,1.1507,1.15025,1.15067,426,8,1.1481999881307468,1.1483916495726376,62.185795742085894
2026-03-16 22:00:00,1.15062,1.15062,1.14977,1.1498599999999999,652,8,1.1483580844992471,1.1484492319423383,58.10927324630458
2026-03-16 23:00:00,1.1498599999999999,1.14996,1.14943,1.14981,922,8,1.1484963621659856,1.1485025953955799,57.85714279637672
2026-03-17 00:00:00,1.14981,1.14983,1.14889,1.14923,1643,8,1.1485662324358918,1.1485311210663414,54.88235971073898
2026-03-17 01:00:00,1.1492,1.14954,1.14863,1.14926,1928,8,1.1486323055372356,1.148559704553936,55.01120857408429
2026-03-17 02:00:00,1.14926,1.14982,1.14905,1.14947,1028,8,1.1487120859622608,1.148595402414566,55.95934473358125
2026-03-17 03:00:00,1.14946,1.15024,1.14914,1.1491500000000001,1389,8,1.148753792061093,1.148617151339485,54.0887125810786
2026-03-17 04:00:00,1.1491500000000001,1.14994,1.1489099999999999,1.14967,887,8,1.1488410499600366,1.1486584395222503,56.62607524285007
2026-03-17 05:00:00,1.14967,1.1499,1.14778,1.14792,1450,8,1.1487533309162234,1.148629481109613,47.17657446363563
2026-03-17 06:00:00,1.1479300000000001,1.14812,1.14657,1.14812,2240,8,1.1486930136861069,1.1486095014582556,48.23965507043902
2026-03-17 07:00:00,1.14812,1.14998,1.14792,1.14945,2589,8,1.1487651076207634,1.148642462185383,54.75997360510206
2026-03-17 08:00:00,1.14947,1.15177,1.14874,1.15101,3661,8,1.1489789068949765,1.1487353068055641,60.97042434166785
2026-03-17 09:00:00,1.15102,1.15245,1.15075,1.15161,3107,8,1.149229487190693,1.1488480398720124,63.07027166865134
2026-03-17 10:00:00,1.1515900000000001,1.1516,1.1503700000000001,1.1506,2654,8,1.1493600122201508,1.1489167441907573,57.465523962628396
2026-03-17 11:00:00,1.1506,1.15184,1.15042,1.15073,2453,8,1.1494904872468032,1.148987852261708,57.98308572465735
2026-03-17 12:00:00,1.15073,1.15243,1.1504,1.15237,3326,8,1.1497647265566315,1.149120485506347,63.9436577712189
2026-03-17 13:00:00,1.15239,1.15434,1.15239,1.15301,4546,8,1.1500738002179047,1.1492730154864905,65.97235171028377
2026-03-17 14:00:00,1.15303,1.15385,1.15204,1.15328,3726,8,1.1503791525781042,1.1494301521340793,66.8205026364634
2026-03-17 15:00:00,1.15329,1.15385,1.1520299999999999,1.15245,4118,8,1.1505763761420944,1.1495485775405858,61.72701243791618
2026-03-17 16:00:00,1.15246,1.1532499999999999,1.15178,1.15278,3509,8,1.1507862450809425,1.1496752999899746,62.93669227779329
2026-03-17 17:00:00,1.15276,1.15397,1.15258,1.15391,2195,8,1.151083745549424,1.1498413666570344,66.80562965812376
2026-03-17 18:00:00,1.15393,1.15471,1.1538,1.15389,1770,8,1.1513510078780504,1.1500001365920527,66.6729716192018
2026-03-17 19:00:00,1.1539,1.15411,1.15336,1.15353,1205,8,1.1515585309372838,1.1501385626080507,64.20167947439151
2026-03-17 20:00:00,1.15355,1.1542,1.15347,1.1539,786,8,1.1517815279908759,1.1502860699567545,65.61245948776858
2026-03-17 21:00:00,1.15394,1.15398,1.15333,1.15362,567,20,1.1519566205631735,1.1504168123113916,63.57074533104233
2026-03-17 22:00:00,1.15365,1.15444,1.15365,1.15398,1011,8,1.1521493233666806,1.1505565451619253,65.07550755004377
2026-03-17 23:00:00,1.15398,1.1541,1.15368,1.15384,1454,8,1.1523103401889017,1.1506853080967518,63.96889232341725
2026-03-18 00:00:00,1.15385,1.15434,1.15318,1.15322,1815,8,1.1523969744566254,1.1507847077792321,59.17012286753073
2026-03-18 01:00:00,1.15324,1.15398,1.15318,1.15333,1351,8,1.152485834032185,1.1508845231604388,59.747080756916205
2026-03-18 02:00:00,1.15335,1.15379,1.15318,1.15322,974,8,1.1525557546005485,1.1509761104874805,58.85149287075173
2026-03-18 03:00:00,1.15322,1.15363,1.15317,1.1536,683,8,1.1526552065433533,1.1510790081154223,61.02496288238765
2026-03-18 04:00:00,1.15359,1.15421,1.15358,1.1541299999999999,831,8,1.1527956630630338,1.151198654855994,63.88983962886445
2026-03-18 05:00:00,1.1541299999999999,1.15466,1.15397,1.1545,1003,8,1.1529579808665544,1.1513281193714453,65.78087166074044
2026-03-18 06:00:00,1.15449,1.15488,1.15392,1.15418,1315,8,1.1530743636411682,1.151439957827467,62.721589988416106
2026-03-18 07:00:00,1.15417,1.15455,1.15232,1.15262,1909,8,1.1530310909134378,1.1514862339910956,50.41269516766918
2026-03-18 08:00:00,1.1526,1.15338,1.15175,1.15319,2388,8,1.153046225112158,1.1515530483443859,53.96739166394232
2026-03-18 09:00:00,1.15319,1.15391,1.15248,1.15383,1920,8,1.1531208703395714,1.1516423405661746,57.63924647562993
2026-03-18 10:00:00,1.15383,1.15434,1.15333,1.15393,1730,8,1.1531979303072313,1.1517320527008346,58.20029170893204
2026-03-18 11:00:00,1.15392,1.15551,1.15298,1.15461,3857,8,1.153332413135114,1.1518449133792332,61.89600527797768
2026-03-18 12:00:00,1.15463,1.15478,1.15052,1.1507100000000001,6704,8,1.1530826595031982,1.1518004069722045,40.03385604838359
2026-03-18 13:00:00,1.15073,1.15151,1.14903,1.1514,6168,8,1.1529224062171795,1.1517847047380005,43.81497205418374
2026-03-18 14:00:00,1.15145,1.1527,1.15036,1.15162,5184,8,1.152798367529829,1.1517782457286672,45.00563904081464
2026-03-18 15:00:00,1.15163,1.15294,1.1511,1.15128,4370,8,1.1526537610984169,1.1517587066804842,43.472350966294684
2026-03-18 16:00:00,1.15126,1.15218,1.15065,1.15106,3086,8,1.1525019743271392,1.1517313064185044,42.46423934464726
2026-03-18 17:00:00,1.15104,1.15165,1.15023,1.15163,2819,8,1.152418929153126,1.1517273336177787,45.960801489470455
2026-03-18 18:00:00,1.15165,1.15249,1.14768,1.14768,8070,8,1.151967602567114,1.1515686146523756,31.62002823660943
2026-03-18 19:00:00,1.1477,1.14824,1.14682,1.14691,4028,8,1.1514859261321506,1.1513859238816941,29.676142486736623
2026-03-18 20:00:00,1.1469,1.14702,1.14492,1.14492,2156,8,1.1508605998338506,1.1511323582392747,25.340353087361095
2026-03-18 21:00:00,1.14503,1.14639,1.14466,1.14639,702,20,1.150434828421103,1.150946383406362,33.114322119419924
2026-03-18 22:00:00,1.1466,1.1466,1.14507,1.14565,1690,8,1.1499791304762361,1.1507386820963086,31.344933244949956
2026-03-18 23:00:00,1.14565,1.14654,1.14548,1.14632,1954,8,1.1496306418594517,1.150565400445473,34.7447138193623
2026-03-19 00:00:00,1.14629,1.14738,1.14618,1.14735,2262,8,1.1494134378728371,1.1504393063103564,39.689192861192545
2026-03-19 01:00:00,1.14737,1.14832,1.14731,1.14757,1853,8,1.1492378723611383,1.150326784494264,40.72234901450545
2026-03-19 02:00:00,1.14757,1.1491,1.14716,1.14819,2669,8,1.1491380749934108,1.1502429890239005,43.65191753005096
2026-03-19 03:00:00,1.14819,1.14833,1.14743,1.14745,1232,8,1.1489773059464192,1.1501334600425712,41.04460287442841
2026-03-19 04:00:00,1.14743,1.14747,1.14666,1.14686,1194,8,1.148775657761046,1.1500050890605096,39.0422968491022
2026-03-19 05:00:00,1.14687,1.1470799999999999,1.1463,1.14656,1315,8,1.1485646427361844,1.1498699875287248,38.02648219503528
2026-03-19 06:00:00,1.14659,1.14763,1.14606,1.14649,2465,8,1.1483670577136906,1.1497374389981865,37.779482403508396
2026-03-19 07:00:00,1.14652,1.1475,1.14505,1.14523,4892,8,1.1480682903123869,1.149560676684532,33.55455623660421
2026-03-19 08:00:00,1.14521,1.14588,1.14423,1.14509,5219,8,1.147784643615969,1.1493853560302367,33.11147453437789
2026-03-19 09:00:00,1.14507,1.14877,1.14507,1.14798,8287,8,1.147803248985877,1.149330244029051,48.29085815316131
2026-03-19 10:00:00,1.14795,1.14795,1.14662,1.14734,3868,8,1.147759130034841,1.149252195243598,45.811475225996304
2026-03-19 11:00:00,1.1473200000000001,1.14809,1.14654,1.1479300000000001,3369,8,1.1477754033648562,1.1492003444497312,48.43963283257307
2026-03-19 12:00:00,1.1479300000000001,1.14895,1.14623,1.14869,7112,8,1.1478625078062985,1.1491803309418986,51.68996463454482
2026-03-19 13:00:00,1.14867,1.15271,1.14691,1.15172,12021,8,1.1482298880152224,1.1492799258069224,61.9803852600759
2026-03-19 14:00:00,1.15173,1.1528,1.15004,1.1516,10616,8,1.1485508510613918,1.1493709091086117,61.4223705517976
2026-03-19 15:00:00,1.15158,1.15385,1.14981,1.1514,7317,8,1.1488221985793545,1.149450481300431,60.44560676619842
2026-03-19 16:00:00,1.15137,1.15375,1.15115,1.1535199999999999,8266,8,1.1492696082384635,1.1496100702690415,66.52279532832765
2026-03-19 17:00:00,1.15355,1.15674,1.15353,1.15599,4516,8,1.149909645549086,1.1498602635918242,71.93337663196698
2026-03-19 18:00:00,1.1559599999999999,1.15838,1.15507,1.15835,3856,8,1.1507134888301256,1.1501931944313606,75.9353486448149
2026-03-19 19:00:00,1.15836,1.16161,1.15768,1.15843,11735,8,1.151448394655828,1.1505162064144445,76.05996393926172
2026-03-19 20:00:00,1.15845,1.15891,1.158,1.15863,1628,8,1.1521323570695587,1.1508343943981918,76.38914002117438
2026-03-19 21:00:00,1.15865,1.1588,1.1581,1.15826,655,20,1.1527159421105533,1.1511255946178707,74.35231200153298
2026-03-19 22:00:00,1.15822,1.15945,1.15768,1.15779,1520,8,1.153199185719072,1.1513869438485425,71.7357025074595
2026-03-19 23:00:00,1.15779,1.15815,1.1574200000000001,1.15762,1454,8,1.153620215650589,1.1516313774231095,70.76563360718386
2026-03-20 00:00:00,1.15762,1.15798,1.15708,1.15736,1850,8,1.153976385588628,1.15185602928887,69.22381991968064
2026-03-20 01:00:00,1.15736,1.15768,1.15632,1.15648,2058,8,1.1542148250563777,1.1520373614736201,64.13085662857836
2026-03-20 02:00:00,1.15651,1.15678,1.15615,1.15634,1279,8,1.154417222670056,1.1522060923962232,63.33254587716762
2026-03-20 03:00:00,1.15635,1.15635,1.15561,1.15564,938,8,1.1545336776538602,1.1523407554395086,59.35412665976527
2026-03-20 04:00:00,1.15564,1.1559599999999999,1.15548,1.15554,687,8,1.154629517877302,1.1524662160105084,58.78600131897651
2026-03-20 05:00:00,1.15554,1.15608,1.15522,1.15523,1118,8,1.1546867066508923,1.1525745996963708,56.96566030229291
2026-03-20 06:00:00,1.15523,1.1566,1.15523,1.15589,1584,8,1.154801306017474,1.1527046153945524,59.81846648686892
2026-03-20 07:00:00,1.15586,1.1575,1.15555,1.15725,3211,8,1.1550345149681907,1.1528828657712367,64.97145193463109
2026-03-20 08:00:00,1.15728,1.1580300000000001,1.15673,1.15675,3197,8,1.1551978944950296,1.1530345180939332,61.83194741321393
2026-03-20 09:00:00,1.15675,1.15726,1.15473,1.15479,3873,8,1.1551590474002649,1.153103360521622,51.35585631775965
2026-03-20 10:00:00,1.15482,1.15622,1.15348,1.15595,3813,8,1.1552343762192874,1.1532149934423428,56.096842585053004
2026-03-20 11:00:00,1.15594,1.15796,1.15567,1.15712,3180,8,1.155413959436498,1.153368130954408,60.2996984486059
2026-03-20 12:00:00,1.1571500000000001,1.15795,1.15618,1.15641,5057,8,1.1555088204425459,1.153487419936588,56.74938212627693
2026-03-20 13:00:00,1.15643,1.1565400000000001,1.15396,1.15409,5433,8,1.1553736946861128,1.1535110505273103,47.00953419554346
2026-03-20 14:00:00,1.15407,1.15436,1.15244,1.15344,6155,8,1.1551895332874353,1.1535082642321215,44.69501806871613
2026-03-20 15:00:00,1.15346,1.15576,1.15344,1.15417,6296,8,1.155092434879108,1.1535342146543912,47.80323983520809
2026-03-20 16:00:00,1.15416,1.15663,1.15409,1.15592,4182,8,1.1551712506049072,1.153627774864023,54.41702762268155
2026-03-20 17:00:00,1.1559300000000001,1.15702,1.15493,1.15573,5528,8,1.1552244648330112,1.1537102150654337,53.622599142770795
2026-03-20 18:00:00,1.15575,1.15716,1.1547399999999999,1.15503,5132,8,1.1552059443727243,1.1537619713373775,50.68668724299166
2026-03-20 19:00:00,1.15505,1.15616,1.15465,1.15581,3414,8,1.1552634734800837,1.1538422861868922,53.72690671857848
2026-03-20 20:00:00,1.15579,1.15714,1.1557,1.1569099999999999,1592,8,1.1554202855295996,1.153962588689367,57.68860058991747
2026-03-22 21:00:00,1.1534200000000001,1.15392,1.15341,1.15391,330,48,1.155276448812495,1.1539605263878232,46.09710902070332
2026-03-22 22:00:00,1.15423,1.15624,1.15404,1.15579,2381,8,1.1553253584494,1.154032270451046,52.5337008500492
2026-03-22 23:00:00,1.15579,1.15643,1.1556899999999999,1.15617,2051,8,1.1554058005018382,1.1541161029823774,53.736229323867576
2026-03-23 00:00:00,1.15619,1.1564,1.15383,1.15439,3396,8,1.1553090575969012,1.1541268440418921,47.64694633283603
2026-03-23 01:00:00,1.1543700000000001,1.15614,1.15436,1.1554,3676,8,1.1553177187781487,1.1541767717265239,51.03733926629909
2026-03-23 02:00:00,1.1554,1.1556899999999999,1.15428,1.15464,2341,8,1.1552531741326106,1.15419493754117,48.4925048166766
2026-03-23 03:00:00,1.15465,1.15501,1.15423,1.15468,1664,8,1.155198586119981,1.1542139595983791,48.6376649478558
2026-03-23 04:00:00,1.1547,1.15513,1.15453,1.15503,1296,8,1.1551825302990304,1.1542459611827565,49.96637919155409
2026-03-23 05:00:00,1.15503,1.1552,1.15338,1.15338,1918,8,1.1550108607467418,1.1542120019206876,44.165774553012035
2026-03-23 06:00:00,1.15336,1.1534,1.152,1.15303,3078,8,1.1548222073422902,1.15416564890419,43.02478190226993
2026-03-23 07:00:00,1.15301,1.15399,1.15232,1.15271,4235,8,1.1546210447382625,1.1541085646334377,41.957514208520124
2026-03-23 08:00:00,1.15273,1.15457,1.15255,1.15295,5143,8,1.154461897620333,1.1540631307262441,43.09758374473541
2026-03-23 09:00:00,1.15297,1.1534,1.14907,1.14946,4517,8,1.1539855264183965,1.153882615795803,32.95934028437472
2026-03-23 10:00:00,1.14946,1.1501000000000001,1.1484,1.14855,4680,8,1.153467857235692,1.1536734936077324,30.91708961322763
2026-03-23 11:00:00,1.14856,1.16199,1.1485400000000001,1.15561,43650,8,1.1536718708322926,1.15374943503488,54.48185371364045
2026-03-23 12:00:00,1.15558,1.16141,1.1546,1.16121,18398,8,1.154389787895884,1.1540420062099828,64.75233567460168
2026-03-23 13:00:00,1.16122,1.1615,1.15796,1.15993,15883,8,1.1549174271438951,1.1542729079272385,61.34516995960945
2026-03-23 14:00:00,1.15995,1.16395,1.15928,1.1615,13882,8,1.1555443388444766,1.154556323302641,63.85724948900757
2026-03-23 15:00:00,1.16147,1.16308,1.1582,1.15858,11154,8,1.155833449430717,1.1547141145456747,56.502540786786746
2026-03-23 16:00:00,1.15856,1.16002,1.15762,1.15906,8979,8,1.1561407399611248,1.1548845414262365,57.37169414090346
2026-03-23 17:00:00,1.1590799999999999,1.16093,1.15861,1.16014,6250,8,1.156521621869589,1.1550906378408938,59.34032213242061
2026-03-23 18:00:00,1.16014,1.16371,1.15914,1.16348,6458,8,1.157184324548676,1.1554196324353687,64.76038292866915
2026-03-23 19:00:00,1.16345,1.1635,1.16123,1.1613,3304,8,1.1575762936392782,1.155650235084962,59.21225419500345
2026-03-23 20:00:00,1.16128,1.16149,1.1608100000000001,1.16082,1307,8,1.1578852180545849,1.1558529709639833,58.03333489745513
2026-03-23 21:00:00,1.16083,1.16138,1.1607,1.16138,507,20,1.1582180544303387,1.15606971720069,59.05751918529763
2026-03-23 22:00:00,1.16146,1.16173,1.1608,1.1614200000000001,1400,8,1.1585230016274493,1.1562795322124275,59.134235886725115
2026-03-23 23:00:00,1.16143,1.16158,1.16055,1.16078,1671,8,1.1587379538534064,1.1564560211452735,57.28471520752966
2026-03-24 00:00:00,1.16079,1.16083,1.15807,1.15881,4524,8,1.1587448153911772,1.1565483340415375,51.903416682163176
2026-03-24 01:00:00,1.15882,1.15955,1.1578,1.15843,3726,8,1.15871483297297,1.1566221248634379,50.909950573840725
2026-03-24 02:00:00,1.15846,1.15922,1.15824,1.15853,2772,8,1.1586972298326872,1.1566969434962444,51.17480193485104
2026-03-24 03:00:00,1.15854,1.15889,1.15809,1.15827,1908,8,1.1586565412771932,1.156758631986588,50.413229371961066
2026-03-24 04:00:00,1.15827,1.15831,1.15754,1.15799,1364,8,1.158593061155556,1.1568069209282905,49.55789226596559
2026-03-24 05:00:00,1.15799,1.15888,1.15755,1.15834,2559,8,1.1585689600931222,1.1568670416762008,50.684241855000124
2026-03-24 06:00:00,1.15834,1.1592,1.15787,1.15913,3267,8,1.1586223924652057,1.156955785139879,53.22319266229665
2026-03-24 07:00:00,1.15911,1.16173,1.15885,1.16083,5306,8,1.1588326408018528,1.1571077151343938,58.209229308659026
2026-03-24 08:00:00,1.1608100000000001,1.1609099999999999,1.1581299999999999,1.15879,5752,8,1.1588285797731048,1.1571736870899079,51.161715758154166
2026-03-24 09:00:00,1.15881,1.15967,1.15784,1.15945,4110,8,1.1588877626518568,1.1572629542628527,53.138497542591715
2026-03-24 10:00:00,1.15945,1.15962,1.15828,1.15917,3517,8,1.158914642399299,1.1573377403701919,52.17367260481684
2026-03-24 11:00:00,1.15915,1.16004,1.15786,1.15887,4168,8,1.158910390742223,1.1573978289831255,51.103055871445754
2026-03-24 12:00:00,1.15889,1.1599,1.15808,1.15846,4900,8,1.1588674963858208,1.157439482748493,49.60490843311691
2026-03-24 13:00:00,1.15844,1.15903,1.1567,1.15772,7798,8,1.1587582110157426,1.1574504834250228,46.93068829355474
2026-03-24 14:00:00,1.15773,1.16067,1.1577,1.15891,8656,8,1.1587726671094813,1.1575077193691397,51.462289797448065
2026-03-24 15:00:00,1.15893,1.1596899999999999,1.15753,1.15774,6297,8,1.1586743178609593,1.1575168284134871,47.19521901692432
2026-03-24 16:00:00,1.15772,1.15922,1.15736,1.15825,3903,8,1.158633906636106,1.1575455802404093,49.17355246882835
2026-03-24 17:00:00,1.15824,1.15835,1.15568,1.15758,8409,8,1.1585335345755245,1.157546930034903,46.69831554805756
2026-03-24 18:00:00,1.15755,1.1592,1.15672,1.15819,5161,8,1.1585008169969033,1.1575721484649069,49.205254148277426
2026-03-24 19:00:00,1.15818,1.15923,1.15818,1.15851,2639,8,1.1585016915686268,1.1576089269564793,50.51998664687241
2026-03-24 20:00:00,1.15849,1.1628,1.15826,1.16049,7718,8,1.1586910542763766,1.157721910213088,57.79855298136196
2026-03-24 21:00:00,1.16046,1.16101,1.15989,1.16093,669,20,1.158904287202436,1.157847717655712,59.233678002320524
2026-03-24 22:00:00,1.16106,1.16188,1.16042,1.16137,1813,8,1.1591391169926804,1.157985846375096,60.6738952540395
2026-03-24 23:00:00,1.16135,1.16178,1.16083,1.16132,1862,8,1.1593468201362345,1.1581165974976413,60.4127051175891
2026-03-25 00:00:00,1.16134,1.16306,1.16121,1.16231,3813,8,1.1596290277423074,1.1582810446545966,63.74099153163277
2026-03-25 01:00:00,1.1623,1.1623999999999999,1.16117,1.16117,3020,8,1.1597757870049445,1.158394337021083,57.72279258955689
2026-03-25 02:00:00,1.1611799999999999,1.16128,1.16009,1.16039,2086,8,1.159834283480664,1.158472598314374,53.968222030322245
2026-03-25 03:00:00,1.16039,1.16054,1.16004,1.16036,1367,8,1.159884351720601,1.1585466140667515,53.82321338522383
2026-03-25 04:00:00,1.16033,1.16038,1.1597,1.15976,1318,8,1.1598725086995914,1.1585941978288397,50.87874527079455
2026-03-25 05:00:00,1.15976,1.1598,1.15887,1.15919,1608,8,1.1598075078710588,1.1586175626198656,48.18205633824176
2026-03-25 06:00:00,1.15918,1.15994,1.15867,1.1596,1904,8,1.1597877452166723,1.1586560895759492,50.22564636095576
2026-03-25 07:00:00,1.15958,1.1605,1.1588,1.15974,3230,8,1.1597831980531799,1.1586985958670886,50.9371792429726
2026-03-25 08:00:00,1.15973,1.16163,1.15902,1.16025,5414,8,1.1598276553814486,1.15875943524485,53.54256138105406
2026-03-25 09:00:00,1.16024,1.16089,1.15909,1.1598600000000001,3465,8,1.1598307358213107,1.1588025946470129,51.29915355010223
2026-03-25 10:00:00,1.1598600000000001,1.16051,1.15955,1.16037,2813,8,1.1598820943145192,1.1588640615236008,54.01269995678874
2026-03-25 11:00:00,1.16039,1.16111,1.15938,1.16051,3523,8,1.1599418948559934,1.1589286081305186,54.75792223325652
2026-03-25 12:00:00,1.16053,1.16131,1.15861,1.15911,5749,8,1.1598626667744703,1.158935721537165,46.62173345763866
2026-03-25 13:00:00,1.15912,1.15984,1.15713,1.15725,5380,8,1.1596138413673778,1.1588696148102173,38.44804765245437
2026-03-25 14:00:00,1.15726,1.1587399999999999,1.15661,1.15854,5515,8,1.159511570760961,1.1588566887392286,45.57479039469922
2026-03-25 15:00:00,1.15856,1.15888,1.15625,1.15695,5150,8,1.1592676116408693,1.158781916631808,39.503549481439535
2026-03-25 16:00:00,1.15695,1.15763,1.15549,1.15673,4701,8,1.1590259343417388,1.1587014493129135,38.734661987822214
2026-03-25 17:00:00,1.15671,1.15835,1.15643,1.1578,3522,8,1.1589091786901446,1.158666098359466,44.40262188587671
2026-03-25 18:00:00,1.15782,1.15807,1.15604,1.15659,2711,8,1.1586883045291785,1.1585846827375261,39.9064648801513
2026-03-25 19:00:00,1.1565699999999999,1.15662,1.15587,1.15629,2301,8,1.1584598945740188,1.1584946951791917,38.85592940508224
2026-03-25 20:00:00,1.1562999999999999,1.15632,1.15556,1.15579,964,8,1.1582056189003027,1.1583886287015763,37.10282463395616
2026-03-25 21:00:00,1.15579,1.15604,1.15562,1.15603,461,8,1.157998417100274,1.1582961334583772,38.536315989877984
2026-03-25 22:00:00,1.15601,1.15623,1.15551,1.15599,631,8,1.1578071392812002,1.1582056968521666,38.379317809082124
2026-03-25 23:00:00,1.15601,1.15618,1.15586,1.15612,803,8,1.1576464593496572,1.1581239048187484,39.245621279288876
2026-03-26 00:00:00,1.15612,1.15643,1.15534,1.15577,1648,8,1.157467748935404,1.1580315948258564,37.708554241652855
2026-03-26 01:00:00,1.15576,1.15667,1.15576,1.15641,1634,8,1.157367010941556,1.1579680028719013,42.168815530119076
2026-03-26 02:00:00,1.15641,1.15655,1.15544,1.15586,1345,8,1.1572234860899793,1.157885336092611,39.54807153041079
2026-03-26 03:00:00,1.15585,1.1569099999999999,1.15574,1.15684,1186,8,1.1571869636052194,1.1578443425203517,45.98919888714534
2026-03-26 04:00:00,1.15682,1.15719,1.15669,1.15688,836,8,1.157157728976151,1.1578065251666123,46.24097914591332
2026-03-26 05:00:00,1.15692,1.15695,1.15573,1.15576,1500,8,1.1570246119308032,1.1577262692777255,40.542093503462745
2026-03-26 06:00:00,1.15574,1.15666,1.15514,1.1566,2058,8,1.1569841726992982,1.1576821018550696,45.92487103830127
2026-03-26 07:00:00,1.15661,1.15663,1.15502,1.15531,2753,8,1.1568247276803176,1.15758907825291,39.944251053343
2026-03-26 08:00:00,1.1553200000000001,1.15608,1.15471,1.15594,2921,8,1.1567404679012399,1.1575244085175018,43.79386772069079
2026-03-26 09:00:00,1.15594,1.15645,1.15522,1.15592,2995,8,1.1566623281011217,1.1574614905364233,43.69810430564102
2026-03-26 10:00:00,1.15594,1.15647,1.15542,1.1556899999999999,2537,8,1.1565697254248244,1.1573920203193089,42.545907573966325
2026-03-26 11:00:00,1.15571,1.15583,1.15229,1.15239,2389,8,1.156171656336746,1.1571958626597283,30.229867912845933
2026-03-26 12:00:00,1.15242,1.15351,1.15219,1.15346,3353,8,1.155913403352294,1.1570493582416996,36.63485476096328
2026-03-26 13:00:00,1.15349,1.15522,1.15343,1.15418,4679,8,1.1557483173187422,1.156936834389084,40.587261831306556
2026-03-26 14:00:00,1.1542,1.15546,1.15366,1.15469,6111,8,1.1556475251931477,1.156848723236571,43.28578126335024
2026-03-26 15:00:00,1.15472,1.1551,1.15309,1.15409,4791,8,1.155499189460467,1.1567405380116074,40.93041788735422
2026-03-26 16:00:00,1.15409,1.15429,1.15307,1.15353,3208,8,1.1553116476070893,1.1566146345601718,38.807886557354756
2026-03-26 17:00:00,1.15353,1.15373,1.15251,1.15256,2553,8,1.1550495859302237,1.1564556292833024,35.38497832945629
2026-03-26 18:00:00,1.1525400000000001,1.15336,1.15246,1.15335,1863,8,1.1548877206035357,1.1563338398996434,40.02465839131543
2026-03-26 19:00:00,1.15335,1.15341,1.15212,1.15215,1832,8,1.154626985307961,1.1561697677467164,35.81750186663368
2026-03-26 20:00:00,1.15214,1.15586,1.15191,1.15263,7410,8,1.1544367962310123,1.1560309533252766,38.59778943230066
2026-03-26 21:00:00,1.15263,1.15337,1.15252,1.15307,696,20,1.154306625161392,1.155914837508599,41.11585812500387
2026-03-26 22:00:00,1.15326,1.154,1.15314,1.15381,975,8,1.1542593275269737,1.155832294861203,45.187127649854006
2026-03-26 23:00:00,1.1538,1.15396,1.15335,1.1534200000000001,769,8,1.1541793915720238,1.1557376950627245,43.48085983695845
2026-03-27 00:00:00,1.1534200000000001,1.15378,1.1524,1.15301,2356,8,1.1540680209461167,1.1556307266288923,41.69825816618165
2026-03-27 01:00:00,1.15301,1.15405,1.15293,1.15394,1790,8,1.154055828475058,1.1555644236238378,47.005520907810904
2026-03-27 02:00:00,1.15396,1.15423,1.15359,1.1538,1240,8,1.154031463858386,1.1554952305405501,46.321915733912746
2026-03-27 03:00:00,1.15381,1.15398,1.15337,1.15389,1073,8,1.1540179911099682,1.1554322803232737,46.85697501275563
2026-03-27 04:00:00,1.15388,1.15435,1.15366,1.15423,900,8,1.1540381824328285,1.1553851320753024,48.928107744396314
2026-03-27 05:00:00,1.15423,1.15459,1.1537,1.15407,1487,8,1.1540412126773212,1.1553335582684279,47.98044954977662
2026-03-27 06:00:00,1.15406,1.15436,1.15337,1.15343,1538,8,1.1539830019461477,1.1552589089245682,44.28557054518593
2026-03-27 07:00:00,1.15343,1.15347,1.15164,1.15186,2214,8,1.15378081128461,1.1551256183785068,36.799095026041236
2026-03-27 08:00:00,1.15183,1.15248,1.15151,1.15202,2949,8,1.15361311497179,1.155003829422487,37.95031875589712
2026-03-27 09:00:00,1.152,1.15258,1.15141,1.15189,2477,8,1.1534490087840004,1.1548817184647422,37.35494108224511
2026-03-27 10:00:00,1.15189,1.15257,1.15097,1.15107,2353,8,1.1532224365188575,1.154732239309262,33.75743347686769
2026-03-27 11:00:00,1.15109,1.15136,1.15043,1.15074,2195,8,1.152986013993252,1.1545756809049774,32.4048967169108
2026-03-27 12:00:00,1.15072,1.15176,1.15016,1.15146,2879,8,1.152840679327228,1.1544534973400762,38.22089793194144
2026-03-27 13:00:00,1.15149,1.15326,1.15136,1.15239,3914,8,1.1527977574865396,1.1543725758757595,44.824632687239195
2026-03-27 14:00:00,1.15237,1.15353,1.15229,1.15285,4084,8,1.152802732964012,1.1543128670178866,47.79700376174743
2026-03-27 15:00:00,1.15283,1.15473,1.15177,1.15191,5601,8,1.1527177107769633,1.1542186369387537,42.731103793780186
2026-03-27 16:00:00,1.15191,1.15268,1.1514199999999999,1.15185,3993,8,1.1526350716553477,1.1541257492156654,42.4220347471938
2026-03-27 17:00:00,1.15184,1.15288,1.15058,1.15121,3152,8,1.1524993505453147,1.1540114061091686,39.167764656159804
2026-03-27 18:00:00,1.15121,1.15195,1.15067,1.1513200000000001,2348,8,1.152387031445761,1.1539058607715542,40.01943214110797
2026-03-27 19:00:00,1.15135,1.15175,1.15095,1.15167,1669,8,1.1523187427366408,1.1538181799569835,42.76515588019573
2026-03-27 20:00:00,1.15167,1.15206,1.15077,1.1508099999999999,2068,8,1.152175052952199,1.1537002121155333,38.14459815962441
2026-03-29 21:00:00,1.15013,1.15017,1.14989,1.15001,201,20,1.151968857432942,1.1535554979149243,34.41913315607047
2026-03-29 22:00:00,1.14998,1.15022,1.14875,1.14883,2240,8,1.151669918629805,1.1533701842712019,29.796500267201054
2026-03-29 23:00:00,1.14883,1.14941,1.14869,1.14913,1842,8,1.1514280216174424,1.1532039025350764,32.286441210712724
2026-03-30 00:00:00,1.1491500000000001,1.15123,1.14892,1.15065,3226,8,1.151353924320543,1.1531037494944851,43.26591138082864
2026-03-30 01:00:00,1.15065,1.15106,1.15026,1.15046,1959,8,1.1512687886709676,1.1530000730437209,42.341705375849806
2026-03-30 02:00:00,1.15045,1.15149,1.15011,1.15109,1639,8,1.1512517611784945,1.152925168218477,46.428024000288524
2026-03-30 03:00:00,1.15109,1.15183,1.15097,1.15152,1368,8,1.1512773077329237,1.1528700635824582,49.08059109054106
2026-03-30 04:00:00,1.15154,1.15207,1.1513,1.1513,936,8,1.1512794689012167,1.1528084924615776,47.77716036581976
2026-03-30 05:00:00,1.15131,1.15179,1.15092,1.15153,1351,8,1.1513033290058627,1.1527583555023,49.29328018644303
2026-03-30 06:00:00,1.15154,1.15197,1.15111,1.15123,2080,8,1.1512963452910185,1.152698419992406,47.361846633975546
2026-03-30 07:00:00,1.15121,1.15124,1.14935,1.14977,2561,8,1.1511509790728263,1.1525835799927038,39.29281403659361
2026-03-30 08:00:00,1.14975,1.14985,1.14903,1.14957,2476,8,1.151000409637319,1.1524654003851469,38.329456872502845
2026-03-30 09:00:00,1.14959,1.1498,1.14835,1.1494,2285,8,1.15084798967186,1.1523451886053373,37.48811707011505
2026-03-30 10:00:00,1.1494,1.1497,1.14876,1.1489099999999999,1959,8,1.150663419226921,1.1522104753266966,35.09679500655932
2026-03-30 11:00:00,1.14892,1.15,1.14835,1.14845,3847,8,1.1504526173957856,1.152063005706042,32.97053268999049
2026-03-30 12:00:00,1.14846,1.14886,1.14725,1.14822,3382,8,1.1502399871676157,1.1519122995999227,31.928961719690506
2026-03-30 13:00:00,1.14824,1.14877,1.14618,1.1464,3888,8,1.1498742741040333,1.151696130988161,25.156563918411393
2026-03-30 14:00:00,1.14638,1.14699,1.14545,1.14646,4173,8,1.1495491051417446,1.151490792518037,25.715957832901125
2026-03-30 15:00:00,1.14648,1.14657,1.14428,1.14535,3728,8,1.1491491903663404,1.1512499771251727,22.38294050350558
2026-03-30 16:00:00,1.14533,1.14606,1.14469,1.14596,2471,8,1.1488454579504985,1.1510425270418325,27.912450753374273
2026-03-30 17:00:00,1.14596,1.1464699999999999,1.14553,1.14571,2255,8,1.1485468429075938,1.1508334083343097,27.06155361158072
2026-03-30 18:00:00,1.14569,1.1466,1.14563,1.14607,1859,8,1.1483109531068705,1.150646608007474,30.354027051883122
2026-03-30 19:00:00,1.14606,1.14619,1.14535,1.14594,1731,8,1.1480851480490732,1.1504620351444357,29.830366456357666
2026-03-30 20:00:00,1.14592,1.14623,1.14568,1.14609,945,8,1.1478951339491614,1.1502905827858303,31.303030713445366
2026-03-30 21:00:00,1.14608,1.14616,1.14544,1.14596,722,20,1.1477108354778127,1.1501207560099154,30.701645199232857
2026-03-30 22:00:00,1.14611,1.14654,1.1459,1.14593,673,8,1.1475412320989735,1.1499564126369775,30.5557563162114
2026-03-30 23:00:00,1.14593,1.14593,1.1452,1.14563,1056,8,1.1473592099943093,1.1497867493963116,29.068232723305343
2026-03-31 00:00:00,1.14566,1.14758,1.14468,1.1474199999999999,3539,8,1.1473649995186608,1.1496939356944955,45.969707541834914
2026-03-31 01:00:00,1.14741,1.14904,1.14728,1.14757,2951,8,1.1473845233740263,1.1496106440986331,47.10708402375161
2026-03-31 02:00:00,1.14758,1.1479300000000001,1.14729,1.14755,1674,8,1.1474002830526906,1.1495298345261378,46.96512407966846
2026-03-31 03:00:00,1.14754,1.14761,1.14661,1.14692,1202,8,1.1473545418095772,1.1494274880741324,42.609218986287225
2026-03-31 04:00:00,1.14693,1.14725,1.14684,1.14687,973,8,1.1473083949705698,1.1493271944241665,42.27410581085541
2026-03-31 05:00:00,1.14689,1.14713,1.14619,1.14643,1570,8,1.147224738306706,1.1492135789565523,39.34179842890423
2026-03-31 06:00:00,1.14642,1.1474,1.14602,1.14717,2331,8,1.1472195251346389,1.1491334386053151,46.11185121351846
2026-03-31 07:00:00,1.14715,1.14739,1.14625,1.14719,2612,8,1.147216713217054,1.1490572253266755,46.286341084365226
2026-03-31 08:00:00,1.1472,1.14754,1.14638,1.14669,2486,8,1.147166550053525,1.1489643929609237,42.574800056042
2026-03-31 09:00:00,1.14668,1.14728,1.14615,1.14676,2215,8,1.1471278310008084,1.1488779461781424,43.26075827009603
2026-03-31 10:00:00,1.14678,1.14696,1.14577,1.1458599999999999,1809,8,1.1470070851912075,1.148759595347627,37.12108865054408
2026-03-31 11:00:00,1.14588,1.14907,1.1457,1.14907,4632,8,1.1472035532682354,1.1487717680790925,59.30503347876414
2026-03-31 12:00:00,1.14909,1.15095,1.14868,1.15025,5143,8,1.1474936910522129,1.1488297379583439,64.29224680231883
2026-03-31 13:00:00,1.15026,1.15322,1.15001,1.15322,3957,8,1.1480390538091452,1.1490019050972324,73.19604418283124
2026-03-31 14:00:00,1.15319,1.15402,1.1510799999999999,1.15198,7018,8,1.148414382017798,1.1491186931326351,65.81699029295106
2026-03-31 15:00:00,1.152,1.1532499999999999,1.15114,1.1516899999999999,5995,8,1.1487263456351506,1.1492195286960614,64.18723377288192
2026-03-31 16:00:00,1.1517,1.15597,1.15137,1.15402,9099,8,1.1492305031937076,1.1494077824726863,70.50634393253459
2026-03-31 17:00:00,1.15405,1.15563,1.15385,1.15396,7481,8,1.1496809314609735,1.1495863008070908,70.16301821672481
2026-03-31 18:00:00,1.15398,1.15503,1.15381,1.15443,3601,8,1.1501332237027855,1.149776249795048,71.34030168210262
2026-03-31 19:00:00,1.15441,1.15594,1.1538599999999999,1.15584,2533,8,1.1506767262072821,1.1500140439207327,74.58068201408683
2026-03-31 20:00:00,1.15587,1.15631,1.15511,1.15521,1494,8,1.1511084665684934,1.1502178069042335,70.73255129568555
2026-03-31 21:00:00,1.15519,1.15545,1.15501,1.15545,417,20,1.1515219459429227,1.1504229909472046,71.3392408683937
2026-03-31 22:00:00,1.15554,1.15594,1.15521,1.15582,969,8,1.151931284424549,1.1506346383610397,72.29280390711735
2026-03-31 23:00:00,1.15582,1.15743,1.15567,1.15736,1199,8,1.1524483049555443,1.1508983780331559,75.88854791828948
2026-04-01 00:00:00,1.15735,1.15784,1.1569,1.1574,2003,8,1.152919894959778,1.1511533436004833,75.97575862862637
2026-04-01 01:00:00,1.1574,1.15754,1.15546,1.15612,2933,8,1.1532246668683706,1.1513481144396802,67.55521724675172
2026-04-01 02:00:00,1.15613,1.15708,1.15602,1.15683,1445,8,1.1535680319285258,1.1515630903440066,69.56987712542278
2026-04-01 03:00:00,1.1568100000000001,1.15682,1.15588,1.15605,1220,8,1.1538044098400948,1.1517390475854181,64.8087329246139
2026-04-01 04:00:00,1.15604,1.15662,1.15591,1.15649,962,8,1.1540601803315145,1.1519253594448136,66.21341224509007
2026-04-01 05:00:00,1.15651,1.1576,1.15644,1.15676,1706,8,1.1543173060142273,1.1521149531920758,67.08172294349224
2026-04-01 06:00:00,1.15676,1.15924,1.15618,1.1590799999999999,5112,8,1.1547708959176344,1.1523880922825827,73.40614706033782
2026-04-01 07:00:00,1.1591,1.15984,1.15768,1.15816,5471,8,1.1550936677350025,1.1526144416048343,67.84000499144429
2026-04-01 08:00:00,1.15815,1.16104,1.15771,1.15962,4911,8,1.1555247469983358,1.152889169385037,71.52949801845112
2026-04-01 09:00:00,1.15961,1.16022,1.15804,1.15948,4033,8,1.155901437760399,1.1531476333307218,70.69200559339585
2026-04-01 10:00:00,1.1595,1.16033,1.1593,1.15991,3027,8,1.1562832055927421,1.1534128241804975,71.78471638871919
2026-04-01 11:00:00,1.15992,1.16096,1.15975,1.1607,2615,8,1.1567038526791475,1.1536985957812622,73.72308691408142
2026-04-01 12:00:00,1.16072,1.16233,1.15936,1.1604,7004,8,1.157055866709705,1.153961395946703,71.70842846775226
2026-04-01 13:00:00,1.16042,1.16235,1.15984,1.16119,6436,8,1.157449593689733,1.1542448706154598,73.74326340054644
2026-04-01 14:00:00,1.1612,1.16267,1.16042,1.16222,6436,8,1.1579039181002349,1.1545576207874026,76.1516452857381
2026-04-01 15:00:00,1.16224,1.16268,1.1605,1.16133,3653,8,1.1582302116144982,1.1548232042859359,70.16297929258027
2026-04-01 16:00:00,1.16131,1.16186,1.16042,1.16185,2911,8,1.1585749533654983,1.1550987649021736,71.5697690848276
2026-04-01 17:00:00,1.16185,1.16232,1.1593499999999999,1.15936,2753,8,1.1586497197116414,1.155265872160912,57.57182028774129
2026-04-01 18:00:00,1.1593499999999999,1.15941,1.15766,1.15786,3288,8,1.1585745083105328,1.1553676026644055,51.08933380939109
2026-04-01 19:00:00,1.15787,1.15867,1.15758,1.15836,2258,8,1.158554078947625,1.155484951579527,52.98949314956753
2026-04-01 20:00:00,1.15835,1.15915,1.15833,1.15895,946,8,1.1585917857145178,1.1556208358313103,55.201160938643696
2026-04-01 21:00:00,1.15895,1.159,1.15825,1.159,657,8,1.1586306632655161,1.1557533520732197,55.39268955620756
2026-04-01 22:00:00,1.15901,1.15939,1.15893,1.1590799999999999,729,8,1.1586734572402289,1.1558838088546621,55.71889412450654
2026-04-01 23:00:00,1.1591,1.15942,1.15886,1.15894,755,8,1.1586988422649689,1.1560036594878127,54.961425376138145
2026-04-02 00:00:00,1.15892,1.15976,1.15865,1.15949,2131,8,1.158774190620686,1.1561403787235849,57.410937794664775
2026-04-02 01:00:00,1.15948,1.16052,1.15454,1.15522,11361,8,1.1584356962758589,1.1561042854403072,39.465260588215166
2026-04-02 02:00:00,1.15523,1.15599,1.15436,1.15465,3298,8,1.158075153773396,1.1560472546387266,37.768103462723936
2026-04-02 03:00:00,1.15465,1.15487,1.15374,1.15395,1855,8,1.1576822819854535,1.1559650093587766,35.735667621722314
2026-04-02 04:00:00,1.15396,1.15416,1.15319,1.15367,1793,8,1.1573001598916008,1.1558750089917658,34.92603932020967
2026-04-02 05:00:00,1.15367,1.15387,1.15244,1.1525,2124,8,1.1568430018066864,1.155742655697971,31.694697469317347
2026-04-02 06:00:00,1.15251,1.15351,1.15149,1.15341,3342,8,1.1565160492536688,1.155651179003933,36.607314725198734
2026-04-02 07:00:00,1.1534,1.1537600000000001,1.15182,1.15321,3698,8,1.156201187419986,1.1555554464939748,35.99458497508972
2026-04-02 08:00:00,1.15324,1.15355,1.15238,1.15251,2506,8,1.1558496457609397,1.1554360172197014,33.85848607001466
2026-04-02 09:00:00,1.15252,1.15317,1.15215,1.15258,2082,8,1.1555382509265646,1.1553240165444192,34.27851214993541
2026-04-02 10:00:00,1.15258,1.1526399999999999,1.1510799999999999,1.15119,2271,8,1.1551241317907013,1.1551618982485596,30.180028433512703
2026-04-02 11:00:00,1.15122,1.1519,1.15086,1.1516899999999999,2458,8,1.1547970716201583,1.1550257453760673,33.270732990834986
2026-04-02 12:00:00,1.1517,1.15308,1.15164,1.15244,3569,8,1.1545725886087148,1.154924343596614,37.72395925184708
2026-04-02 13:00:00,1.15245,1.15321,1.15199,1.15307,4508,8,1.1544294849316945,1.1548516242398839,41.26952766896384
2026-04-02 14:00:00,1.1531,1.15636,1.15262,1.15507,9833,8,1.154490486366771,1.1548601879951825,50.83847846303516
2026-04-02 15:00:00,1.1551,1.15582,1.1541299999999999,1.15448,5445,8,1.154489487665174,1.154845278662038,48.33650459855331
2026-04-02 16:00:00,1.1544699999999999,1.15476,1.15387,1.15388,3649,8,1.1544314412208716,1.15480742459686,45.864491705587284
2026-04-02 17:00:00,1.15389,1.1549,1.1536,1.15374,2357,8,1.1543655896760268,1.1547655648087478,45.28256541070546
2026-04-02 18:00:00,1.15374,1.15398,1.15327,1.15357,2007,8,1.154289819230691,1.1547186799142872,44.54350263246062
2026-04-02 19:00:00,1.15359,1.15435,1.1533,1.1534200000000001,1909,8,1.1542069793039584,1.1546677512901977,43.86323780832059
2026-04-02 20:00:00,1.15344,1.15393,1.15319,1.15383,810,8,1.1541710765131052,1.1546348982984254,46.27825934049912
2026-04-02 21:00:00,1.15382,1.15404,1.15356,1.154,404,20,1.154154783511857,1.1546100003259383,47.290793933754124
2026-04-02 22:00:00,1.15401,1.15401,1.15321,1.15345,397,20,1.1540876612726327,1.1545645101170778,44.376638910979075
2026-04-02 23:00:00,1.15337,1.15375,1.15332,1.15351,312,120,1.1540326459133343,1.1545231567791532,44.77643060225791
2026-04-03 00:00:00,1.15351,1.15398,1.15317,1.15317,704,120,1.1539504891596835,1.1544700918074216,42.89496947715551
2026-04-03 01:00:00,1.15317,1.1534200000000001,1.15274,1.15286,544,120,1.1538466330492374,1.1544069509522288,41.19531340444779
2026-04-03 02:00:00,1.15286,1.15328,1.15257,1.15307,617,120,1.1537726679969291,1.1543545215031217,42.847400577304136
2026-04-03 03:00:00,1.15307,1.15321,1.15278,1.15308,369,120,1.1537066996162693,1.1543045402677052,42.92962430077466
2026-04-03 04:00:00,1.15308,1.15308,1.15274,1.15274,567,120,1.1536146329861483,1.154243185747403,40.781365894478455
2026-04-03 05:00:00,1.15274,1.153,1.15212,1.15297,424,120,1.1535532393684198,1.1541932568945636,42.86427712172076
2026-04-03 06:00:00,1.15296,1.15332,1.15266,1.15322,512,160,1.1535215022857133,1.154155089957522,45.12368266399602
2026-04-03 07:00:00,1.1532,1.15388,1.1532,1.15344,603,160,1.1535137401632642,1.1541270472140899,47.10594302938998
2026-04-03 08:00:00,1.1534200000000001,1.15377,1.15327,1.15362,398,160,1.1535238601477154,1.1541071630096158,48.737528346701396
2026-04-03 09:00:00,1.15355,1.15381,1.15322,1.15346,505,160,1.1535177782288855,1.1540817840680622,47.3396789636321
2026-04-03 10:00:00,1.15346,1.15407,1.15335,1.15364,437,160,1.153529418397563,1.1540644592026479,49.108088496837745
2026-04-03 11:00:00,1.15362,1.15419,1.15326,1.15418,655,60,1.1535913785501761,1.1540689902143086,54.089136677572036
2026-04-03 12:00:00,1.1542,1.15458,1.15177,1.15306,2835,8,1.1535407710692072,1.1540294219706102,44.3857289160748
2026-04-03 13:00:00,1.15306,1.15384,1.15276,1.15344,1471,8,1.1535311738245206,1.1540063073835274,47.806920621487684
2026-04-03 14:00:00,1.15344,1.15361,1.15204,1.15208,1233,8,1.1533929667936138,1.1539307659175067,38.644352935016094
2026-04-03 15:00:00,1.15208,1.15276,1.15195,1.15219,1308,8,1.1532783985275554,1.1538625005874084,39.651815904573915
2026-04-03 16:00:00,1.15217,1.15222,1.15185,1.15187,1110,8,1.153144265334455,1.1537843633094709,37.71184885859435
2026-04-03 17:00:00,1.15187,1.15218,1.1518,1.15198,1597,8,1.15303338292165,1.1537136039640015,38.81992265138
2026-04-03 18:00:00,1.15198,1.1521,1.15134,1.15137,572,8,1.1528749655005404,1.1536216979261975,35.09179588552867
2026-04-03 19:00:00,1.15137,1.15154,1.15131,1.15139,202,16,1.1527335402147747,1.1535341803604644,35.31115226266351
2026-04-03 20:00:00,1.15138,1.15303,1.15107,1.1514,1339,16,1.1526065363847962,1.1534504870129954,35.428654245956196
2026-04-05 21:00:00,1.15196,1.15211,1.15178,1.15188,229,48,1.152537342443387,1.1533888992869956,40.971157649686546
2026-04-05 22:00:00,1.15208,1.15212,1.15048,1.15145,2634,8,1.1524337860202072,1.153312864020839,37.83784037536468
2026-04-05 23:00:00,1.15146,1.15166,1.15082,1.15095,1426,8,1.1522924730659017,1.1532202026866885,34.53094236709313
2026-04-06 00:00:00,1.15095,1.15179,1.1509,1.15115,1622,8,1.1521836661072442,1.1531390182676027,36.90627957430998
2026-04-06 01:00:00,1.15115,1.15141,1.1506,1.15066,1256,8,1.1520385550494114,1.1530418018649515,33.68196524726031
2026-04-06 02:00:00,1.15067,1.15283,1.15066,1.15204,2395,8,1.1520386926637531,1.1530025155173063,47.573637326661284
2026-04-06 03:00:00,1.15204,1.15228,1.1516899999999999,1.15185,1419,8,1.1520207219338718,1.1529573188303532,46.14057501224591
2026-04-06 04:00:00,1.15185,1.15246,1.15182,1.1524,1024,8,1.1520568436544556,1.1529354631899473,50.764111306014996
2026-04-06 05:00:00,1.1524,1.15292,1.15226,1.15249,1100,8,1.1520980966397456,1.1529179940452434,51.49784439119859
2026-04-06 06:00:00,1.15249,1.15372,1.15217,1.1532499999999999,2232,8,1.1522078017216746,1.1529310138866065,57.28649453856815
2026-04-06 07:00:00,1.15327,1.15685,1.15251,1.15641,3051,8,1.1526080110815151,1.1530674447145828,72.16290934418848
2026-04-06 08:00:00,1.15644,1.15685,1.1553499999999999,1.15551,2599,8,1.1528843909785138,1.153163231196364,65.19811620111668
2026-04-06 09:00:00,1.15551,1.15598,1.1547,1.155,2158,8,1.1530858775519888,1.1532352613455263,61.571620853616054
2026-04-06 10:00:00,1.15503,1.15538,1.15372,1.15478,2440,8,1.1532472225470376,1.1532958393319763,60.02069761294695
2026-04-06 11:00:00,1.1548,1.15497,1.15399,1.15453,1851,8,1.153369391828272,1.153344237789546,58.22585006334722
2026-04-06 12:00:00,1.15455,1.15543,1.15423,1.1553,1928,8,1.1535532592731983,1.1534209343468187,61.99546785063617
2026-04-06 13:00:00,1.15529,1.15609,1.15491,1.15595,2513,8,1.1537815202947985,1.1535201133920416,64.87678628590993
2026-04-06 14:00:00,1.15598,1.15713,1.15421,1.15429,5395,8,1.153829946933389,1.1535503050237264,53.68310559373796
2026-04-06 15:00:00,1.15427,1.15441,1.1535199999999999,1.1544,3098,8,1.1538842377016376,1.153583626395345,54.24645471047835
2026-04-06 16:00:00,1.15439,1.15478,1.1542,1.15444,1956,8,1.1539371674443388,1.1536172096739588,54.46335056311147
2026-04-06 17:00:00,1.15446,1.15486,1.15338,1.15412,2566,8,1.1539545800686875,1.1536369269416467,52.32626976460442
2026-04-06 18:00:00,1.15412,1.15522,1.15393,1.15453,2657,8,1.1540093819669075,1.1536719494145233,54.77485441211462
2026-04-06 19:00:00,1.15455,1.15464,1.15404,1.15425,1061,8,1.154032297970059,1.1536946180649343,52.78109282906964
2026-04-06 20:00:00,1.15426,1.15443,1.15405,1.1541299999999999,678,8,1.1540416029252916,1.1537116918663095,51.90903981932733
2026-04-06 21:00:00,1.15411,1.15432,1.15384,1.15426,539,20,1.1540624026466926,1.1537331941460622,52.81849866858607
2026-04-06 22:00:00,1.15432,1.15475,1.15419,1.15423,694,8,1.1540783642993886,1.1537526767285697,52.57142189918819
2026-04-06 23:00:00,1.15423,1.15431,1.1538599999999999,1.15405,629,8,1.1540756629375422,1.1537643364647043,51.02901492555315
2026-04-07 00:00:00,1.15405,1.15435,1.15364,1.15371,1610,8,1.1540408378958713,1.1537622056229513,48.15504546366397
2026-04-07 01:00:00,1.15371,1.15398,1.1527,1.15298,1791,8,1.153939805715312,1.1537315308926395,42.606609629071286
2026-04-07 02:00:00,1.153,1.15317,1.15238,1.15294,1283,8,1.1538445861233777,1.153700490465477,42.31887989159242
2026-04-07 03:00:00,1.15294,1.15343,1.15284,1.1534,768,8,1.1538022445878178,1.1536887065256545,46.77073258104817
2026-04-07 04:00:00,1.15341,1.15384,1.15324,1.15378,905,8,1.1538001260556445,1.1536922866619033,50.1907443448688
2026-04-07 05:00:00,1.1538,1.15394,1.15298,1.15349,1442,8,1.1537705902408213,1.1536843538516326,47.67334661950309
2026-04-07 06:00:00,1.1535199999999999,1.15451,1.15322,1.15443,2140,8,1.153833391170267,1.153713594877059,55.46980454381388
2026-04-07 07:00:00,1.15446,1.15457,1.15365,1.15422,2178,8,1.1538702110588128,1.153733453901488,53.550200716391814
2026-04-07 08:00:00,1.15422,1.1575199999999999,1.15416,1.15731,5289,8,1.1541978100055925,1.1538737106112336,70.00096609544613
2026-04-07 09:00:00,1.15731,1.15749,1.15621,1.15626,2770,8,1.1543942090526789,1.1539672905872638,61.96948474918141
2026-04-07 10:00:00,1.15626,1.15635,1.15456,1.15538,5422,8,1.1544880939048046,1.1540226909563907,56.15443129946023
2026-04-07 11:00:00,1.15539,1.15618,1.15476,1.15597,2682,8,1.1546292278186328,1.1540990560169244,58.9366077619624
2026-04-07 12:00:00,1.15599,1.15695,1.15533,1.15601,4352,8,1.154760729931144,1.1541739949966527,59.125972477898735
2026-04-07 13:00:00,1.15603,1.15646,1.15555,1.15634,3663,8,1.1549111366043683,1.154258936369333,60.73473308427555
2026-04-07 14:00:00,1.15633,1.15833,1.15582,1.15716,4619,8,1.1551253140706188,1.1543727035705356,64.47624749037399
2026-04-07 15:00:00,1.15714,1.15779,1.15656,1.15709,3987,8,1.155312427016274,1.1544792642148283,63.916335706359874
2026-04-07 16:00:00,1.15708,1.15793,1.15693,1.15713,3663,8,1.1554855292052002,1.1545832146377764,64.10814181391142
2026-04-07 17:00:00,1.1571,1.15793,1.15661,1.1577,2656,8,1.1556964311856572,1.1547054415147264,66.81515942742223
2026-04-07 18:00:00,1.15771,1.1583,1.15711,1.15746,2023,8,1.1558643901203565,1.1548134634161098,64.60569501537681
2026-04-07 19:00:00,1.15746,1.16014,1.15726,1.1595,5669,8,1.1562106386803224,1.1549972491644978,72.83008783513203
2026-04-07 20:00:00,1.15948,1.1604700000000001,1.15921,1.1596,2590,8,1.1565334349964822,1.1551777491972626,73.15933215413781
2026-04-07 21:00:00,1.1596,1.15978,1.15933,1.1595900000000001,597,20,1.1568245364253886,1.155350778640507,73.06398272856352
2026-04-07 22:00:00,1.15971,1.16694,1.15875,1.16673,7639,8,1.157767913908685,1.155797022615389,86.54643087039413
2026-04-07 23:00:00,1.16676,1.16904,1.1661,1.16858,9299,8,1.158797636393572,1.1562983158461582,88.1951745593249
2026-04-08 00:00:00,1.1686,1.16967,1.16656,1.16714,7832,8,1.1595921472132318,1.1567234799306225,79.97904476549927
2026-04-08 01:00:00,1.16717,1.16879,1.16707,1.16753,4216,8,1.160348133192924,1.1571472650313823,80.50864871386737
2026-04-08 02:00:00,1.16751,1.16819,1.16684,1.16733,3001,8,1.161013072888836,1.1575465879713283,79.34944336553174
2026-04-08 03:00:00,1.1673499999999999,1.16755,1.16657,1.1670099999999999,2259,8,1.161584208804185,1.1579177021685312,77.42846206205161
2026-04-08 04:00:00,1.16703,1.16808,1.16703,1.16761,2215,8,1.162158093679977,1.1582977922795692,78.48042144260663
2026-04-08 05:00:00,1.1676199999999999,1.17082,1.16716,1.16912,3433,8,1.1628211323771218,1.1587221925823312,80.89378554151817
2026-04-08 06:00:00,1.16911,1.17085,1.16841,1.16957,4717,8,1.1634638816745388,1.1591475967947888,81.55757058991384
2026-04-08 07:00:00,1.1696,1.16998,1.16787,1.16952,4440,8,1.1640406548483924,1.159554357704797,81.21992771446318
2026-04-08 08:00:00,1.16953,1.16988,1.16686,1.16808,4346,8,1.1644253543866405,1.1598886966183344,71.97785500613894
2026-04-08 09:00:00,1.16809,1.16891,1.16777,1.16794,3306,8,1.1647600825402937,1.1602044340058506,71.13040846435126
2026-04-08 10:00:00,1.16794,1.16921,1.16771,1.16898,2531,8,1.1651619794412182,1.1605485738487584,73.6155516525813
2026-04-08 11:00:00,1.16895,1.171,1.16852,1.16996,3517,8,1.16561893378015,1.1609176493841011,75.73520492185067
2026-04-08 12:00:00,1.16999,1.17178,1.16878,1.17136,6027,8,1.166165701991564,1.1613271533298226,78.4043366024055
2026-04-08 13:00:00,1.17134,1.17214,1.16866,1.16938,5969,8,1.166471825611415,1.161642951238457,67.15352118067645
2026-04-08 14:00:00,1.16937,1.1703000000000001,1.16892,1.16939,6164,8,1.1667497469817565,1.161946757072243,67.17913730372317
2026-04-08 15:00:00,1.16939,1.16962,1.1684,1.16861,3818,8,1.1669269139358749,1.1622080607164689,63.04884308750446
2026-04-08 16:00:00,1.16858,1.16883,1.16768,1.16814,3160,8,1.1670424459419821,1.1624406857864114,60.629922994855555
2026-04-08 17:00:00,1.16814,1.16851,1.16682,1.16743,2859,8,1.1670793558522696,1.1626363451673365,57.068017751086735
2026-04-08 18:00:00,1.16745,1.16798,1.16495,1.165,4180,8,1.1668813219615772,1.1627290375137154,46.91029956231381
2026-04-08 19:00:00,1.16498,1.167,1.16432,1.16673,3342,8,1.166866910346189,1.1628859380033736,53.28531589068334
2026-04-08 20:00:00,1.16676,1.1669100000000001,1.16594,1.1661299999999999,1264,8,1.1667967284084566,1.1630131561208883,50.99806121940807
2026-04-08 21:00:00,1.16611,1.16651,1.16595,1.16651,539,20,1.1667694209409845,1.1631502872534023,52.391876033874055
2026-04-08 22:00:00,1.16659,1.16673,1.16597,1.16618,935,8,1.1667132856132718,1.1632690995179749,51.034285264938596
2026-04-08 23:00:00,1.16618,1.16631,1.16572,1.16587,737,8,1.1666329726977223,1.1633710956153092,49.73063420659749
2026-04-09 00:00:00,1.16587,1.16605,1.16526,1.1656900000000001,1858,8,1.1665431657741296,1.1634620330421597,48.948760660150015
2026-04-09 01:00:00,1.1657,1.16633,1.165,1.16616,1800,8,1.166506673795641,1.1635678356679573,51.110189357393146
2026-04-09 02:00:00,1.16616,1.1667,1.16589,1.1665,1363,8,1.1665060381960564,1.1636828225045082,52.67126957736567
2026-04-09 03:00:00,1.1665,1.16663,1.1660300000000001,1.16619,1263,8,1.1664759393202415,1.163781143190606,51.07008675779051
2026-04-09 04:00:00,1.16619,1.16706,1.16614,1.16661,1014,8,1.1664887070040282,1.1638920787517588,53.14818389858283
2026-04-09 05:00:00,1.16663,1.16676,1.16589,1.16604,1368,8,1.1664459730036445,1.1639763109575723,50.04193843366618
2026-04-09 06:00:00,1.16604,1.16639,1.16539,1.16638,2037,8,1.1664396898604403,1.1640705732729615,51.8496756725966
2026-04-09 07:00:00,1.1663999999999999,1.16688,1.16553,1.16626,2375,8,1.1664225765403984,1.16415643314461,51.146230314860404
2026-04-09 08:00:00,1.16626,1.16746,1.16593,1.16718,2062,8,1.1664947121079794,1.164275004393841,56.0673404363704
2026-04-09 09:00:00,1.16717,1.16789,1.16682,1.16741,1875,8,1.16658188238341,1.164397945398004,57.22733513348521
2026-04-09 10:00:00,1.16741,1.16794,1.1671,1.1671,1769,8,1.1666312269183232,1.1645039083235724,55.11502792190604
2026-04-09 11:00:00,1.16708,1.16891,1.16692,1.16879,1960,8,1.1668368243546734,1.1646719903500988,63.10931851858638
2026-04-09 12:00:00,1.16879,1.16898,1.16788,1.16855,2691,8,1.1669999839399428,1.1648240691598988,61.43587807045229
2026-04-09 13:00:00,1.1685699999999999,1.16949,1.16807,1.16817,3091,8,1.1671114140409007,1.1649552821340206,58.77827190117869
2026-04-09 14:00:00,1.16814,1.16877,1.16737,1.16841,3438,8,1.1672350888941483,1.1650907612660197,59.95645661150557
2026-04-09 15:00:00,1.16839,1.1706699999999999,1.16772,1.17049,5223,8,1.167545080428039,1.1653024961183327,68.38905541091916
2026-04-09 16:00:00,1.17049,1.17136,1.17019,1.17102,2803,8,1.167876025149178,1.1655267119568296,70.11594917817732
2026-04-09 17:00:00,1.17102,1.17231,1.17097,1.17139,2341,8,1.168210689420685,1.1657566448212675,71.2949053741969
2026-04-09 18:00:00,1.17139,1.17147,1.1697,1.16989,2746,8,1.168370623761572,1.1659187371812179,60.81940887508117
2026-04-09 19:00:00,1.16987,1.17082,1.16976,1.17004,1827,8,1.1685296119747557,1.1660803553309742,61.42972319241251
2026-04-09 20:00:00,1.17003,1.17005,1.16949,1.16966,980,8,1.16863726797716,1.1662207335532888,58.92555620631174
2026-04-09 21:00:00,1.1698,1.1700599999999999,1.16944,1.1700599999999999,620,20,1.1687727662650493,1.166371293021787,60.73981064914724
2026-04-09 22:00:00,1.17005,1.17023,1.16921,1.16939,911,8,1.1688315504302826,1.1664896736875994,56.257457218087154
2026-04-09 23:00:00,1.16939,1.16959,1.16899,1.16913,675,8,1.1688599741988273,1.166593215895929,54.57437751338453
2026-04-10 00:00:00,1.16913,1.16914,1.16853,1.16876,1279,8,1.168850452846558,1.1666781878215788,52.181849076576405
2026-04-10 01:00:00,1.16876,1.16942,1.16859,1.1691799999999999,1255,8,1.168881838289743,1.1667762981030856,54.61416985994837
2026-04-10 02:00:00,1.16921,1.16939,1.16863,1.16905,1096,8,1.1688978536907197,1.1668654628833568,53.703606296294545
2026-04-10 03:00:00,1.16906,1.16963,1.16893,1.16953,783,8,1.1689580581011274,1.1669699545349899,56.58204424329331
2026-04-10 04:00:00,1.16953,1.16963,1.16907,1.16917,833,8,1.1689782430438773,1.1670562308277355,53.87649768631548
2026-04-10 05:00:00,1.16917,1.16926,1.16872,1.16897,971,8,1.1689774579920793,1.167131280599197,52.37806242317329
2026-04-10 06:00:00,1.16897,1.16932,1.16828,1.16841,1748,8,1.168923414373786,1.167181426458052,48.325259046864886
2026-04-10 07:00:00,1.1684,1.16894,1.16788,1.1679599999999999,1911,8,1.1688316606239015,1.1672119587538146,45.29247603519705
2026-04-10 08:00:00,1.16795,1.16894,1.1677,1.1685699999999999,1526,8,1.1688067405644824,1.1672652152732728,49.88389053818101
2026-04-10 09:00:00,1.1685699999999999,1.17106,1.16842,1.17097,4055,8,1.169012765272627,1.1674105009488307,63.03039611103797
2026-04-10 10:00:00,1.17098,1.17154,1.17054,1.17124,1869,8,1.1692248828657101,1.1675606773822098,64.16914345426451
2026-04-10 11:00:00,1.17124,1.17184,1.17105,1.17137,1657,8,1.1694291797356424,1.1677100625829073,64.73242107623378
2026-04-10 12:00:00,1.17136,1.17266,1.1709100000000001,1.17203,3487,8,1.1696768769036765,1.1678794718933816,67.52378216387095
2026-04-10 13:00:00,1.17201,1.17346,1.17181,1.17272,3380,8,1.1699666981509453,1.1680692965250137,70.18097824649493
2026-04-10 14:00:00,1.17271,1.17378,1.17198,1.17273,4133,8,1.170229869755617,1.1682520692103073,70.21900882206913
2026-04-10 15:00:00,1.17271,1.17394,1.17215,1.1722299999999999,3050,8,1.17042035835032,1.1684080664961776,65.70665104617682
2026-04-10 16:00:00,1.17222,1.17251,1.17134,1.17198,2267,8,1.1705688956502895,1.168548142319857,63.509097525826114
2026-04-10 17:00:00,1.17198,1.17257,1.17183,1.17231,1532,8,1.1707347151121665,1.1686956661504508,65.16525408916586
2026-04-10 18:00:00,1.17231,1.1735,1.17185,1.17311,1833,8,1.1709609327205317,1.1688687772818058,68.85552713366468
2026-04-10 19:00:00,1.17312,1.17321,1.17268,1.17271,1291,8,1.1711275105566716,1.169019413466833,65.13977451558617
2026-04-10 20:00:00,1.1727,1.17305,1.17214,1.1724999999999999,1106,8,1.1712582238369886,1.1691559070563688,63.21115870335739
2026-04-12 21:00:00,1.16637,1.1679,1.16632,1.16693,558,48,1.1708460120429898,1.1690686165835702,34.24766227022758
2026-04-12 22:00:00,1.16715,1.16781,1.16655,1.16721,2716,8,1.1704997251817526,1.1689957296587243,35.83919137502795
2026-04-12 23:00:00,1.16721,1.16751,1.16639,1.16747,1665,8,1.1702111799263477,1.168935897123088,37.35549566692375
2026-04-13 00:00:00,1.16749,1.16872,1.16706,1.16871,1987,8,1.1700682104095528,1.1689270384123789,44.1362727140774
2026-04-13 01:00:00,1.16873,1.16892,1.16803,1.16861,1677,8,1.1699293332276905,1.1689146055334623,43.72522565498445
2026-04-13 02:00:00,1.1686,1.16899,1.16848,1.16881,1010,8,1.1698227300631485,1.1689105033556795,44.831846928448044
2026-04-13 03:00:00,1.16881,1.16889,1.16853,1.16875,855,8,1.1697205652952296,1.1689042091064372,44.54882023478462
2026-04-13 04:00:00,1.16876,1.16898,1.16853,1.1685699999999999,826,8,1.169610987648065,1.168891102866969,43.65836081791685
2026-04-13 05:00:00,1.16859,1.16889,1.16828,1.16877,1196,8,1.1695308935863444,1.1688863537349312,44.97444754502625
2026-04-13 06:00:00,1.16877,1.1694499999999999,1.16775,1.16852,2508,8,1.1694346180066926,1.1688719869217967,43.60334623120904
2026-04-13 07:00:00,1.16853,1.16997,1.16853,1.1696900000000001,2181,8,1.1694589401012934,1.16890406586604,51.114614756867866
2026-04-13 08:00:00,1.1696900000000001,1.1697,1.16832,1.1685699999999999,1816,8,1.1693742791392654,1.1688909652438424,44.94374907766901
2026-04-13 09:00:00,1.16859,1.16924,1.16834,1.1686,1677,8,1.1693005382688593,1.1688795548421231,45.13481610901032
2026-04-13 10:00:00,1.1686,1.16947,1.16822,1.16928,1509,8,1.1692985822432536,1.1688952585738046,49.419643655330475
2026-04-13 11:00:00,1.1693,1.16995,1.16807,1.16815,2107,8,1.1691891934581817,1.168866032747381,43.359597102348886
2026-04-13 12:00:00,1.16817,1.16989,1.16803,1.1697899999999999,2613,8,1.169246413128831,1.1689022667572875,52.46923726452383
2026-04-13 13:00:00,1.16981,1.1712,1.16959,1.17048,3568,8,1.1693638975927518,1.1689641386491587,55.69766750506552
2026-04-13 14:00:00,1.17051,1.17203,1.17001,1.17099,3838,8,1.1695187644886802,1.169043584192329,57.9700491567437
2026-04-13 15:00:00,1.17098,1.17123,1.17023,1.17092,2807,8,1.1696522154897584,1.1691171691259632,57.53384417443442
2026-04-13 16:00:00,1.1709100000000001,1.17313,1.17066,1.17245,4476,8,1.1699186711574003,1.1692478683759255,63.92364947492238
2026-04-13 17:00:00,1.17246,1.17375,1.17243,1.1733,1928,8,1.170240702475743,1.1694067754984383,66.90315031394407
2026-04-13 18:00:00,1.17333,1.17653,1.17332,1.17641,2706,8,1.1708282546209103,1.1696814117534016,75.02920061503644
2026-04-13 19:00:00,1.17638,1.17646,1.17538,1.176,1683,8,1.171320801799871,1.169929199527778,72.50193663715746
2026-04-13 20:00:00,1.176,1.17627,1.17563,1.17583,968,8,1.1717502492475025,1.1701606034678653,71.4276104613514
2026-04-13 21:00:00,1.1758,1.1758,1.17525,1.17565,552,20,1.1721216540810737,1.170375873920106,70.24079220528787
2026-04-13 22:00:00,1.17574,1.17646,1.17572,1.1761300000000001,751,8,1.1725034013114477,1.1706015259232392,71.59613440679358
2026-04-13 23:00:00,1.1761300000000001,1.17664,1.17608,1.17662,771,8,1.1728954583294051,1.1708375445144847,72.9504716408078
2026-04-14 00:00:00,1.17663,1.17677,1.17607,1.17661,1241,8,1.173249224202795,1.1710639153178382,72.8741036791388
2026-04-14 01:00:00,1.17659,1.17676,1.17593,1.17599,1103,8,1.1735102504691954,1.1712570951092955,68.11318609623444
2026-04-14 02:00:00,1.17599,1.17619,1.1756,1.17605,793,8,1.173752131376891,1.1714450521638329,68.32882437965176
2026-04-14 03:00:00,1.17605,1.17678,1.17585,1.17664,771,8,1.1740271664838537,1.1716487756083884,70.44536125172323
2026-04-14 04:00:00,1.17663,1.17697,1.17644,1.17662,521,8,1.1742741030092012,1.17184372558453,70.27391875063745
2026-04-14 05:00:00,1.17662,1.17693,1.17593,1.17641,1233,8,1.1744775217702297,1.1720227951694504,68.39181228051184
2026-04-14 06:00:00,1.1764000000000001,1.17778,1.17578,1.17776,2211,8,1.1747901387444935,1.1722477835941778,73.33580333691978
2026-04-14 07:00:00,1.17775,1.17964,1.17769,1.17798,3671,8,1.1750939350545417,1.1724725763944062,74.0481956659168
2026-04-14 08:00:00,1.17797,1.17843,1.17747,1.17822,2218,8,1.175391655525538,1.17269796555541,74.8379816980549
2026-04-14 09:00:00,1.17824,1.17923,1.17815,1.17885,1684,8,1.1757210216659628,1.1729392218081391,76.8312192538198
2026-04-14 10:00:00,1.17885,1.17986,1.17877,1.17961,1988,8,1.1760914005549188,1.1732008209529179,78.99310698691654
2026-04-14 11:00:00,1.1796,1.1806,1.1795,1.17992,2402,8,1.176456029073498,1.1734643181704505,79.82024619177264
2026-04-14 12:00:00,1.17993,1.18055,1.17923,1.18041,3387,8,1.1768325977331648,1.1737366978500408,81.08783145545317
2026-04-14 13:00:00,1.1804000000000001,1.18073,1.17931,1.17991,3345,8,1.1771256836633395,1.1739787881304313,75.85198529144533
2026-04-14 14:00:00,1.1798899999999999,1.18109,1.1793,1.18082,3392,8,1.17747752331445,1.174247070948846,78.56477045590816
2026-04-14 15:00:00,1.18081,1.18081,1.17873,1.17898,3301,8,1.1776206163321215,1.1744326760096757,63.12341071556085
2026-04-14 16:00:00,1.17898,1.17967,1.17877,1.17935,1716,8,1.1777853195385861,1.1746255122445903,64.62889061283067
2026-04-14 17:00:00,1.17935,1.1799,1.17914,1.17951,1318,8,1.1779495748206255,1.1748170607840183,65.28881860688435
2026-04-14 18:00:00,1.17953,1.17966,1.17901,1.17923,1677,8,1.178071520075804,1.1749901172238608,63.071126799263325
2026-04-14 19:00:00,1.17923,1.17951,1.179,1.17915,1044,8,1.178174232449537,1.1751532498817485,62.418756569963385
2026-04-14 20:00:00,1.17917,1.1795499999999999,1.17911,1.17936,696,8,1.1782871626924383,1.175318220474621,63.486414227987446
2026-04-14 21:00:00,1.17949,1.17949,1.1787,1.17921,473,8,1.178375051959825,1.1754708392795379,62.128695658248255
2026-04-14 22:00:00,1.1792,1.17993,1.1791800000000001,1.17949,869,8,1.1784812374874607,1.1756284534254384,63.689721164318314
2026-04-14 23:00:00,1.17949,1.1801599999999999,1.17941,1.1797900000000001,1097,8,1.1786058815362739,1.1757916513303233,65.33825572620631
2026-04-15 00:00:00,1.17977,1.17982,1.1789100000000001,1.17936,1570,8,1.178677702342343,1.1759315865722715,61.05916754841594
2026-04-15 01:00:00,1.17936,1.17964,1.17893,1.17906,1520,8,1.1787141116430722,1.1760542694517901,58.19557548982596
2026-04-15 02:00:00,1.17905,1.17907,1.17786,1.17831,1084,8,1.1786756248199224,1.1761427294732885,51.67127252965596
2026-04-15 03:00:00,1.17831,1.17888,1.17798,1.17866,869,8,1.1786741367418345,1.176241445964532,54.248995549792994
2026-04-15 04:00:00,1.17866,1.17892,1.17858,1.17882,617,8,1.1786880284807073,1.176342565730629,55.41960341896128
2026-04-15 05:00:00,1.17882,1.1798,1.1788,1.17917,1431,8,1.1787339305301636,1.1764534455058984,57.95396512155893
2026-04-15 06:00:00,1.1791800000000001,1.1798899999999999,1.17835,1.1784,1984,8,1.178702127622529,1.1765297809762554,51.07475847672134
2026-04-15 07:00:00,1.17841,1.17902,1.17824,1.17854,2151,8,1.1786866868965737,1.1766086130948337,52.186059541921885
2026-04-15 08:00:00,1.17852,1.1795,1.17849,1.1789,1750,8,1.1787070024302333,1.17669847140484,55.015624059257014
2026-04-15 09:00:00,1.1789,1.17912,1.17748,1.17814,2810,8,1.1786530021987827,1.1767550019379838,48.49144376566399
2026-04-15 10:00:00,1.17814,1.17861,1.17717,1.17765,2954,8,1.178557478179851,1.1767900999012002,44.80244274739819
2026-04-15 11:00:00,1.17766,1.17844,1.17729,1.17825,2535,8,1.1785281945436745,1.1768473508854669,49.83495372816551
2026-04-15 12:00:00,1.17825,1.17927,1.17769,1.17876,2591,8,1.1785502712538007,1.1769223567330955,53.69913577998175
2026-04-15 13:00:00,1.17876,1.17973,1.17837,1.17874,2904,8,1.1785683406582006,1.1769936368612093,53.52501217920529
2026-04-15 14:00:00,1.17876,1.17999,1.1784,1.17962,2948,8,1.178668498690753,1.177096631494103,59.714768682129815
2026-04-15 15:00:00,1.17962,1.1807699999999999,1.17942,1.17976,2822,8,1.1787724511963955,1.1772010773178636,60.61350372513122
2026-04-15 16:00:00,1.17974,1.18022,1.17968,1.18006,2030,8,1.1788950748919769,1.1773131919328494,62.54195564739643
2026-04-15 17:00:00,1.18006,1.18015,1.17922,1.17945,1362,8,1.1789479249022647,1.1773969883276396,56.48583795176484
2026-04-15 18:00:00,1.17945,1.1801599999999999,1.17931,1.18001,1927,8,1.179049074911573,1.1774994593736146,60.28765534983283
2026-04-15 19:00:00,1.17999,1.18044,1.17983,1.17997,1240,8,1.1791367820628518,1.1775963433197474,59.885182439917884
2026-04-15 20:00:00,1.17997,1.18005,1.17951,1.17984,798,8,1.179203755199723,1.177684329856228,58.51787907931405
2026-04-15 21:00:00,1.17985,1.17994,1.17956,1.17975,592,20,1.179255778514035,1.1777653365285328,57.538417825904624
2026-04-15 22:00:00,1.17977,1.18029,1.17977,1.1802,558,8,1.1793457043698412,1.1778608135274138,61.04894690501274
2026-04-15 23:00:00,1.1802,1.18075,1.1802,1.18062,538,8,1.1794670658584279,1.1779690169184955,64.0374158896941
2026-04-16 00:00:00,1.18064,1.18083,1.18024,1.18068,1067,8,1.1795825833957205,1.1780753299805153,64.4569534446182
2026-04-16 01:00:00,1.18066,1.18089,1.17965,1.18021,1367,8,1.179642337358033,1.178159042530299,58.68190723545759
2026-04-16 02:00:00,1.18021,1.18173,1.18015,1.18168,1501,8,1.1798364004667918,1.1782971192938168,68.26030042581701
2026-04-16 03:00:00,1.18167,1.18236,1.18118,1.18126,1367,8,1.1799719813747165,1.1784133106940593,63.71550672065265
2026-04-16 04:00:00,1.18125,1.18128,1.18079,1.1809,769,8,1.180060364100934,1.1785108279217433,60.02636036967516
2026-04-16 05:00:00,1.1809,1.18099,1.18026,1.1804000000000001,1124,8,1.1800927103770356,1.1785849131012829,55.242218586882
2026-04-16 06:00:00,1.1804000000000001,1.18067,1.17932,1.18027,2131,8,1.180109595103032,1.1786509949404484,54.03633346971155
2026-04-16 07:00:00,1.18029,1.18044,1.17907,1.17914,2598,8,1.180017252712267,1.1786701716094505,44.86798408476777
2026-04-16 08:00:00,1.17912,1.17936,1.1776200000000001,1.17858,2437,8,1.1798803715015749,1.1786666354679036,41.1424408943201
2026-04-16 09:00:00,1.17858,1.17872,1.17766,1.17793,1899,8,1.1796946218347582,1.1786377478024956,37.27373292993633
2026-04-16 10:00:00,1.17792,1.17801,1.17723,1.17795,1503,8,1.179528467374305,1.178610777300437,37.468571782874854
2026-04-16 11:00:00,1.17795,1.17883,1.17795,1.17837,1961,8,1.1794181371481807,1.178601335053361,41.572920723490604
2026-04-16 12:00:00,1.17838,1.17845,1.17756,1.1781,2344,8,1.1792926002769255,1.17858167485519,39.76592878246562
2026-04-16 13:00:00,1.1781,1.1783299999999999,1.17665,1.17722,2786,8,1.1790952097743612,1.178528275841261,34.50217313828014
2026-04-16 14:00:00,1.17723,1.17818,1.17687,1.17713,3654,8,1.1789080469387079,1.178473441494545,34.00639237484283
2026-04-16 15:00:00,1.1771099999999999,1.17817,1.17697,1.17816,2985,8,1.1788368043731166,1.1784611496712296,43.93550690416486
2026-04-16 16:00:00,1.17818,1.17869,1.17685,1.17742,2737,8,1.178701870623296,1.178420320272358,39.354298925738604
2026-04-16 17:00:00,1.17744,1.17753,1.17679,1.17732,1752,8,1.1785702638972677,1.1783771704577557,38.76603967357773
2026-04-16 18:00:00,1.17731,1.1780599999999999,1.17728,1.17793,1782,8,1.1785092863832423,1.1783596343613731,44.24128819384302
2026-04-16 19:00:00,1.17795,1.17854,1.17795,1.17807,1226,8,1.1784674495848382,1.1783482761511233,45.44691714998813
2026-04-16 20:00:00,1.17808,1.1783,1.17783,1.1781,740,8,1.1784324543862823,1.1783385398314714,45.717771931147
2026-04-16 21:00:00,1.17809,1.17814,1.17768,1.17798,320,20,1.1783893634923508,1.1783244794459236,44.76045362846837
2026-04-16 22:00:00,1.17803,1.17869,1.17802,1.17848,605,8,1.1783979955406982,1.1783305782911815,49.504984300692456
2026-04-16 23:00:00,1.17848,1.17861,1.17805,1.1780599999999999,618,8,1.1783658054892032,1.1783199673778018,45.93588056776361
2026-04-17 00:00:00,1.17805,1.17829,1.17766,1.17785,1217,8,1.1783166811568981,1.1783015372845547,44.219252048166844
2026-04-17 01:00:00,1.17785,1.17795,1.17742,1.17758,1205,8,1.1782465210467172,1.1782732417047683,42.04377200979448
2026-04-17 02:00:00,1.17758,1.17775,1.17729,1.17767,794,8,1.1781916142803632,1.1782495851673265,43.04955494153693
2026-04-17 03:00:00,1.17766,1.17848,1.17751,1.17828,808,8,1.1782000319679475,1.1782507779058629,49.452448490748004
2026-04-17 04:00:00,1.17828,1.1784,1.17811,1.17821,726,8,1.1782009813043335,1.1782491787722995,48.774764496141515
2026-04-17 05:00:00,1.17821,1.17842,1.1779600000000001,1.17802,1065,8,1.178183744989635,1.1782401913694645,46.896236528435985
2026-04-17 06:00:00,1.17801,1.17829,1.17716,1.17746,1774,8,1.178114816895384,1.1782095956294854,41.78776751493634
2026-04-17 07:00:00,1.17747,1.17831,1.17746,1.17818,2034,8,1.1781210248101095,1.1782084350165642,49.41708637503319
2026-04-17 08:00:00,1.17821,1.17951,1.17803,1.17935,1560,8,1.1782380700662896,1.1782532022708165,58.85412728971371
2026-04-17 09:00:00,1.17934,1.1799,1.17906,1.1793,1624,8,1.1783392062504525,1.178294253162157,58.353096140939726
2026-04-17 10:00:00,1.1793,1.17957,1.17909,1.17941,1314,8,1.1784411866075521,1.1783380079401118,59.17648607010921
2026-04-17 11:00:00,1.1794,1.17991,1.17915,1.17931,1496,8,1.1785239307401663,1.1783761252757936,58.05281775984173
2026-04-17 12:00:00,1.17932,1.18371,1.17929,1.18349,5899,8,1.178996889717293,1.1785766693826252,77.38417532614152
2026-04-17 13:00:00,1.18348,1.18487,1.18239,1.18333,8251,8,1.1794095668870745,1.1787630745048752,75.94150485005274
2026-04-17 14:00:00,1.18333,1.18358,1.18127,1.18134,5474,8,1.179593417659734,1.1788641304066447,60.76739058094206
2026-04-17 15:00:00,1.18134,1.18163,1.17993,1.18005,4865,8,1.1796369016921404,1.1789106350965801,53.32855011364876
2026-04-17 16:00:00,1.18003,1.18044,1.17915,1.17984,2639,8,1.1796562443881269,1.1789470807790672,52.20811442581168
2026-04-17 17:00:00,1.17983,1.17983,1.17844,1.17949,3157,8,1.1796404115892576,1.1789683717289077,50.310873654248915
2026-04-17 18:00:00,1.17951,1.17974,1.1774,1.1779600000000001,2724,8,1.1794803723902807,1.1789288277395389,42.96118759253151
2026-04-17 19:00:00,1.17795,1.17834,1.17665,1.17689,1991,8,1.179233670257873,1.1788488737105374,38.702966435700894
2026-04-17 20:00:00,1.17688,1.17715,1.176,1.17637,1567,8,1.1789609397571232,1.178751662976791,36.79427203514704
2026-04-19 21:00:00,1.17391,1.17395,1.17302,1.17307,483,48,1.1783998978754924,1.1785288526639754,27.51910513543183
2026-04-19 22:00:00,1.17321,1.17398,1.17281,1.17394,2218,8,1.177975145696874,1.1783488976575451,32.36009843189274
2026-04-19 23:00:00,1.17395,1.17452,1.17361,1.17386,1499,8,1.1775832270590763,1.1781728624552885,32.14747398058735
2026-04-20 00:00:00,1.17388,1.17564,1.17366,1.17543,2152,8,1.1773781578153548,1.178065299221748,40.42100490475716
2026-04-20 01:00:00,1.17543,1.17595,1.17502,1.17565,1719,8,1.1772135713567498,1.1779705816052088,41.49748772307838
2026-04-20 02:00:00,1.17566,1.17611,1.17542,1.17566,1099,8,1.1770656121799166,1.1778799705618674,41.54918486137257
2026-04-20 03:00:00,1.17566,1.17621,1.17542,1.17598,893,8,1.176962220543734,1.1778054619123826,43.27656982229094
2026-04-20 04:00:00,1.17597,1.17618,1.17558,1.17587,842,8,1.1768581995395688,1.1777295614452303,42.808238387721794
2026-04-20 05:00:00,1.17587,1.17603,1.17469,1.1752799999999999,1513,8,1.1767078948215146,1.1776335002120841,40.28975486879331
2026-04-20 06:00:00,1.17526,1.17654,1.17472,1.17645,2825,8,1.1766833334099418,1.1775870884390613,46.954435808140516
2026-04-20 07:00:00,1.17647,1.17716,1.17534,1.17588,3153,8,1.1766068254661377,1.1775201437943925,44.35687836086671
2026-04-20 08:00:00,1.17586,1.17647,1.17565,1.17607,2449,8,1.1765556992312673,1.1774632754102987,45.440364655709004
2026-04-20 09:00:00,1.17605,1.17654,1.17549,1.17652,2049,8,1.17655229930448,1.177426284217738,48.021887863931944
2026-04-20 10:00:00,1.17652,1.1771,1.17619,1.17702,1646,8,1.1765968422278628,1.1774103515033172,50.807044740337595
2026-04-20 11:00:00,1.17704,1.17751,1.1764999999999999,1.17666,1978,8,1.1766028572537808,1.1773809259541674,48.78033695304631
2026-04-20 12:00:00,1.17666,1.1768,1.17555,1.17647,2478,8,1.1765902041819922,1.1773452033677294,47.698875300845536
2026-04-20 13:00:00,1.17646,1.17812,1.17609,1.17748,3931,8,1.1766749466408502,1.1773504895101714,53.589183193847504
2026-04-20 14:00:00,1.17746,1.17776,1.17621,1.17715,4267,8,1.176720189817912,1.1773426271764393,51.546489214051356
2026-04-20 15:00:00,1.17715,1.1789100000000001,1.17681,1.1783299999999999,3811,8,1.176873505073349,1.177381347679324,57.74835725232512
2026-04-20 16:00:00,1.17837,1.17877,1.17816,1.17851,1880,8,1.17702936173303,1.1774256085546446,58.618476798587956
2026-04-20 17:00:00,1.17852,1.17898,1.17809,1.17834,1507,8,1.1771541844251225,1.1774614670426977,57.41585719639049
2026-04-20 18:00:00,1.17836,1.1789399999999999,1.17782,1.17795,1984,8,1.1772299763846348,1.177480625197886,54.64602964000885
2026-04-20 19:00:00,1.17794,1.17883,1.17792,1.1785700000000001,1151,8,1.1773575976813362,1.1775233457783612,58.106089004952985
2026-04-20 20:00:00,1.17855,1.17884,1.17832,1.17851,786,8,1.1774673502831137,1.1775620381007783,57.647741596056
2026-04-20 21:00:00,1.17846,1.1786699999999999,1.17828,1.1785,433,20,1.177565697875198,1.1775988209203556,57.56623844103994
2026-04-20 22:00:00,1.17855,1.17899,1.17851,1.17899,715,8,1.177701345696608,1.1776533769626947,60.5122552271275
2026-04-20 23:00:00,1.17899,1.17906,1.17827,1.17836,600,8,1.1777640746778832,1.17768108767004,55.205431670111196
2026-04-21 00:00:00,1.17837,1.17853,1.17804,1.17825,1603,8,1.1778103532799897,1.1777033979574896,54.309846884974334
2026-04-21 01:00:00,1.17825,1.1786,1.17792,1.17802,1108,8,1.1778303196342765,1.1777158137238626,52.39584832270285
2026-04-21 02:00:00,1.17804,1.1782,1.17766,1.1779,869,8,1.1778369558595834,1.1777230367150837,51.37847043734432
2026-04-21 03:00:00,1.17792,1.17793,1.1773,1.17751,812,8,1.1778058172062895,1.1777146823341,48.10898325002892
2026-04-21 04:00:00,1.17751,1.17764,1.17737,1.17752,594,8,1.1777785965199763,1.177707047732763,48.20000564481735
2026-04-21 05:00:00,1.17755,1.17819,1.17748,1.17778,1207,8,1.1777787301847404,1.177709908605988,50.62505580664161
2026-04-21 06:00:00,1.17777,1.178,1.17716,1.17744,1829,8,1.1777464701671463,1.1776993239547728,47.493802456230746
2026-04-21 07:00:00,1.17742,1.17765,1.17632,1.1764000000000001,2134,8,1.1776182349131323,1.1776483700741935,39.454961715087265
2026-04-21 08:00:00,1.17639,1.17667,1.17567,1.17648,2361,8,1.177509831588072,1.1776025516399113,40.292161606008634
2026-04-21 09:00:00,1.17646,1.17646,1.17563,1.17593,1668,8,1.1773593714368271,1.1775369613795226,36.55021233848351
2026-04-21 10:00:00,1.17592,1.17612,1.1756,1.17607,1329,8,1.1772365741571291,1.1774794334822865,38.12542638802786
2026-04-21 11:00:00,1.17607,1.17682,1.17557,1.17668,1916,8,1.1771835670945454,1.1774480831496479,44.5812627309925
2026-04-21 12:00:00,1.1767,1.17679,1.17535,1.1759,2632,8,1.1770613226093507,1.1773873740065244,38.98061304145451
2026-04-21 13:00:00,1.1758899999999999,1.1771099999999999,1.17574,1.17652,2564,8,1.1770097680751268,1.177353359339602,44.90545062052681
2026-04-21 14:00:00,1.17654,1.17757,1.17516,1.1752,3568,8,1.1768374092108291,1.1772689138753039,36.72869478610449
2026-04-21 15:00:00,1.17521,1.17595,1.17409,1.17509,3456,8,1.1766709892859883,1.1771834662723508,36.13815202734283
2026-04-21 16:00:00,1.17511,1.17553,1.17401,1.1741,2318,8,1.1764261331635133,1.1770625460263764,31.26576182402438
2026-04-21 17:00:00,1.17409,1.17633,1.172,1.17426,5153,8,1.1762198347669883,1.1769526422606362,32.841721664118324
2026-04-21 18:00:00,1.17425,1.1747,1.1729,1.17401,3736,8,1.1760093743129894,1.176837244524925,31.621715137010725
2026-04-21 19:00:00,1.17404,1.17519,1.17185,1.17254,5250,8,1.1756789577117521,1.1766687251317909,25.59979787930925
2026-04-21 20:00:00,1.17254,1.17531,1.17231,1.17431,4830,8,1.1755485807868233,1.176576226107015,40.33373547419825
2026-04-21 21:00:00,1.17425,1.17431,1.17303,1.17394,875,20,1.1753953826166497,1.1764728446910535,38.61232741484961
2026-04-21 22:00:00,1.1739600000000001,1.17435,1.17384,1.17386,685,8,1.1752491557007783,1.1763703801933652,38.2323833153955
2026-04-21 23:00:00,1.17385,1.17439,1.1737,1.17438,674,8,1.1751663789673708,1.176292326068135,42.212756080912094
2026-04-22 00:00:00,1.17436,1.1751,1.1743000000000001,1.17437,1617,8,1.1750905333514305,1.1762169407321297,42.15649491396124
2026-04-22 01:00:00,1.17439,1.1746699999999999,1.17383,1.17443,1408,8,1.175027625413199,1.1761468646249875,42.650386307438325
2026-04-22 02:00:00,1.17443,1.17481,1.17394,1.17403,998,8,1.174932613469085,1.1760638503259686,40.18687523002303
2026-04-22 03:00:00,1.17403,1.17422,1.17372,1.17381,889,8,1.1748256979006007,1.1759754640386757,38.85748165997224
2026-04-22 04:00:00,1.17381,1.17421,1.17379,1.17392,735,8,1.1747394409576863,1.1758948576057864,39.927520594538706
2026-04-22 05:00:00,1.17391,1.1762299999999999,1.17385,1.17503,2441,8,1.1747671132474307,1.1758609416212458,49.5266782071938
2026-04-22 06:00:00,1.17506,1.17548,1.17445,1.1749100000000001,1886,8,1.1747807215095802,1.1758236497929615,48.6221243176227
2026-04-22 07:00:00,1.17488,1.17559,1.17455,1.1755,1971,8,1.1748492242229536,1.175810957644218,53.15252754904426
2026-04-22 08:00:00,1.1755,1.17587,1.1747,1.17534,2045,8,1.1748959647731485,1.1757924887169937,51.81810043531238
2026-04-22 09:00:00,1.17535,1.17568,1.17459,1.1747,1762,8,1.17487730146142,1.1757496460222097,46.76102288308869
2026-04-22 10:00:00,1.17471,1.17529,1.17435,1.17515,1641,8,1.1749032727508086,1.175726130491927,50.42457044712554
2026-04-22 11:00:00,1.17513,1.17513,1.17318,1.17343,2115,8,1.1747629610602555,1.1756360861589104,39.29436815119965
2026-04-22 12:00:00,1.17342,1.17373,1.17245,1.1727400000000001,2460,8,1.174570298102136,1.1755225141526786,35.873474163628345
2026-04-22 13:00:00,1.1727400000000001,1.17429,1.17235,1.17404,3987,8,1.1745197935209801,1.1754643763427697,45.50028582808391
2026-04-22 14:00:00,1.17403,1.17428,1.1718,1.17183,3092,8,1.1742636227094583,1.1753218517803081,35.69100539952849
2026-04-22 15:00:00,1.17182,1.17237,1.17122,1.17131,2796,8,1.1739823253085575,1.175164524259512,33.842255841600945
2026-04-22 16:00:00,1.17133,1.17154,1.17097,1.1712500000000001,1919,8,1.1737221038505996,1.1750110135042369,33.625822181769806
2026-04-22 17:00:00,1.17123,1.17167,1.17095,1.1710099999999999,1717,8,1.1734638082457807,1.1748541110138746,32.724291672482735
2026-04-22 18:00:00,1.17099,1.1712500000000001,1.17071,1.17089,1220,8,1.1732186836509444,1.1746986556799972,32.25859022476638
2026-04-22 19:00:00,1.17087,1.17109,1.17046,1.17055,1207,8,1.1729645233032353,1.1745359633003896,30.91611997109321
2026-04-22 20:00:00,1.17054,1.17076,1.17026,1.1703999999999999,1037,8,1.1727202829886414,1.1743737686611586,30.316690484044102
2026-04-22 21:00:00,1.1703999999999999,1.17075,1.17021,1.17075,471,20,1.172532636989723,1.1742316600862113,33.553994353754746
2026-04-22 22:00:00,1.17081,1.17088,1.1705,1.17061,412,8,1.1723495287049877,1.1740896342004776,32.895672694065155
2026-04-22 23:00:00,1.17061,1.1707,1.17042,1.17053,371,8,1.1721762402568936,1.1739500407024197,32.50323819238565
2026-04-23 00:00:00,1.17055,1.17132,1.1692,1.17114,4045,8,1.1720775507086179,1.173839843027815,38.52535242702992
2026-04-23 01:00:00,1.17114,1.17126,1.17074,1.1709,1648,8,1.1719654030220827,1.17372455506594,37.122010094198465
2026-04-23 02:00:00,1.1709,1.1710099999999999,1.16956,1.16971,1667,8,1.1717506027342655,1.1735671215339425,31.07723926517656
2026-04-23 03:00:00,1.16971,1.17015,1.1694499999999999,1.16953,1579,8,1.1715391167595735,1.1734088030424152,30.27420994710461
2026-04-23 04:00:00,1.16954,1.17002,1.1694499999999999,1.16998,1025,8,1.1713906294491379,1.1732743401780068,34.80943074254348
2026-04-23 05:00:00,1.16998,1.1706699999999999,1.16992,1.1706699999999999,1047,8,1.1713219980730294,1.173172209190634,41.132156938470295
2026-04-23 06:00:00,1.17063,1.17086,1.17016,1.17031,1612,8,1.1712256173041695,1.1730599656929621,39.00649301947473
2026-04-23 07:00:00,1.17031,1.17115,1.16952,1.17018,2526,8,1.1711260347037724,1.1729470258618657,38.23801059260533
2026-04-23 08:00:00,1.17019,1.17048,1.16962,1.17012,1997,8,1.1710302218748416,1.172836162102577,37.86719942650607
2026-04-23 09:00:00,1.1701,1.17019,1.169,1.16933,2057,8,1.1708682959819996,1.1726986655495348,33.28970350842802
2026-04-23 10:00:00,1.16931,1.16956,1.16795,1.1682,1924,8,1.1706141725551427,1.1725222472926904,28.06394298523506
2026-04-23 11:00:00,1.16821,1.16974,1.16788,1.16905,2429,8,1.170465203740367,1.1723860807321929,36.1796096078698
2026-04-23 12:00:00,1.16903,1.1697899999999999,1.16858,1.1691799999999999,4260,8,1.1703428033841417,1.1722603520760286,37.34387032362786
2026-04-23 13:00:00,1.16919,1.16965,1.16828,1.16906,3310,8,1.170220631633271,1.1721348480730474,36.67870837300957
2026-04-23 14:00:00,1.16906,1.17161,1.16867,1.17103,3210,8,1.1702977143348643,1.172091520697634,51.84339917384711
2026-04-23 15:00:00,1.17102,1.17151,1.17004,1.17033,2900,8,1.1703007891601152,1.1720224414545894,47.49115710003826
2026-04-23 16:00:00,1.17031,1.17053,1.16981,1.17018,1931,8,1.1702892854305804,1.1719501888485273,46.58859500589898
2026-04-23 17:00:00,1.17018,1.17024,1.16687,1.16924,7483,8,1.1701893534848107,1.1718439069328987,41.292488898975925
2026-04-23 18:00:00,1.16926,1.16997,1.16877,1.1689,3895,8,1.1700665579148288,1.1717284596021968,39.54156733787533
2026-04-23 19:00:00,1.16888,1.169,1.168,1.16862,2268,8,1.169928790494369,1.1716065592256402,38.10845329968555
2026-04-23 20:00:00,1.16862,1.16864,1.16803,1.16805,1003,8,1.169749858066334,1.1714670863148309,35.303377300297186
2026-04-23 21:00:00,1.16819,1.16852,1.1674,1.16852,941,8,1.169632728726683,1.1713515143024846,39.27268764637365
2026-04-23 22:00:00,1.16853,1.16865,1.16849,1.1685699999999999,461,8,1.1695315164669988,1.1712424353102304,39.69655735558179
2026-04-23 23:00:00,1.1685699999999999,1.16858,1.16815,1.16833,458,8,1.1694170863272846,1.1711282221608097,38.314157984296706
2026-04-24 00:00:00,1.16835,1.16882,1.16815,1.1685,1482,8,1.169329744772305,1.1710251546250916,39.91041296492282
2026-04-24 01:00:00,1.16851,1.16883,1.16817,1.16882,1432,8,1.1692811976511333,1.1709386779731272,42.905417012670775
2026-04-24 02:00:00,1.16881,1.1689,1.16777,1.16788,1101,8,1.1691477502557872,1.1708187298173185,37.06173588460201
2026-04-24 03:00:00,1.16788,1.16798,1.1672500000000001,1.16776,1007,8,1.1690155835647598,1.170698779628404,36.38052524395415
2026-04-24 04:00:00,1.16776,1.16811,1.1676,1.1678600000000001,965,8,1.1689055279871636,1.170587454937094,37.4129153315625
2026-04-24 05:00:00,1.1678600000000001,1.16828,1.16761,1.16819,1006,8,1.1688373824645766,1.1704934370964237,40.82552623868471
2026-04-24 06:00:00,1.16819,1.16833,1.1677,1.16782,1654,8,1.1687404888965218,1.1703885964259757,38.30369952142357
2026-04-24 07:00:00,1.1678,1.1693500000000001,1.16757,1.16906,1742,8,1.1687709185254245,1.1703364946053494,49.550838186451735
2026-04-24 08:00:00,1.16903,1.16955,1.16837,1.16894,2328,8,1.1687870215230032,1.170281730111022,48.62698175854564
2026-04-24 09:00:00,1.16896,1.16906,1.16838,1.1686,1630,8,1.1687692099493838,1.17021577991059,46.00950180267365
2026-04-24 10:00:00,1.1686,1.17032,1.16851,1.17027,1497,8,1.1689121423351567,1.170217906188606,57.97511204200453
2026-04-24 11:00:00,1.1703000000000001,1.17183,1.17021,1.17139,4398,8,1.1691481287794276,1.1702638706517978,63.773763098047084
2026-04-24 12:00:00,1.17141,1.17172,1.17024,1.17086,2851,8,1.169311164133768,1.170287248273296,59.58397179854373
2026-04-24 13:00:00,1.17085,1.17124,1.16982,1.17065,3094,8,1.1694386723115044,1.1703014738312059,57.95916919444929
2026-04-24 14:00:00,1.17063,1.17166,1.16997,1.17061,4194,8,1.1695502273294565,1.170313572896649,57.63676835841429
2026-04-24 15:00:00,1.1706,1.17198,1.17001,1.17171,3983,8,1.1697559199647463,1.1703683347438392,63.62850288202416
2026-04-24 16:00:00,1.17172,1.17194,1.17126,1.1718600000000001,2270,8,1.1699563085395324,1.1704268314205515,64.36858482676206
2026-04-24 17:00:00,1.1718600000000001,1.1721,1.17118,1.17133,2017,8,1.1700871362976721,1.1704622497962163,59.742917925350916
2026-04-24 18:00:00,1.17132,1.17193,1.17108,1.17172,1424,8,1.1702426471264653,1.1705115733336195,61.91193383823638
2026-04-24 19:00:00,1.17174,1.17205,1.1715,1.17181,1377,8,1.1703919188287069,1.1705624920264188,62.415197191479656
2026-04-24 20:00:00,1.17179,1.17225,1.1715200000000001,1.17178,1093,8,1.1705241170354967,1.1706102374371474,62.12054810988342
2026-04-26 21:00:00,1.16965,1.17065,1.16958,1.1706,373,57,1.1705313439844969,1.170609835969024,51.768510318705296
2026-04-26 22:00:00,1.17063,1.17095,1.17028,1.17077,752,8,1.1705540731288306,1.1706161169114153,52.984099771759276
2026-04-26 23:00:00,1.17077,1.17093,1.17049,1.17052,552,8,1.1705508280689418,1.1706123476207715,50.95043252867555
2026-04-27 00:00:00,1.17054,1.17168,1.17054,1.17156,1225,8,1.1706469396814236,1.1706495104591728,58.14719144307291
2026-04-27 01:00:00,1.17158,1.17264,1.17158,1.1724,2141,8,1.1708138978070024,1.1707181571078327,62.88407482634636
2026-04-27 02:00:00,1.1724,1.1728,1.17193,1.17261,1054,8,1.1709849551587164,1.1707923470251727,63.981606632920474
2026-04-27 03:00:00,1.1726,1.17322,1.1726,1.17292,896,8,1.1711692451436004,1.1708757843967346,65.59878416519783
2026-04-27 04:00:00,1.17289,1.17311,1.17246,1.17266,836,8,1.171311221796591,1.1709457536360783,63.04219453834874
2026-04-27 05:00:00,1.17265,1.17275,1.17217,1.17222,949,8,1.1713977721016777,1.1709957240817224,58.86139095144157
2026-04-27 06:00:00,1.1722,1.17293,1.17164,1.17293,1740,8,1.1715436985681844,1.171071578039302,63.11246291498363
2026-04-27 07:00:00,1.17292,1.17448,1.17287,1.17435,1939,8,1.1718109653712145,1.1712001436063881,69.82783405668424
2026-04-27 08:00:00,1.17433,1.17505,1.17388,1.1748,2081,8,1.172095635335861,1.1713413144453533,71.59276676125296
2026-04-27 09:00:00,1.1748,1.17507,1.17407,1.17418,1339,8,1.1722941462562553,1.1714526354474963,65.87524573384316
2026-04-27 10:00:00,1.17417,1.17473,1.17386,1.17455,1215,8,1.1725089894699452,1.1715741007240652,67.54120995012705
2026-04-27 11:00:00,1.17455,1.17468,1.17375,1.17411,1486,8,1.1726614666632837,1.171673547754494,63.56689078102319
2026-04-27 12:00:00,1.17412,1.17545,1.17403,1.17438,2155,8,1.1728251365048759,1.1717796831366707,64.93058862099323
2026-04-27 13:00:00,1.17441,1.17535,1.17354,1.17395,2728,8,1.1729322663615545,1.1718647936018993,61.01372176612699
2026-04-27 14:00:00,1.17394,1.17477,1.17328,1.1736,2720,8,1.1729958600414065,1.171932840911629,57.94947828047764
2026-04-27 15:00:00,1.17358,1.17367,1.1729,1.17305,2103,8,1.1730010162279392,1.1719766510719571,53.410079784036114
2026-04-27 16:00:00,1.17303,1.17336,1.1724700000000001,1.17256,1454,8,1.1729590146824211,1.171999527500508,49.6765607179469
2026-04-27 17:00:00,1.17258,1.17295,1.17199,1.1723,1602,8,1.1728962513793333,1.1720113107357824,47.76847249058973
2026-04-27 18:00:00,1.1723,1.17246,1.17185,1.17199,959,8,1.1728099417241586,1.1720104750206537,45.52328036623743
2026-04-27 19:00:00,1.17198,1.17258,1.17188,1.17202,1086,8,1.1727347091790006,1.1720108485492555,45.78882968002429
2026-04-27 20:00:00,1.17204,1.17231,1.17175,1.17193,598,8,1.1726580702095721,1.172007678017912,45.07890297688621
2026-04-27 21:00:00,1.17192,1.17216,1.17177,1.17216,253,8,1.1726106349515177,1.1720136514289745,47.32648861950676
2026-04-27 22:00:00,1.17215,1.1723,1.1719,1.17221,602,8,1.1725724792418495,1.1720213513729363,47.826356308617044
2026-04-27 23:00:00,1.17221,1.17229,1.17211,1.17228,329,8,1.1725446240759592,1.1720314944563506,48.56232083023935
2026-04-28 00:00:00,1.17228,1.17266,1.17167,1.17185,1229,8,1.1724784694020585,1.1720243770266898,44.41742004741232
2026-04-28 01:00:00,1.17183,1.17185,1.1712,1.1712500000000001,1306,8,1.1723614723161482,1.171994009300153,39.368164510083695
2026-04-28 02:00:00,1.17124,1.17134,1.17076,1.17082,894,8,1.1722146654288959,1.171947969719755,36.19276971055299
2026-04-28 03:00:00,1.17081,1.17175,1.17077,1.1713,1322,8,1.1721275544356675,1.1719225591425098,41.832879909581735
2026-04-28 04:00:00,1.17131,1.17161,1.17113,1.17123,844,8,1.172042073060842,1.1718953999604504,41.26009781232975
2026-04-28 05:00:00,1.17124,1.1713,1.1705,1.17056,1126,8,1.1719009232455238,1.1718430313345505,36.157086348939664
2026-04-28 06:00:00,1.17058,1.17078,1.16868,1.1687400000000001,2289,8,1.1715998829364265,1.1717213438312348,26.5508058060187
2026-04-28 07:00:00,1.1687400000000001,1.17003,1.16856,1.16962,2378,8,1.1714113226567668,1.1716389381907943,35.47710883235625
2026-04-28 08:00:00,1.16964,1.17073,1.16944,1.17017,2372,8,1.1712931014513603,1.1715813327715476,40.35594726938541
2026-04-28 09:00:00,1.17015,1.17018,1.16861,1.16919,2099,8,1.1710928060750403,1.1714875550158008,35.2424628433109
2026-04-28 10:00:00,1.16919,1.16955,1.16901,1.16929,1720,8,1.1709211102583699,1.1714013763877302,36.1317722066693
2026-04-28 11:00:00,1.16928,1.16989,1.16818,1.16827,2505,8,1.1706686235670964,1.1712785773137016,31.395707086477913
2026-04-28 12:00:00,1.1683,1.16997,1.16771,1.16966,3437,8,1.170572564179754,1.1712151036935563,42.46371648590587
2026-04-28 13:00:00,1.16968,1.17035,1.1688,1.16971,3608,8,1.1704904152102538,1.1711560800192993,42.821066795436145
2026-04-28 14:00:00,1.1697,1.1703000000000001,1.16902,1.17007,3757,8,1.1704503756664202,1.1711134886459933,45.448179964222966
2026-04-28 15:00:00,1.17007,1.17155,1.17007,1.17131,2782,8,1.1705322446505708,1.1711211949736016,53.39165105789537
2026-04-28 16:00:00,1.17131,1.17167,1.17052,1.17102,1847,8,1.1705786975409926,1.1711172265432643,51.50282014747362
2026-04-28 17:00:00,1.1710099999999999,1.17175,1.17061,1.17132,1589,8,1.170649297775184,1.1711251784435286,53.34171314627097
2026-04-28 18:00:00,1.17134,1.17158,1.17108,1.17113,1295,8,1.1706950789394521,1.1711253675241746,51.996982974122105
2026-04-28 19:00:00,1.17114,1.17149,1.1706699999999999,1.17095,1102,8,1.1707193571356946,1.1711184903663638,50.69315264700432
2026-04-28 20:00:00,1.17095,1.17151,1.17089,1.17115,755,8,1.170760370741819,1.1711197260382713,52.12947942574302
2026-04-28 21:00:00,1.17114,1.17124,1.17097,1.17123,327,8,1.1708050973378363,1.1711240505073586,52.72273663818764
2026-04-28 22:00:00,1.17122,1.17179,1.17122,1.17153,487,8,1.1708741356866137,1.1711399700953053,54.97611339118106
2026-04-28 23:00:00,1.17153,1.17174,1.17147,1.17174,327,8,1.1709565989545554,1.1711635006798033,56.53773759999887
2026-04-29 00:00:00,1.17175,1.17202,1.17142,1.17153,899,8,1.171011208577931,1.171177873202164,54.50195989361244
2026-04-29 01:00:00,1.17154,1.17159,1.1706699999999999,1.17115,1823,8,1.1710244268086043,1.1711767801354125,50.928400919174884
2026-04-29 02:00:00,1.17117,1.17166,1.17069,1.17071,1210,8,1.170994481398261,1.171158475032063,47.07919106379927
2026-04-29 03:00:00,1.17072,1.17104,1.17047,1.17055,750,8,1.1709521498365218,1.1711346132660998,45.725795319680984
2026-04-29 04:00:00,1.17057,1.17075,1.1703999999999999,1.17052,558,8,1.170910992709234,1.1711105107850763,45.46190141101094
2026-04-29 05:00:00,1.1705,1.17055,1.16977,1.17005,1001,8,1.1708289934035927,1.1710689221268382,41.428016318206744
2026-04-29 06:00:00,1.17002,1.17038,1.16962,1.16997,1583,8,1.1707471845080124,1.171025827141472,40.764976010932365
2026-04-29 07:00:00,1.16994,1.17078,1.1697899999999999,1.17053,1903,8,1.1707265002691543,1.1710063829398456,47.14227767176166
2026-04-29 08:00:00,1.1705,1.17054,1.16931,1.16999,2225,8,1.1706563573863777,1.1709665247853418,42.40169204307084
2026-04-29 09:00:00,1.16999,1.17042,1.16957,1.16973,1610,8,1.1705681328733895,1.1709180336172893,40.300360238517456
2026-04-29 10:00:00,1.16973,1.17088,1.16959,1.17087,1289,8,1.1705968821235428,1.1709161499460232,51.621286219105
2026-04-29 11:00:00,1.17089,1.17095,1.16995,1.17009,1607,8,1.1705486076355864,1.1708837519089241,45.29262092572
2026-04-29 12:00:00,1.17007,1.17077,1.16931,1.16985,2716,8,1.1704820735750543,1.170843212618378,43.5244747449153
2026-04-29 13:00:00,1.16985,1.1703000000000001,1.1682,1.16886,3496,8,1.1703275903774302,1.1707654395745202,37.09198091018734
2026-04-29 14:00:00,1.1688399999999999,1.17028,1.16834,1.1700599999999999,2979,8,1.1703021055795795,1.1707377752774804,47.265503986169
2026-04-29 15:00:00,1.17008,1.17037,1.16869,1.16941,3875,8,1.1702171431434292,1.1706857056587556,43.19099424810718
2026-04-29 16:00:00,1.16942,1.16983,1.16835,1.16844,2282,8,1.1700478914154835,1.170597638770177,37.935432236480665
2026-04-29 17:00:00,1.16845,1.16886,1.16795,1.16869,2485,8,1.1699185684235327,1.1705228294066408,39.963101733196915
2026-04-29 18:00:00,1.16871,1.16904,1.16609,1.16714,6180,8,1.1696539428593866,1.1703901694299097,32.80673191631625
2026-04-29 19:00:00,1.16717,1.16801,1.16667,1.16759,2754,8,1.1694573768727785,1.170280358864031,36.369320304668946
2026-04-29 20:00:00,1.16757,1.16772,1.16706,1.16731,1517,8,1.1692528647896567,1.1701638742026965,35.121524715621604
2026-04-29 21:00:00,1.1673,1.16768,1.16719,1.16738,719,20,1.1690744967144515,1.1700547026653358,35.715325006423555
2026-04-29 22:00:00,1.16736,1.16782,1.16705,1.16776,810,8,1.1689493065511705,1.169964714325519,38.98030156820638
2026-04-29 23:00:00,1.16776,1.16861,1.16756,1.1684,667,8,1.1688969916415353,1.1699033529794203,44.12729239271154
2026-04-30 00:00:00,1.16843,1.16892,1.16789,1.1679,1883,8,1.1688020400566272,1.1698247901174823,41.203213163299296
2026-04-30 01:00:00,1.16788,1.16814,1.1673,1.16742,1745,8,1.1686704171940911,1.169730484622679,38.56146566771676
2026-04-30 02:00:00,1.16742,1.16761,1.16622,1.16667,1889,8,1.1684799012708444,1.169610465617868,34.806349276709184
2026-04-30 03:00:00,1.16667,1.16706,1.16643,1.16656,1343,8,1.168297053530764,1.1694908395152066,34.279100724992716
2026-04-30 04:00:00,1.16656,1.16658,1.16547,1.16598,1586,8,1.1680763817659292,1.1693531595342181,31.564097847042774
2026-04-30 05:00:00,1.166,1.16642,1.16585,1.16592,1466,8,1.167871012073936,1.169218525826994,31.288022939321408
2026-04-30 06:00:00,1.16589,1.1670099999999999,1.16574,1.167,2164,8,1.167788058543085,1.1691315248141707,41.249079744996756
2026-04-30 07:00:00,1.16698,1.16836,1.16696,1.16793,2372,8,1.167801576777077,1.169084406194007,48.21135793287407
2026-04-30 08:00:00,1.16794,1.16972,1.1674,1.16795,3491,8,1.1678157123221173,1.169039919676595,48.35310453267209
2026-04-30 09:00:00,1.16794,1.16971,1.16729,1.16939,3302,8,1.1679656444819155,1.1690536483167286,57.394938063856266
2026-04-30 10:00:00,1.16939,1.17148,1.16886,1.17144,5788,8,1.1682965354836379,1.1691472307356805,66.4104848825576
2026-04-30 11:00:00,1.17145,1.17192,1.17028,1.17046,5750,8,1.1685025797232915,1.169198711883301,59.88644911950688
2026-04-30 12:00:00,1.17044,1.17054,1.16892,1.16923,4844,8,1.1685718578448827,1.1691999388682695,52.86664275208913
2026-04-30 13:00:00,1.16921,1.17005,1.16814,1.16898,5657,8,1.1686107285263225,1.169191313814612,51.54414337301956
2026-04-30 14:00:00,1.16897,1.17329,1.1687400000000001,1.17271,5859,8,1.1690011353333394,1.1693293015081567,65.43670631464725
2026-04-30 15:00:00,1.17272,1.17355,1.17224,1.17279,4378,8,1.1693619795873071,1.1694650151745034,65.66408542128377
2026-04-30 16:00:00,1.17282,1.17352,1.17227,1.17249,2328,8,1.1696598862932779,1.169583642030405,63.96470051649196
2026-04-30 17:00:00,1.1724999999999999,1.17321,1.17217,1.1724700000000001,2195,8,1.1699275161701086,1.169696832539017,63.84607135525706
2026-04-30 18:00:00,1.17249,1.17397,1.17249,1.17359,1861,8,1.1702763241539076,1.1698495057727811,67.48299615751907
2026-04-30 19:00:00,1.17357,1.17415,1.17319,1.17332,2069,8,1.1705661980440116,1.1699856035856133,65.7654552845276
2026-04-30 20:00:00,1.1733,1.17361,1.17291,1.17302,1473,8,1.1707998934683916,1.1701045995234325,63.821779571336585
2026-04-30 21:00:00,1.17301,1.17338,1.17277,1.17338,563,20,1.1710456178999733,1.170233046600945,65.15272641742344
2026-04-30 22:00:00,1.17344,1.17359,1.1729,1.17312,612,8,1.1712431780999757,1.1703462604597314,63.340345546184636
2026-04-30 23:00:00,1.17314,1.17328,1.1728,1.1728399999999999,774,8,1.1713952563761685,1.170444054167193,61.36074808540033
2026-05-01 00:00:00,1.17286,1.17295,1.1724,1.17271,1517,8,1.1715204700546287,1.1705329147880874,60.4166371832128
2026-05-01 01:00:00,1.17273,1.17325,1.1724700000000001,1.17307,1115,8,1.1716680443351402,1.1706324083258095,62.15325683721441
2026-05-01 02:00:00,1.17307,1.17337,1.17292,1.17334,932,8,1.171827278207984,1.170738588391464,63.44847657520653
2026-05-01 03:00:00,1.17336,1.17361,1.17303,1.1730800000000001,925,8,1.1719465850453188,1.1708304084545438,61.27385151702493
2026-05-01 04:00:00,1.1730800000000001,1.17319,1.17257,1.17263,902,8,1.1720116721838598,1.1709009806720125,57.59452572674036
2026-05-01 05:00:00,1.17263,1.17269,1.17214,1.1722,851,8,1.1720296081663495,1.1709519226064433,54.24274681797404
2026-05-01 06:00:00,1.17222,1.17447,1.1718600000000001,1.17354,3047,8,1.1721734550076495,1.1710534158375632,61.71920821971291
2026-05-01 07:00:00,1.17353,1.17417,1.17311,1.17342,3349,8,1.1722921735783496,1.1711462230596197,60.7617332388713
2026-05-01 08:00:00,1.1734499999999999,1.17479,1.17315,1.17431,2262,8,1.1724843475232687,1.1712702927435563,65.08766291080062
2026-05-01 09:00:00,1.17433,1.17436,1.17303,1.1731,1836,8,1.1725429810924812,1.1713420459692991,56.041589085094316
2026-05-01 10:00:00,1.17311,1.17454,1.17307,1.17442,1553,8,1.1727217447979592,1.1714627500489345,62.21168873703551
2026-05-01 11:00:00,1.17444,1.17582,1.17436,1.17509,2052,8,1.1729472929124394,1.1716049951450547,64.90439213078788
2026-05-01 12:00:00,1.17511,1.17686,1.17477,1.17573,3265,8,1.1732123126350642,1.171766760041327,67.30130017449358
2026-05-01 13:00:00,1.17573,1.17633,1.17437,1.17618,3670,8,1.1734949495269629,1.1719398282750004,68.90916034821232
2026-05-01 14:00:00,1.17618,1.17849,1.17606,1.17669,4662,8,1.1737992400482045,1.1721261095191182,70.66943550872092
2026-05-01 15:00:00,1.17671,1.17705,1.1753,1.17548,3848,8,1.173959312424566,1.1722576346360154,61.73837230757638
2026-05-01 16:00:00,1.17546,1.17569,1.17376,1.17381,2981,8,1.173945092193655,1.1723185117091128,51.97534119016388
2026-05-01 17:00:00,1.17378,1.17402,1.17288,1.17327,2246,8,1.173880797699021,1.1723558249754222,49.26259740758463
2026-05-01 18:00:00,1.17329,1.17338,1.17192,1.1727,2536,8,1.173768340775305,1.1723693220352096,46.50352510176906
2026-05-01 19:00:00,1.1727,1.17281,1.17173,1.17193,1246,8,1.1735932607014665,1.1723520937201033,42.99992875915814
2026-05-01 20:00:00,1.17193,1.17221,1.17144,1.172,1065,8,1.173441521587041,1.1723382861232365,43.417282193366155
2026-05-03 21:00:00,1.17428,1.17462,1.17362,1.17391,404,20,1.1734861385787516,1.1723999219615409,53.43574827051462
2026-05-03 22:00:00,1.17408,1.17417,1.17264,1.1733,1674,8,1.173468411095061,1.1724352191395198,50.368442304492575
2026-05-03 23:00:00,1.17331,1.17331,1.1724700000000001,1.17256,987,8,1.1733818957526743,1.1724401125065975,46.854737433797766
2026-05-04 00:00:00,1.17254,1.17286,1.17211,1.17268,1676,8,1.1733150485381338,1.17244951985928,47.49439368456746
2026-05-04 01:00:00,1.17271,1.17289,1.17197,1.17249,1755,8,1.173236472486883,1.1724511073157786,46.539271979018274
2026-05-04 02:00:00,1.17249,1.17282,1.17221,1.17272,1225,8,1.1731872846309892,1.1724616521269247,47.905021780650145
2026-05-04 03:00:00,1.1727,1.17385,1.17242,1.1737,2193,8,1.173236114666133,1.172510214788614,53.37108342547522
2026-05-04 04:00:00,1.17372,1.17379,1.17272,1.17288,1157,8,1.173202198983644,1.1725247161694528,48.760855072292024
2026-05-04 05:00:00,1.17289,1.17321,1.17254,1.17303,1395,8,1.17318579908044,1.1725445312216312,49.61819341033465
2026-05-04 06:00:00,1.17303,1.17368,1.17212,1.17285,2184,8,1.173153818215636,1.1725565103894104,48.56800655308055
2026-05-04 07:00:00,1.17282,1.17287,1.17148,1.17174,2360,8,1.173019168861766,1.1725244903741396,42.58260835522696
2026-05-04 08:00:00,1.17172,1.17227,1.1711,1.1718600000000001,2028,8,1.1729087718273121,1.172498431928095,43.39476963953318
2026-05-04 09:00:00,1.17187,1.17233,1.17155,1.17169,1642,8,1.172792698319949,1.1724667287152286,42.478092939089315
2026-05-04 10:00:00,1.17169,1.17171,1.1688399999999999,1.17048,5430,8,1.1725724413370966,1.1723888177852198,36.558541495825146
2026-05-04 11:00:00,1.1705,1.17082,1.16926,1.1693,2949,8,1.1722607802573732,1.1722676876759954,31.891140077868343
2026-05-04 12:00:00,1.16932,1.17121,1.16915,1.17087,2845,8,1.1721283249947663,1.1722128763945838,42.4236679155309
2026-05-04 13:00:00,1.17088,1.17175,1.17017,1.17144,3670,8,1.17206277023336,1.1721825675163648,45.706414902708445
2026-05-04 14:00:00,1.17145,1.17161,1.17039,1.17069,3163,8,1.1719320302111351,1.1721240354568996,42.28977009557917
2026-05-04 15:00:00,1.17066,1.17153,1.16937,1.16973,4882,8,1.17172231304817,1.172030151713492,38.33919503555738
2026-05-04 16:00:00,1.16971,1.17007,1.16807,1.1682,4199,8,1.17138685466263,1.171879949685512,33.041471874338285
2026-05-04 17:00:00,1.1682299999999999,1.16968,1.1681,1.16932,2393,8,1.171190011361427,1.1717795595017664,39.61893352157968
2026-05-04 18:00:00,1.16931,1.16978,1.16878,1.1696900000000001,1911,8,1.1710471531365292,1.1716976159918933,41.65786725774751
2026-05-04 19:00:00,1.16967,1.17018,1.16931,1.1695,2073,8,1.1708998052187645,1.1716114349726032,40.89420614759978
2026-05-04 20:00:00,1.16948,1.16948,1.16868,1.16897,847,8,1.1707160142455486,1.1715078492874031,38.75972985171937
2026-05-04 21:00:00,1.16896,1.16897,1.16866,1.16891,342,20,1.1705440128888298,1.1714059728447601,38.51464553354944
2026-05-04 22:00:00,1.16899,1.16922,1.16885,1.16897,456,8,1.1703941068994173,1.1713104444979068,38.93050233912173
2026-05-04 23:00:00,1.16898,1.16927,1.16895,1.16912,351,8,1.170272763385187,1.171224544713675,40.02265676089305
2026-05-05 00:00:00,1.16912,1.16936,1.16848,1.1686,1102,8,1.170113452586598,1.1711216213915703,37.517740868233986
2026-05-05 01:00:00,1.1686,1.16879,1.16794,1.16864,1295,8,1.1699731237688267,1.1710243029056264,37.84002534938116
2026-05-05 02:00:00,1.16867,1.16912,1.16859,1.1687,888,8,1.1698518738860813,1.1709331537720724,38.3536736005127
2026-05-05 03:00:00,1.16868,1.16878,1.16831,1.16837,638,8,1.1697107430397877,1.1708326379378735,36.56406982398628
2026-05-05 04:00:00,1.16835,1.16871,1.16765,1.16776,941,8,1.1695249579883793,1.170712142332467,33.456433816154686
2026-05-05 05:00:00,1.16774,1.16841,1.1676199999999999,1.16827,1307,8,1.1694054381799621,1.1706163720449192,38.18666953822597
2026-05-05 06:00:00,1.16827,1.16891,1.16789,1.16856,2103,8,1.169324920258061,1.170535730003942,40.76516516277436
2026-05-05 07:00:00,1.16858,1.16963,1.16853,1.16888,2169,8,1.1692825469001502,1.1704707994155523,43.56277146439188
2026-05-05 08:00:00,1.16886,1.16966,1.16845,1.1688399999999999,1890,8,1.1692403995763263,1.1704068464972954,43.28755956085499
2026-05-05 09:00:00,1.1688399999999999,1.16927,1.16807,1.169,2222,8,1.1692175043785809,1.1703516760464212,44.79005681611305
2026-05-05 10:00:00,1.169,1.16976,1.16868,1.16892,1684,8,1.1691891706282398,1.1702955318877382,44.16008668868593
2026-05-05 11:00:00,1.1689,1.16941,1.16828,1.16888,2055,8,1.1691597258065027,1.1702400208333172,43.828156893376836
2026-05-05 12:00:00,1.16887,1.16974,1.16848,1.16919,2737,8,1.1691626090630263,1.1701988435457362,47.14402174963067
2026-05-05 13:00:00,1.16919,1.17042,1.1691799999999999,1.16975,2525,8,1.1692185510570239,1.1701812418380604,52.58868658854032
2026-05-05 14:00:00,1.16973,1.17055,1.16912,1.17053,3969,8,1.169343450956355,1.1701949186287246,58.93396987600249
2026-05-05 15:00:00,1.17053,1.17133,1.17008,1.17064,2455,8,1.1694669318176545,1.170212372800147,59.75204948121937
2026-05-05 16:00:00,1.17062,1.17086,1.16977,1.1699,1637,8,1.1695081764064492,1.1702001228864158,52.21605427590823
2026-05-05 17:00:00,1.16991,1.1703999999999999,1.16958,1.16982,1606,8,1.1695378738915492,1.1701852161065565,51.460432971897646
2026-05-05 18:00:00,1.16982,1.1700599999999999,1.16967,1.16997,966,8,1.1695790287590206,1.1701767762592405,52.83851037772318
2026-05-05 19:00:00,1.16995,1.17009,1.16937,1.16951,1043,8,1.1695724545914947,1.1701506281706429,48.30894508614933
2026-05-05 20:00:00,1.16949,1.16966,1.16901,1.16917,589,8,1.1695341255827811,1.1701121721639511,45.22311372303519
2026-05-05 21:00:00,1.16916,1.16933,1.16903,1.16933,264,8,1.1695146850510878,1.170081498745757,46.94075109815741
2026-05-05 22:00:00,1.16933,1.1709,1.16915,1.17053,1085,8,1.169611381712889,1.1700990870302372,57.663281370295635
2026-05-05 23:00:00,1.17055,1.17251,1.17049,1.17146,1859,8,1.1697874405973758,1.1701524561663066,63.77340604996596
2026-05-06 00:00:00,1.17148,1.17212,1.1711,1.172,2239,8,1.1699981605404828,1.170224908865667,66.772094451554
2026-05-06 01:00:00,1.17198,1.17256,1.17173,1.17209,1733,8,1.1701973833461512,1.1702980496944644,67.25854118936212
2026-05-06 02:00:00,1.17209,1.17244,1.17155,1.17171,1186,8,1.1703414420750893,1.1703534202946815,63.06078263856733
2026-05-06 03:00:00,1.17169,1.17229,1.17161,1.17174,1175,8,1.170474638067938,1.1704077959694,63.25575885370155
2026-05-06 04:00:00,1.17174,1.17426,1.17159,1.17368,3516,8,1.1707799106328964,1.1705361176960902,73.13204587241073
2026-05-06 05:00:00,1.17366,1.17379,1.17298,1.17326,1821,8,1.1710161096202396,1.170642936609969,68.81936497868898
2026-05-06 06:00:00,1.17327,1.17351,1.17281,1.17332,2221,8,1.1712355277516453,1.1707479194880097,69.09970741085503
2026-05-06 07:00:00,1.17332,1.1738,1.17242,1.17372,2549,8,1.1714721441562506,1.1708644716649506,70.97338028166948
2026-05-06 08:00:00,1.17371,1.17704,1.17326,1.17619,4450,8,1.1719214637604172,1.171073315913384,79.31442459234677
2026-05-06 09:00:00,1.17618,1.17769,1.17558,1.17747,3457,8,1.1724498957832346,1.1713241662697218,82.17328520474004
2026-05-06 10:00:00,1.1775,1.17964,1.17663,1.17886,3661,8,1.173060381899117,1.1716196891611055,84.65367177732922
2026-05-06 11:00:00,1.17884,1.17914,1.1768,1.17698,4117,8,1.173433678861106,1.1718298974292976,70.38848655356982
2026-05-06 12:00:00,1.177,1.177,1.17515,1.17535,4171,8,1.1736161856362388,1.1719679406673642,60.81906297786789
2026-05-06 13:00:00,1.17532,1.1758899999999999,1.17461,1.17513,3994,8,1.1737603584327876,1.1720919429941343,59.640520245881596
2026-05-06 14:00:00,1.17514,1.17626,1.17445,1.17547,3653,8,1.1739231814391888,1.1722244158178936,60.901495812162956
2026-05-06 15:00:00,1.17548,1.17581,1.17483,1.17525,2677,8,1.174049545111647,1.1723430661779763,59.60382747489296
2026-05-06 16:00:00,1.17524,1.17531,1.17417,1.17441,2129,8,1.1740838741486332,1.172424122406291,54.802336547445066
2026-05-06 17:00:00,1.1743999999999999,1.17551,1.17424,1.17479,1747,8,1.1741511242297158,1.1725169019197699,56.509160574061184
2026-05-06 18:00:00,1.1748,1.17513,1.17444,1.1749100000000001,1475,8,1.1742233981126002,1.1726107489033082,57.060616616928485
2026-05-06 19:00:00,1.17489,1.17551,1.17473,1.17474,1414,8,1.1742725982923525,1.172694248946316,55.97773546644101
2026-05-06 20:00:00,1.17474,1.17504,1.17445,1.17471,882,8,1.1743142555978427,1.1727732980072447,55.77657012673
2026-05-06 21:00:00,1.17473,1.17495,1.17447,1.17494,436,8,1.17437385030281,1.1728582667128429,57.05090369801137
2026-05-06 22:00:00,1.17494,1.17511,1.1749,1.17504,451,8,1.174437293131114,1.1729438248809667,57.622673356280195
2026-05-06 23:00:00,1.17502,1.1751800000000001,1.17461,1.17477,488,8,1.1744689794995793,1.1730154395915169,55.47526371824479
2026-05-07 00:00:00,1.17477,1.17537,1.17462,1.17482,1981,8,1.174502410023429,1.1730862066663594,55.8037354370372
2026-05-07 01:00:00,1.17482,1.1763,1.17461,1.1758899999999999,1878,8,1.174634561449769,1.17319615934611,62.225998327687286
2026-05-07 02:00:00,1.17587,1.17608,1.17542,1.1756,1237,8,1.1747265079783624,1.1732904276070468,59.69417513725578
2026-05-07 03:00:00,1.1756,1.17564,1.17485,1.17485,1013,8,1.1747382691232804,1.1733515873087312,53.61812847595517
2026-05-07 04:00:00,1.17485,1.17532,1.17474,1.17506,861,8,1.1747689101591583,1.1734185838848594,54.99931084046541
2026-05-07 05:00:00,1.17506,1.17534,1.17495,1.17514,1097,8,1.1748042520487623,1.1734860903991788,55.54244078450263
2026-05-07 06:00:00,1.17512,1.17565,1.17444,1.17476,2454,8,1.174800037567928,1.1735360476384267,52.312683586553845
2026-05-07 07:00:00,1.17477,1.17682,1.17477,1.17665,3553,8,1.1749762244662205,1.173658163417312,63.638103857746174
2026-05-07 08:00:00,1.17667,1.17737,1.17625,1.17714,2373,8,1.1751822983265805,1.173794706028398,65.89927783758992
2026-05-07 09:00:00,1.17716,1.17779,1.17652,1.177,2053,8,1.175355412771668,1.173920403831206,64.66203914783856
2026-05-07 10:00:00,1.17699,1.17758,1.17645,1.17665,2113,8,1.175478706793414,1.1740274468182177,61.55081475478074
2026-05-07 11:00:00,1.17665,1.17697,1.17621,1.17694,1919,8,1.1756178775749937,1.1741416645900522,63.133618568597605
2026-05-07 12:00:00,1.17696,1.17776,1.17669,1.17726,2313,8,1.1757742701868992,1.1742639522531875,64.85297221943344
2026-05-07 13:00:00,1.17726,1.17766,1.17662,1.17683,2836,8,1.175874815883385,1.174364581576592,60.75278174958601
2026-05-07 14:00:00,1.17681,1.17769,1.17637,1.17756,2841,8,1.176035309608777,1.1744898921030003,64.81925791499013
2026-05-07 15:00:00,1.17756,1.17775,1.17627,1.17635,2960,8,1.1760652801222269,1.1745628375107258,54.7020603934277
2026-05-07 16:00:00,1.17632,1.17656,1.17563,1.17601,2565,8,1.1760600153486815,1.1746195889808935,52.23491200195684
2026-05-07 17:00:00,1.17604,1.17606,1.17354,1.17488,3703,8,1.1759476329345215,1.1746298011777212,44.97477528578021
2026-05-07 18:00:00,1.17486,1.17517,1.17395,1.17495,3172,8,1.1758526202740909,1.174642357994281,45.480299165671056
2026-05-07 19:00:00,1.17497,1.17536,1.17332,1.17334,3269,8,1.1756133231051298,1.1745912851317601,37.049405469120856
2026-05-07 20:00:00,1.17336,1.17444,1.17216,1.17233,2180,8,1.175300625666546,1.174502607283456,32.925886822567875
2026-05-07 21:00:00,1.1722,1.17265,1.17198,1.17265,792,8,1.1750481851268748,1.174429956017438,35.3798496054639
2026-05-07 22:00:00,1.17265,1.17312,1.17228,1.17249,1133,8,1.1748045484481249,1.1743538793108719,34.69632956162744
2026-05-07 23:00:00,1.17248,1.17312,1.17242,1.17302,552,8,1.1746345914530654,1.1743015703182889,38.90678270826065
2026-05-08 00:00:00,1.17304,1.17344,1.17262,1.17267,1752,8,1.1744474875051545,1.174237587168552,37.20100371047111
2026-05-08 01:00:00,1.17267,1.17332,1.17267,1.17323,1357,8,1.1743315363141873,1.1741980739462559,41.611896279376
2026-05-08 02:00:00,1.17323,1.17324,1.17242,1.1727,1399,8,1.1741761519033125,1.1741393259483635,38.83195537609964
2026-05-08 03:00:00,1.17272,1.17334,1.17266,1.1728,980,8,1.1740450898172827,1.1740868033621532,39.651166330972
2026-05-08 04:00:00,1.1728,1.17357,1.17265,1.17349,1042,8,1.1739922241203986,1.1740633993087355,45.11341123090785
2026-05-08 05:00:00,1.1735,1.17382,1.17327,1.17366,1162,8,1.1739605837279796,1.1740475797280008,46.40061298722538
2026-05-08 06:00:00,1.17366,1.17477,1.17365,1.17439,2009,8,1.174001480515791,1.1740610079739615,51.64484378248801
2026-05-08 07:00:00,1.17437,1.17477,1.17415,1.17428,1968,8,1.1740280061809538,1.1740695958965512,50.83767901531335
2026-05-08 08:00:00,1.17426,1.17654,1.17418,1.17635,2268,8,1.1742491484494346,1.1741590235084511,62.66349742704228
2026-05-08 09:00:00,1.17637,1.17731,1.17627,1.17685,1825,8,1.1744968485971075,1.174264551998316,64.86215832080404
2026-05-08 10:00:00,1.1768399999999999,1.17722,1.17611,1.17638,1496,8,1.1746761963497638,1.17434751074348,61.213094254609274
2026-05-08 11:00:00,1.17639,1.17685,1.17614,1.17649,1564,8,1.1748489395545483,1.17443152993001,61.7553944845378
2026-05-08 12:00:00,1.17651,1.17785,1.17555,1.17738,3334,8,1.1750899929303056,1.1745471562072647,65.90858357224226
2026-05-08 13:00:00,1.17736,1.1786699999999999,1.17661,1.17787,3313,8,1.1753547555083719,1.17467746380698,67.97086301328953
2026-05-08 14:00:00,1.17786,1.17793,1.1767,1.17739,3066,8,1.1755485883170982,1.1747838377753337,63.89341521274245
2026-05-08 15:00:00,1.17739,1.17782,1.17666,1.17725,2895,8,1.1757106275249936,1.1748805500194384,62.711772493515035
2026-05-08 16:00:00,1.17723,1.17782,1.17702,1.17709,1645,8,1.1758419963321372,1.1749671951167153,61.3161071775734
2026-05-08 17:00:00,1.17707,1.1776,1.17702,1.1772,1294,8,1.1759713300147907,1.1750547560925304,61.943185842862725
2026-05-08 18:00:00,1.17718,1.17815,1.17704,1.17781,1662,8,1.1761464414419536,1.1751628048732154,65.30222674244065
2026-05-08 19:00:00,1.1778,1.17829,1.17763,1.17798,1256,8,1.1763210660665295,1.1752732831134816,66.19766035607557
2026-05-08 20:00:00,1.17799,1.17876,1.17784,1.17848,884,8,1.176526678822098,1.1753990367168745,68.7518974419886
2026-05-10 21:00:00,1.17485,1.17654,1.17468,1.17605,614,48,1.1764812808390412,1.1754245646887618,49.2672124743312
2026-05-10 22:00:00,1.17619,1.17645,1.17573,1.17638,1319,8,1.1764716350448468,1.175462032740183,51.28628670224849
2026-05-10 23:00:00,1.17638,1.17696,1.17635,1.17668,618,8,1.17649147932629,1.1755097961621366,53.113152283133424
2026-05-11 00:00:00,1.17668,1.17715,1.17651,1.17697,1450,8,1.1765370527237862,1.1755670590577392,54.874865816743686
2026-05-11 01:00:00,1.17696,1.17709,1.17614,1.17627,1512,8,1.1765116191310445,1.1755946253692005,49.99205426007399
2026-05-11 02:00:00,1.17627,1.17659,1.17586,1.1759,972,8,1.1764533696899926,1.175606600844918,47.58199613279002
2026-05-11 03:00:00,1.17591,1.17591,1.17557,1.17564,781,8,1.1763759059099932,1.1756079106157056,45.907193686304936
2026-05-11 04:00:00,1.17565,1.1757,1.17499,1.17502,649,8,1.1762467720138032,1.1755848552974428,42.10159889868222
2026-05-11 05:00:00,1.17502,1.17544,1.17484,1.17497,858,8,1.1761251746791552,1.1755607433249942,41.80065338949629
2026-05-11 06:00:00,1.17497,1.17676,1.17497,1.17671,1682,8,1.1761808723287595,1.1756058122142101,54.09740594829266
2026-05-11 07:00:00,1.17673,1.17744,1.17643,1.17714,1824,8,1.1762722178212586,1.175665976441104,56.5411432237855
2026-05-11 08:00:00,1.17716,1.17817,1.1771,1.1771099999999999,1737,8,1.1763520066001862,1.1757226048159626,56.315882404069136
2026-05-11 09:00:00,1.17709,1.17743,1.17669,1.17671,1298,8,1.1763861012096923,1.175761326195729,53.26857960005923
2026-05-11 10:00:00,1.17669,1.17738,1.17643,1.17687,1449,8,1.1764321868087693,1.175804803599818,54.33304475493345
2026-05-11 11:00:00,1.17689,1.17744,1.17632,1.17679,1657,8,1.1764662642555532,1.1758434387527663,53.67470988146553
2026-05-11 12:00:00,1.17681,1.17742,1.1764000000000001,1.1774,2238,8,1.1765551914693102,1.175904480370305,57.866810396815744
2026-05-11 13:00:00,1.17742,1.17874,1.17738,1.17847,2296,8,1.1767375541865188,1.176005088983234,64.01773814087525
2026-05-11 14:00:00,1.17847,1.17875,1.17786,1.17794,2632,8,1.176852072835422,1.1760809678466366,59.392593163072505
2026-05-11 15:00:00,1.17791,1.17848,1.17765,1.1779600000000001,2097,8,1.176957589708239,1.1761546553820628,59.511469618639666
2026-05-11 16:00:00,1.17798,1.178,1.17721,1.17731,1508,8,1.1769911525931684,1.1761999630141386,53.980566245124756
2026-05-11 17:00:00,1.17731,1.17783,1.17706,1.17777,1277,8,1.1770653285366761,1.1762615330920156,57.024567391729136
2026-05-11 18:00:00,1.17776,1.178,1.17739,1.17747,1074,8,1.1771038686760402,1.1763089239511522,54.492984000669125
2026-05-11 19:00:00,1.17748,1.17775,1.1774,1.17769,1128,8,1.1771596907068935,1.1763630837962051,56.0344325411853
2026-05-11 20:00:00,1.1777,1.17825,1.17734,1.17814,923,8,1.1772530534967132,1.1764327667845893,59.08713895616494
2026-05-11 21:00:00,1.17809,1.1783,1.17786,1.1783,489,20,1.1773527626875024,1.1765059916165663,60.146706688913014
2026-05-11 22:00:00,1.1783,1.17874,1.1783,1.17846,352,8,1.1774582138601213,1.1765826193963087,61.22806841596214
2026-05-11 23:00:00,1.17848,1.17852,1.17768,1.1778,535,8,1.1774907649210622,1.1766303598121397,54.641786647476216
2026-05-12 00:00:00,1.17778,1.17778,1.17659,1.17668,1266,8,1.1774135492142943,1.1766323064861735,45.66480865873848
2026-05-12 01:00:00,1.17666,1.17688,1.17575,1.1761,1742,8,1.1772884492891234,1.1766114317220098,41.832069420532186
2026-05-12 02:00:00,1.17611,1.17643,1.1759,1.17621,927,8,1.1771857398330163,1.1765956893015388,42.812414040488136
2026-05-12 03:00:00,1.17619,1.17628,1.17544,1.17561,811,8,1.1770356693727289,1.1765570348191254,38.95576481407011
2026-05-12 04:00:00,1.17561,1.17596,1.1755200000000001,1.17568,826,8,1.1769065580038975,1.1765226412968068,39.63893482125881
2026-05-12 05:00:00,1.17569,1.17676,1.1752,1.1762,1520,8,1.1768392667654313,1.1765099886969321,44.59904551579831
2026-05-12 06:00:00,1.1762299999999999,1.17652,1.17492,1.17502,2230,8,1.1766660032639615,1.1764515577676409,37.1406226743042
2026-05-12 07:00:00,1.175,1.17531,1.17432,1.17476,2516,8,1.1764844791435844,1.1763852221689097,35.723047929623206
2026-05-12 08:00:00,1.17477,1.17503,1.17392,1.17446,2411,8,1.1762916716061003,1.1763097232603252,34.10551194930683
2026-05-12 09:00:00,1.17446,1.17512,1.17432,1.17473,2089,8,1.176142940976948,1.176247773328548,36.8758219666443
2026-05-12 10:00:00,1.17473,1.17488,1.17402,1.17404,1448,8,1.1759426608839052,1.1761611939823302,33.05161033480317
2026-05-12 11:00:00,1.17405,1.1748,1.17346,1.17434,1952,8,1.1757900265140095,1.1760897746104741,36.151918799405074
2026-05-12 12:00:00,1.17435,1.17497,1.17355,1.17471,3058,8,1.1756871668460085,1.1760356658022204,39.851517340985026
2026-05-12 13:00:00,1.17469,1.17497,1.17267,1.17298,3343,8,1.175429341432103,1.1759158357707609,30.85039698460089
2026-05-12 14:00:00,1.173,1.17358,1.17273,1.17354,3135,8,1.1752494041528552,1.175822665740535,35.8976197184559
2026-05-12 15:00:00,1.17356,1.17363,1.1721300000000001,1.17321,2749,8,1.1750551751859166,1.175720208260514,34.30843533825633
2026-05-12 16:00:00,1.17323,1.17383,1.17275,1.17283,1869,8,1.174843253739639,1.1756068667601018,32.52296317837957
2026-05-12 17:00:00,1.17282,1.17334,1.1727,1.17329,1531,8,1.1746953248120544,1.175516009240098,36.810020621035726
2026-05-12 18:00:00,1.1733,1.17408,1.17285,1.17402,1535,8,1.1746310081632874,1.1754573422110748,42.999211477579884
2026-05-12 19:00:00,1.17402,1.17464,1.17395,1.17401,1259,8,1.1745718645286884,1.1754005836929935,42.93717017559508
2026-05-12 20:00:00,1.17402,1.17407,1.17373,1.1739600000000001,581,8,1.1745135917164324,1.1753440902148369,42.606155349665755
2026-05-12 21:00:00,1.1739600000000001,1.17397,1.17318,1.17381,612,20,1.174446582981534,1.175283929814255,41.57075599899382
2026-05-12 22:00:00,1.17385,1.174,1.17372,1.1739,382,8,1.1743945274594831,1.175229658056833,42.47406259167506
2026-05-12 23:00:00,1.1739,1.1741,1.17344,1.17349,447,8,1.1743083819871514,1.1751614361722513,39.4796974445369
2026-05-13 00:00:00,1.17349,1.17383,1.17325,1.17376,1237,8,1.1742561551312323,1.1751064778909865,42.36146205231855
2026-05-13 01:00:00,1.17376,1.17413,1.17316,1.17386,1317,8,1.1742184260711148,1.1750575964050656,43.435749178589745
2026-05-13 02:00:00,1.17386,1.17414,1.17357,1.1736900000000001,815,8,1.1741680997786277,1.1750039651734945,42.00251768258668
2026-05-13 03:00:00,1.1736900000000001,1.17373,1.17324,1.17342,924,8,1.1740968521806632,1.174941848892181,39.758635626827015
2026-05-13 04:00:00,1.17342,1.1735,1.17318,1.17343,541,8,1.1740333424491713,1.1748825607003308,39.88672585651907
2026-05-13 05:00:00,1.17343,1.17367,1.17321,1.17338,887,8,1.173971119358774,1.1748236367512983,39.43522331712681
2026-05-13 06:00:00,1.17339,1.17342,1.17177,1.17198,1595,8,1.1737814889436526,1.1747121215845808,29.400089360461294
2026-05-13 07:00:00,1.17197,1.1723,1.1706699999999999,1.1707,1923,8,1.1734880138061619,1.1745547834832248,23.509607038560958
2026-05-13 08:00:00,1.17068,1.17113,1.17,1.17025,1712,8,1.1731796315389083,1.174385968444667,21.852003392697767
2026-05-13 09:00:00,1.17027,1.17064,1.16951,1.17057,1767,8,1.1729310952018694,1.1742363226233075,25.855473300187597
2026-05-13 10:00:00,1.17057,1.17141,1.17014,1.17124,2061,8,1.1727700385159772,1.1741188197753345,33.53320553053911
2026-05-13 11:00:00,1.17126,1.17168,1.17108,1.17116,1434,8,1.1726167015144555,1.1740027876272823,33.09256527928491
2026-05-13 12:00:00,1.17116,1.17158,1.1696900000000001,1.17015,2683,8,1.172381777560698,1.1738516979164084,28.07645145724291
2026-05-13 13:00:00,1.17018,1.1712,1.1700599999999999,1.17097,2678,8,1.1722473225549173,1.1737386901549807,36.49302866998244
2026-05-13 14:00:00,1.17096,1.17123,1.17024,1.17074,2568,8,1.1721037680258775,1.1736210944626286,35.24711860983298
2026-05-13 15:00:00,1.17075,1.17158,1.1707,1.17108,2150,8,1.1720062663091273,1.1735214436993882,38.58511739790349
2026-05-13 16:00:00,1.17106,1.17175,1.17077,1.17084,1911,8,1.1718951933273059,1.1734162890445101,37.13009349799699
2026-05-13 17:00:00,1.17082,1.17105,1.17038,1.17039,1095,8,1.1717518415818482,1.1732976110427646,34.5029011505453
2026-05-13 18:00:00,1.17039,1.1710099999999999,1.17036,1.17073,1364,8,1.1716545233359579,1.1731969204136368,38.068469197255645
2026-05-13 19:00:00,1.17073,1.17127,1.17072,1.1709100000000001,1118,8,1.171583616351581,1.173107237260161,39.93279729293492
2026-05-13 20:00:00,1.1709,1.17133,1.17084,1.1712799999999999,702,8,1.1715547005085731,1.1730355808970174,43.68550408227004
2026-05-13 21:00:00,1.17129,1.1715,1.17106,1.17144,460,8,1.1715437766506138,1.1729730090971344,45.277621640534235
2026-05-13 22:00:00,1.17143,1.17184,1.1714,1.17172,458,8,1.1715605598267458,1.1729238714854822,48.04582575311543
2026-05-13 23:00:00,1.17172,1.1718,1.17148,1.17153,335,8,1.1715576493670556,1.1728692098586004,46.33303561816969
2026-05-14 00:00:00,1.17153,1.17182,1.17138,1.17169,1010,8,1.1715702541892408,1.1728229663347338,48.01372799741282
2026-05-14 01:00:00,1.17167,1.17173,1.17123,1.17134,1139,8,1.1715483252188368,1.172764810792195,44.71485375435214
2026-05-14 02:00:00,1.17134,1.1715,1.17113,1.17118,915,8,1.1715132466265665,1.172702661349364,43.25186237738489
2026-05-14 03:00:00,1.1712,1.17147,1.17092,1.17118,905,8,1.1714815088526078,1.1726429491395851,43.251862377384896
2026-05-14 04:00:00,1.17118,1.1717,1.17112,1.17143,836,8,1.1714766032475976,1.1725953825066602,46.42812353137968
2026-05-14 05:00:00,1.17146,1.17158,1.17096,1.17099,1165,8,1.1714302600811597,1.1725324263299284,41.975112139941004
2026-05-14 06:00:00,1.17099,1.1721,1.17063,1.17181,1826,8,1.171466425787716,1.1725040958856174,51.34159247187449
2026-05-14 07:00:00,1.17178,1.17182,1.17055,1.17073,1915,8,1.1713962899984098,1.1724345234979463,41.7765074993505
2026-05-14 08:00:00,1.17073,1.17135,1.17044,1.17107,1795,8,1.171365214760466,1.1723810127725365,45.23556629064211
2026-05-14 09:00:00,1.17108,1.1712799999999999,1.17054,1.1707,1495,8,1.171301860973755,1.1723150907030253,42.29103930271753
2026-05-14 10:00:00,1.1707,1.17126,1.17044,1.17084,1636,8,1.17125787421435,1.172257244008789,43.78218628771062
2026-05-14 11:00:00,1.17086,1.17086,1.16992,1.16994,1538,8,1.1711323623844119,1.1721663716947188,37.138608991259254
2026-05-14 12:00:00,1.16992,1.17053,1.16958,1.1697,1942,8,1.1709959469192297,1.1720696512361024,35.58779728195965
2026-05-14 13:00:00,1.1696900000000001,1.16995,1.1685,1.16892,3382,8,1.1707982376888268,1.1719461355013534,31.049835937179907
2026-05-14 14:00:00,1.1689,1.16997,1.16783,1.16783,2997,8,1.170515548385129,1.171784718422869,26.05069310430011
2026-05-14 15:00:00,1.16782,1.16808,1.16713,1.16773,2432,8,1.1702502580627356,1.1716257098572662,25.642787516445765
2026-05-14 16:00:00,1.16771,1.16812,1.16704,1.16761,2318,8,1.1699988049139036,1.1714682310393343,25.134193489305417
2026-05-14 17:00:00,1.16761,1.16805,1.16754,1.16774,1590,8,1.169783680636389,1.171322025900537,26.827367109761937
2026-05-14 18:00:00,1.16774,1.16782,1.16736,1.16772,1304,8,1.1695871396233997,1.171180769982869,26.727218924555956
2026-05-14 19:00:00,1.16772,1.1678600000000001,1.16681,1.16706,1124,8,1.1693464596592664,1.1710191711600115,23.59670895795834
2026-05-14 20:00:00,1.16706,1.16718,1.16655,1.16687,774,8,1.1691106063583838,1.1708564585655012,22.769878655366114
2026-05-14 21:00:00,1.16684,1.16703,1.16657,1.16703,571,8,1.1689124533718709,1.1707064013668542,25.148453340656673
2026-05-14 22:00:00,1.16702,1.16709,1.16687,1.16694,423,8,1.168724600669788,1.1705586993524677,24.687856796665656
2026-05-14 23:00:00,1.16694,1.16695,1.16611,1.16616,832,8,1.168480352986951,1.1703862013386455,21.083775673720794
2026-05-15 00:00:00,1.16618,1.1663000000000001,1.1652,1.16552,1553,8,1.1681984146072413,1.1701953699136005,18.674776575069927
2026-05-15 01:00:00,1.1655,1.16563,1.1645699999999999,1.16466,1871,8,1.167861422739885,1.1699782965836556,16.025103699668804
2026-05-15 02:00:00,1.16466,1.1657,1.16453,1.1653,1280,8,1.1676174777170387,1.169794833972532,24.599034222851827
2026-05-15 03:00:00,1.1653,1.16548,1.16495,1.1651799999999999,919,8,1.1673853369820828,1.1696138600912562,24.10213092345461
2026-05-15 04:00:00,1.16517,1.16524,1.16462,1.1647,854,8,1.1671295906028367,1.1694211596955206,22.172749678867447
2026-05-15 05:00:00,1.16469,1.16476,1.16322,1.16323,1987,8,1.1667582010216142,1.169178369119226,17.541568127888027
2026-05-15 06:00:00,1.1632,1.1643,1.1632,1.16349,2776,8,1.1664469437814604,1.1689552958204328,20.69660702573374
2026-05-15 07:00:00,1.16346,1.16485,1.16315,1.16361,2597,8,1.1661767586594165,1.1687456763764943,22.176642722217096
2026-05-15 08:00:00,1.16364,1.1638,1.16299,1.1632500000000001,2238,8,1.1658980197394722,1.1685301596558475,20.915526367119455
2026-05-15 09:00:00,1.16327,1.16331,1.1617,1.16276,2775,8,1.1655991607166651,1.16830387888503,19.306233195863342
2026-05-15 10:00:00,1.16278,1.16549,1.16269,1.16488,3054,8,1.16553066921984,1.1681696091248328,40.60089457421338
2026-05-15 11:00:00,1.16489,1.16498,1.16291,1.16314,2342,8,1.165302986436998,1.16797236955131,32.921765931234916
2026-05-15 12:00:00,1.16312,1.16319,1.16186,1.16258,2621,8,1.165043654395379,1.1677609040787096,30.896381700341976
2026-05-15 13:00:00,1.16261,1.16319,1.16185,1.1623,3398,8,1.1647823539767717,1.1675467509775836,29.905702603820245
2026-05-15 14:00:00,1.16228,1.16375,1.16212,1.16292,3618,8,1.1646049869313648,1.1673653097627765,34.88453881938135
2026-05-15 15:00:00,1.16294,1.16307,1.16202,1.1626,2688,8,1.1644140357950443,1.1671784348701186,33.559573361450646
2026-05-15 16:00:00,1.16261,1.16309,1.16227,1.16295,1836,8,1.164274603814564,1.16701261389482,36.404685817574446
2026-05-15 17:00:00,1.16296,1.16352,1.16262,1.16266,1582,8,1.1641208320227008,1.1668419231538467,35.064843868833066
2026-05-15 18:00:00,1.16267,1.1627,1.16164,1.16214,1804,8,1.163932181353872,1.1666575340105585,32.738143990355496
2026-05-15 19:00:00,1.16216,1.16229,1.16188,1.16211,1236,8,1.163758640272551,1.1664791993434778,32.60373189069388
2026-05-15 20:00:00,1.16208,1.16254,1.1619,1.16246,859,8,1.1636349602465939,1.1663215836829492,35.9097682515832
2026-05-17 21:00:00,1.16167,1.16221,1.16167,1.16217,310,48,1.1634954402231086,1.1661587764796963,34.40387637066593
2026-05-17 22:00:00,1.16227,1.16241,1.16204,1.16228,762,8,1.163379684011384,1.1660066675981395,35.508621811658244
2026-05-17 23:00:00,1.16228,1.16233,1.16115,1.16134,1132,8,1.1631854283912522,1.1658236610256636,30.743659636432184
2026-05-18 00:00:00,1.16136,1.16207,1.16079,1.16116,2133,8,1.1629925304492281,1.1656407723579905,29.91580206145187
2026-05-18 01:00:00,1.16113,1.16184,1.16078,1.1616900000000001,2097,8,1.162868479930254,1.1654858401086574,35.429257769210125
2026-05-18 02:00:00,1.1616900000000001,1.16191,1.16128,1.1615199999999999,1369,8,1.1627400532702297,1.1653303169671416,34.49195620111243
2026-05-18 03:00:00,1.1615,1.16221,1.16149,1.16214,1173,8,1.1626829053397314,1.165205206497842,40.658004050208106
2026-05-18 04:00:00,1.16214,1.16258,1.16187,1.16206,1098,8,1.1626235810216616,1.1650818650665542,40.1330784962312
2026-05-18 05:00:00,1.16205,1.1623,1.16165,1.16227,1457,8,1.1625899066386463,1.1649715958482578,42.24114462193175
2026-05-18 06:00:00,1.16226,1.16363,1.16216,1.16352,2034,8,1.1626784869587752,1.1649146705208753,52.87766362082608
2026-05-18 07:00:00,1.16353,1.16401,1.1631,1.16317,2344,8,1.162725297724606,1.1648462520690763,50.095865915057765
2026-05-18 08:00:00,1.16315,1.1645,1.16285,1.1641,2084,8,1.162856221750834,1.1648169872820537,56.62548054788116
2026-05-18 09:00:00,1.16412,1.1642299999999999,1.16346,1.16347,1574,8,1.1629146768221832,1.164764164251385,51.69134430286369
2026-05-18 10:00:00,1.16345,1.16366,1.1626,1.16267,1489,8,1.1628913742676896,1.1646820401630955,46.18759428438175
2026-05-18 11:00:00,1.16268,1.16492,1.16263,1.16414,3144,8,1.1630102910041002,1.1646607836861114,55.552443604116746
2026-05-18 12:00:00,1.16415,1.16568,1.16407,1.1651,3135,8,1.1632093109084718,1.1646780078552834,60.39929679865512
2026-05-18 13:00:00,1.16512,1.16557,1.16435,1.1651,3444,8,1.1633893765362364,1.164694556566841,60.39929679865512
2026-05-18 14:00:00,1.16511,1.16528,1.1641,1.16417,3543,8,1.1634637216280235,1.1646739857210826,53.80706646291889
2026-05-18 15:00:00,1.16415,1.16527,1.1633,1.1648,3293,8,1.1635909862348783,1.164678927457511,57.213860497875594
2026-05-18 16:00:00,1.16482,1.16558,1.16437,1.16511,2527,8,1.163735654212509,1.1646958322630987,58.82313254188742
2026-05-18 17:00:00,1.1650800000000001,1.16531,1.16476,1.16476,1556,8,1.163833210954175,1.164698348644938,56.2506924419556
2026-05-18 18:00:00,1.16479,1.16485,1.16284,1.1629,1995,8,1.163744333720444,1.164627825168666,44.990464488789065
2026-05-18 19:00:00,1.16291,1.16562,1.1629,1.16507,4020,8,1.1638705876518303,1.16464516535813,56.045377652772935
2026-05-18 20:00:00,1.16506,1.16604,1.16506,1.16532,1094,8,1.1640086269230845,1.1646716294617327,57.114657060465625
2026-05-18 21:00:00,1.16532,1.16582,1.1648,1.16582,585,20,1.1641811386446954,1.1647166636004882,59.2498192430452
2026-05-18 22:00:00,1.16589,1.16612,1.16572,1.16573,506,8,1.1643286492499625,1.164756402282822,58.68345626803894
2026-05-18 23:00:00,1.16573,1.16583,1.16543,1.16545,586,8,1.16443544455949,1.1647836021932996,56.86235997531299
2026-05-19 00:00:00,1.16545,1.16557,1.16436,1.16444,1664,8,1.1644358784109672,1.164770127597484,50.74506949897948
2026-05-19 01:00:00,1.16443,1.16522,1.16428,1.16462,1583,8,1.1644534138003988,1.16476424024072,51.74149290409234
2026-05-19 02:00:00,1.16462,1.16467,1.16404,1.16427,1486,8,1.1644359458194085,1.1647448582704956,49.63870776423908
2026-05-19 03:00:00,1.16427,1.16453,1.16402,1.16409,1091,8,1.1644029985985125,1.1647191775540058,48.54601350739784
2026-05-19 04:00:00,1.16411,1.1643,1.16352,1.16363,1017,8,1.1643293796843686,1.1646764647087506,45.772966311757834
2026-05-19 05:00:00,1.16365,1.16426,1.16334,1.16418,1396,8,1.164315153047762,1.1646569955044859,49.4881995120081
2026-05-19 06:00:00,1.16421,1.16452,1.16355,1.1636199999999999,1993,8,1.1642489479955942,1.164616329014114,46.030213436352234
2026-05-19 07:00:00,1.1636199999999999,1.16371,1.16296,1.16344,2183,8,1.1641719053293471,1.164570198464541,44.943151544728956
2026-05-19 08:00:00,1.16346,1.16358,1.1622,1.16231,2058,8,1.1639945810122665,1.1644815632306373,38.755384510314144
2026-05-19 09:00:00,1.16231,1.16231,1.16143,1.16191,2102,8,1.1637960494872888,1.1643807176137497,36.822736674606766
2026-05-19 10:00:00,1.16192,1.16263,1.16107,1.16216,2322,8,1.163640235250404,1.1642936306485046,38.87441103926435
2026-05-19 11:00:00,1.16218,1.16223,1.1616,1.16163,1878,8,1.163448784274175,1.1641891745446418,36.19110613825724
2026-05-19 12:00:00,1.16163,1.16236,1.16148,1.16165,2846,8,1.1632774714861585,1.164089599072303,36.36959441739886
2026-05-19 13:00:00,1.16164,1.16177,1.16013,1.16133,3876,8,1.1630919980112864,1.1639813795008402,34.697240878942225
2026-05-19 14:00:00,1.16134,1.16165,1.15944,1.15953,4365,8,1.1627527601054495,1.1638068155988466,27.1380476591781
2026-05-19 15:00:00,1.15954,1.16026,1.15917,1.16016,2804,8,1.1625058305715972,1.1636638032224211,32.667215905375286
2026-05-19 16:00:00,1.16016,1.1609,1.15955,1.16067,2346,8,1.1623309895647784,1.1635463991744832,36.84531633859383
2026-05-19 17:00:00,1.16065,1.1612,1.1606,1.16103,1522,8,1.1622070857967044,1.1634477168539152,39.69015426265433
2026-05-19 18:00:00,1.16103,1.16147,1.16024,1.16028,1712,8,1.162023553816066,1.1633234926635656,36.04709922276175
2026-05-19 19:00:00,1.16026,1.16076,1.16022,1.1606,1298,8,1.1618879772621549,1.1632166890297002,38.63516845905711
2026-05-19 20:00:00,1.16061,1.16067,1.16031,1.1606,617,8,1.1617653127609973,1.1631140737736336,38.63516845905711
2026-05-19 21:00:00,1.16059,1.16072,1.16017,1.16072,465,8,1.161665759164712,1.1630201885276088,39.696518552584145
2026-05-19 22:00:00,1.16072,1.16086,1.16058,1.16083,439,8,1.1615861630537871,1.162934298781428,40.70885546482696
2026-05-19 23:00:00,1.16083,1.16125,1.16059,1.16064,536,8,1.16149605228676,1.1628443262801955,39.47613966352233
2026-05-20 00:00:00,1.16062,1.16101,1.16005,1.16009,1822,8,1.161362142545164,1.1627363134848938,36.071063793349616
2026-05-20 01:00:00,1.16009,1.16023,1.15932,1.15968,2018,8,1.1612019384932435,1.1626164580541138,33.735030268941756
2026-05-20 02:00:00,1.1597,1.16025,1.1594,1.15973,1543,8,1.1610617538748393,1.1625032636206192,34.293882204485115
2026-05-20 03:00:00,1.15974,1.16051,1.15949,1.16018,1312,8,1.160977777315331,1.16241215524334,39.258918933022294
2026-05-20 04:00:00,1.16019,1.16065,1.15965,1.1596899999999999,1239,8,1.160855131856728,1.1623054040573266,36.06333118493004
2026-05-20 05:00:00,1.15967,1.16011,1.15913,1.15952,1433,8,1.1607279764418015,1.1621961725256669,34.99893153751387
2026-05-20 06:00:00,1.1595,1.16055,1.15928,1.15963,2174,8,1.160623407256868,1.1620955383089742,36.308856372487945
2026-05-20 07:00:00,1.15961,1.16012,1.15915,1.15929,1990,8,1.1604964160895472,1.1619855171988183,34.02634920193441
2026-05-20 08:00:00,1.15928,1.15948,1.15828,1.159,2310,8,1.1603539002714953,1.1618684380929822,32.168808575172676
2026-05-20 09:00:00,1.15899,1.15941,1.15878,1.15878,1504,8,1.1602040050075435,1.1617473228736497,30.795344211972107
2026-05-20 10:00:00,1.15878,1.16024,1.1587,1.16007,1578,8,1.1601912426258727,1.1616815455060556,45.49135649387838
2026-05-20 11:00:00,1.16006,1.1605,1.1596,1.16006,1688,8,1.1601787433281705,1.1616179554862103,45.41085224190971
2026-05-20 12:00:00,1.16005,1.16039,1.1593499999999999,1.15951,2014,8,1.1601150534873925,1.1615352905651826,41.10255082497685
2026-05-20 13:00:00,1.15949,1.1597,1.15886,1.15907,2325,8,1.1600155245838313,1.161438612503803,37.996790009377875
2026-05-20 14:00:00,1.15909,1.16236,1.15822,1.1617899999999999,7087,8,1.160184522242514,1.1614523924056148,58.74805487019958
2026-05-20 15:00:00,1.16178,1.1645,1.16127,1.1619,6664,8,1.1603479010765603,1.1614699456446103,59.34070543603294
2026-05-20 16:00:00,1.16189,1.16304,1.16185,1.16251,3326,8,1.160553815259745,1.1615107320899198,62.55352984701356
2026-05-20 17:00:00,1.16252,1.16266,1.16182,1.16182,2736,8,1.1606744042826265,1.1615228602432563,57.06102257173019
2026-05-20 18:00:00,1.16185,1.16353,1.16158,1.16306,2012,8,1.1609016038747573,1.161583140233717,63.297897571370655
2026-05-20 19:00:00,1.16306,1.1635,1.1627399999999999,1.16276,1425,8,1.1610785939819233,1.1616292915971007,60.98978647923054
2026-05-20 20:00:00,1.1627399999999999,1.16282,1.1623,1.16237,997,8,1.1612015850312638,1.1616583389854498,58.02748531744363
2026-05-20 21:00:00,1.16229,1.16259,1.16216,1.16239,777,20,1.1613147674092388,1.1616870315742558,58.13977084129806
2026-05-20 22:00:00,1.16245,1.16277,1.16234,1.1626,574,8,1.1614371705131208,1.1617228342576182,59.368883025145635
2026-05-20 23:00:00,1.1626,1.16272,1.16223,1.16245,535,8,1.161533630464252,1.1617513505612411,58.057572806944464
2026-05-21 00:00:00,1.16245,1.16288,1.16218,1.16283,1438,8,1.1616570942295614,1.1617936505392317,60.441346842620476
2026-05-21 01:00:00,1.16283,1.16348,1.16225,1.16258,1676,8,1.1617449900172223,1.1618244877729873,58.1017458159682
2026-05-21 02:00:00,1.16258,1.16281,1.16153,1.16172,1411,8,1.161742610015582,1.1618203902132622,50.814866383798034
2026-05-21 03:00:00,1.16172,1.16221,1.16171,1.16186,974,8,1.161753790014098,1.1618219435382322,51.87303563801516
2026-05-21 04:00:00,1.16186,1.16232,1.1618,1.16217,723,8,1.1617934290603742,1.1618355928112427,54.221588517949364
2026-05-21 05:00:00,1.16218,1.16231,1.16177,1.16215,1186,8,1.1618273881974814,1.1618479225049194,54.03837095273252
2026-05-21 06:00:00,1.16212,1.16265,1.16153,1.16198,1889,8,1.1618419226548642,1.1618531020145304,52.41704254043846
2026-05-21 07:00:00,1.16198,1.16205,1.15937,1.1607,3180,8,1.1617331681163057,1.161807882327686,42.16013444955467
2026-05-21 08:00:00,1.16068,1.16354,1.1605699999999999,1.16235,3817,8,1.1617919140099908,1.1618291418442475,54.51573343423417
2026-05-21 09:00:00,1.16233,1.16331,1.16204,1.16271,2140,8,1.161879350770944,1.1618636853013358,56.68959562035118
2026-05-21 10:00:00,1.16272,1.1630099999999999,1.15994,1.16071,3722,8,1.1617679840308541,1.161818442740499,44.08398616568205
2026-05-21 11:00:00,1.16071,1.16158,1.15957,1.15987,2390,8,1.1615872236469633,1.1617420332212636,40.05537573903337
2026-05-21 12:00:00,1.15987,1.16086,1.1593,1.1597,3314,8,1.1614074880615384,1.1616619534870962,39.273163478188
2026-05-21 13:00:00,1.15968,1.16008,1.15758,1.15944,4385,8,1.1612201082461537,1.1615748180562298,38.049336542541575
2026-05-21 14:00:00,1.15945,1.15962,1.15841,1.15927,4140,8,1.161034383651282,1.1614844330344167,37.23236854654008
2026-05-21 15:00:00,1.1592500000000001,1.15936,1.1582,1.15881,3283,8,1.1608225375892551,1.161379553307577,35.03999010039965
2026-05-21 16:00:00,1.15883,1.1596,1.15842,1.15949,2123,8,1.1606956292474213,1.1613054531778682,40.60751443706447
2026-05-21 17:00:00,1.15948,1.16297,1.15923,1.16244,5272,8,1.160861759795286,1.1613499452101086,57.58946519812505
2026-05-21 18:00:00,1.16244,1.16297,1.16068,1.16111,3821,8,1.1608854017195445,1.161340535594026,50.56915813126008
2026-05-21 19:00:00,1.16109,1.16239,1.16093,1.16208,2233,8,1.1609991729843498,1.161369534198182,54.88838680381575
2026-05-21 20:00:00,1.1621,1.16224,1.16151,1.16151,938,8,1.1610478231763164,1.1613750426609986,52.012299594988725
2026-05-21 21:00:00,1.16149,1.16187,1.16133,1.16186,600,20,1.1611251733500005,1.1613940605958613,53.61937427700285
2026-05-21 22:00:00,1.16193,1.16196,1.16149,1.1617,470,8,1.1611799187452385,1.161406058219553,52.749687960499685
2026-05-21 23:00:00,1.16171,1.16187,1.16155,1.16173,413,8,1.1612323074361681,1.1614187618187861,52.903933101043116
2026-05-22 00:00:00,1.16173,1.16174,1.16119,1.16139,1159,8,1.1612473257755807,1.161417633904324,50.87685980014668
2026-05-22 01:00:00,1.16139,1.16155,1.16096,1.16097,1137,8,1.1612209137969538,1.1614000796335664,48.40931261763665
2026-05-22 02:00:00,1.16094,1.16139,1.16094,1.16113,852,8,1.161212255340101,1.1613894882753872,49.41581612052218
2026-05-22 03:00:00,1.16112,1.16126,1.16083,1.16116,701,8,1.1612072786410437,1.161380488735176,49.61430545759138
2026-05-22 04:00:00,1.16116,1.16153,1.1611,1.16149,514,8,1.161234204484754,1.161384783294581,51.85238039021598
2026-05-22 05:00:00,1.16149,1.16167,1.16069,1.16089,919,8,1.1612014231052534,1.1613653800281267,47.70342356195514
2026-05-22 06:00:00,1.16087,1.16141,1.1605,1.16096,1912,8,1.1611784304285626,1.1613494827721218,48.22393553855306
2026-05-22 07:00:00,1.16095,1.16095,1.1601,1.1608100000000001,1743,8,1.1611433418163186,1.1613283265849799,47.14116682588293
2026-05-22 08:00:00,1.1608,1.16154,1.16029,1.16074,2221,8,1.1611049283100026,1.1613052549541965,46.615159626876085
2026-05-22 09:00:00,1.16072,1.16076,1.15958,1.16037,1541,8,1.1610349351376215,1.1612685782893262,43.83119906230705
2026-05-22 10:00:00,1.16037,1.16074,1.15947,1.15972,1335,8,1.1609097032197526,1.1612078497289604,39.38155677051871
2026-05-22 11:00:00,1.15972,1.16017,1.1593,1.1596,1672,8,1.1607849695797763,1.161144796798413,38.60242852662608
2026-05-22 12:00:00,1.1596,1.16068,1.15943,1.1604,2974,8,1.1607483058102739,1.1611155890808282,46.23866758855076
2026-05-22 13:00:00,1.16038,1.1617899999999999,1.15991,1.16035,3420,8,1.160710371923581,1.1610855659796193,45.85480317088396
2026-05-22 14:00:00,1.16034,1.16036,1.15879,1.15974,3313,8,1.1606179555499068,1.161032798686301,41.345164141238186
2026-05-22 15:00:00,1.15974,1.1605,1.15953,1.16024,2466,8,1.160581959783249,1.1610017085417403,46.03039543742106
2026-05-22 16:00:00,1.16025,1.16107,1.15991,1.16107,1934,8,1.160628439803892,1.1610043866381428,52.7741229704165
2026-05-22 17:00:00,1.16109,1.16188,1.16084,1.1613,2750,8,1.160692397917807,1.1610159793189998,54.471840000024315
2026-05-22 18:00:00,1.1613,1.1615,1.1609,1.16114,1467,8,1.1607350266875398,1.1610208428751174,53.0432992541811
2026-05-22 19:00:00,1.16113,1.16136,1.16049,1.16055,1246,8,1.1607174050982505,1.161002378448642,48.040168834810906
2026-05-22 20:00:00,1.1605699999999999,1.16064,1.15978,1.1602000000000001,916,8,1.1606681284222267,1.1609709126271268,45.309901761161356
2026-05-24 21:00:00,1.1622,1.1635,1.1622,1.16317,418,48,1.1609064019058242,1.1610571513476318,64.00466345180104
2026-05-24 22:00:00,1.16314,1.16444,1.16297,1.16426,1279,8,1.1612257922005076,1.1611827532555676,68.28893326187519
2026-05-24 23:00:00,1.16426,1.1645699999999999,1.16409,1.16414,817,8,1.1615033358004592,1.1612987237161336,67.33869027781341
2026-05-25 00:00:00,1.16412,1.16486,1.1635,1.16364,1555,8,1.1617068276289868,1.1613905384723637,63.38121384682772
2026-05-25 01:00:00,1.16364,1.16466,1.16351,1.1639,1801,8,1.161915701188131,1.1614889487283495,64.54797704104357
2026-05-25 02:00:00,1.16389,1.16421,1.16364,1.16375,886,8,1.1620903963130709,1.1615776174056691,63.29497832330611
2026-05-25 03:00:00,1.16375,1.16393,1.16356,1.1637,981,8,1.1622436919023023,1.1616608480956427,62.85696749786691
2026-05-25 04:00:00,1.1637,1.16433,1.16353,1.16416,828,8,1.1624261974354164,1.1617588540526764,65.240194635177
2026-05-25 05:00:00,1.16416,1.16449,1.16377,1.1639,939,8,1.1625665595844243,1.1618428205604148,62.787945720869025
2026-05-25 06:00:00,1.16388,1.16444,1.1637,1.16407,1474,8,1.1627097443859078,1.1619301609305948,63.747452591396915
2026-05-25 07:00:00,1.16409,1.16418,1.16293,1.1637,1990,8,1.162804054444393,1.1619995663842968,60.114330884942156
2026-05-25 08:00:00,1.16372,1.16439,1.16326,1.16434,1374,8,1.1629503349734984,1.1620913480947166,63.94237682459487
2026-05-25 09:00:00,1.16434,1.16448,1.164,1.16409,876,8,1.163058874499832,1.1621697266008062,61.46093477004266
2026-05-25 10:00:00,1.16408,1.1644,1.16408,1.16424,782,8,1.1631713626427054,1.1622509137929313,62.403684849819456
2026-05-25 11:00:00,1.16425,1.16504,1.16398,1.16437,1222,8,1.1632855185814954,1.1623340152128165,63.24290019310793
2026-05-25 12:00:00,1.16439,1.16525,1.16422,1.16477,1542,8,1.1634268977642102,1.1624295440280004,65.77441426463727
2026-05-25 13:00:00,1.16475,1.16494,1.16384,1.1638600000000001,1411,8,1.1634681455961902,1.1624856403406278,56.278295677125676
2026-05-25 14:00:00,1.16388,1.1646,1.1638,1.16416,1225,8,1.1635340364917912,1.1625513015037405,58.410073027960095
2026-05-25 15:00:00,1.16414,1.1648100000000001,1.16392,1.1642000000000001,1568,8,1.1635974615878113,1.162615956346731,58.6992251476951
2026-05-25 16:00:00,1.16418,1.16425,1.16363,1.16408,1086,8,1.1636434176270674,1.16267336982333,57.40970109719746
2026-05-25 17:00:00,1.16408,1.16437,1.16398,1.16428,501,8,1.1637040445197278,1.1627363749282975,59.02534561048645
2026-05-25 18:00:00,1.16428,1.16435,1.16412,1.1643,362,8,1.1637608021845156,1.1627976935585604,59.19205670870788
2026-05-25 19:00:00,1.16428,1.16433,1.16415,1.16419,367,8,1.1638016781669427,1.162852293811166,57.79916250270186
2026-05-25 20:00:00,1.16421,1.16433,1.1641,1.16416,339,8,1.1638358040558054,1.1629035764068065,57.402429591633506
2026-05-25 21:00:00,1.16428,1.16428,1.16339,1.16382,790,20,1.1638342989076336,1.1629395145869317,52.96522125891972
2026-05-25 22:00:00,1.16401,1.16426,1.16377,1.16404,598,8,1.163853889487859,1.1629826708776403,55.36926324693127
2026-05-25 23:00:00,1.16404,1.16427,1.16354,1.16356,619,8,1.1638259000128248,1.1630053112353798,49.432633900577194
2026-05-26 00:00:00,1.16358,1.16393,1.16334,1.16383,1413,8,1.1638262904877938,1.163037651971247,52.51667076962403
2026-05-26 01:00:00,1.16383,1.16394,1.1630099999999999,1.16334,1228,8,1.163779977108004,1.1630495087566886,46.923516725090344
2026-05-26 02:00:00,1.16334,1.16346,1.1631,1.16334,789,8,1.1637380745262893,1.1630609005701518,46.92351672509034
2026-05-26 03:00:00,1.16333,1.16367,1.16332,1.16355,550,8,1.1637201626666427,1.1630800809399497,49.591925054925454
2026-05-26 04:00:00,1.16354,1.16356,1.16291,1.16294,570,8,1.1636458614602958,1.1630745875697557,42.85251760646155
2026-05-26 05:00:00,1.16293,1.16305,1.1627,1.16276,805,8,1.1635614937021723,1.1630622508023143,41.07852055335067
2026-05-26 06:00:00,1.1627399999999999,1.16371,1.16267,1.16347,1394,8,1.1635527800162513,1.1630782409669296,49.890390819899295
2026-05-26 07:00:00,1.16348,1.164,1.16237,1.16367,2127,8,1.1635639438242273,1.1631014472035206,52.065106801665955
2026-05-26 08:00:00,1.1637,1.16418,1.16341,1.1636199999999999,1739,8,1.1635692825076343,1.1631217826073041,51.463783636071724
2026-05-26 09:00:00,1.16364,1.16439,1.16322,1.1642299999999999,1655,8,1.1636322079830976,1.1631652421129002,57.85842827078916
2026-05-26 10:00:00,1.1642299999999999,1.16451,1.16374,1.16409,1685,8,1.1636758072228026,1.1632015071280808,56.033763148023056
2026-05-26 11:00:00,1.1641,1.16444,1.16331,1.16345,1655,8,1.1636543017730119,1.1632112519465874,48.50325856355961
2026-05-26 12:00:00,1.16343,1.16363,1.16308,1.16316,1722,8,1.1636072254136776,1.1632092420663291,45.51814053841438
2026-05-26 13:00:00,1.16314,1.16328,1.1616900000000001,1.16253,2512,8,1.163504632517137,1.1631826051225516,39.78909947165634
2026-05-26 14:00:00,1.16255,1.16294,1.1621,1.16245,2617,8,1.1634041913250286,1.1631538755099025,39.11583735895034
2026-05-26 15:00:00,1.16245,1.16255,1.1616,1.16187,2370,8,1.163258077865502,1.1631035274506907,34.55120361571383
2026-05-26 16:00:00,1.1619,1.16293,1.1619,1.16237,1479,8,1.1631734990211684,1.1630747616683108,40.94869219381663
2026-05-26 17:00:00,1.16235,1.16273,1.1621,1.16237,1218,8,1.1630969753048666,1.1630471239558282,40.94869219381663
2026-05-26 18:00:00,1.16238,1.16306,1.16228,1.1629,986,8,1.163078215752022,1.163041354388933,47.28345067746363
2026-05-26 19:00:00,1.16287,1.16323,1.16271,1.16316,922,8,1.16308600472802,1.1630460071579944,50.110860216332355
2026-05-26 20:00:00,1.16313,1.1632500000000001,1.16299,1.16312,540,8,1.1630892423729706,1.163048908838073,49.669490253968995
2026-05-26 21:00:00,1.16311,1.16311,1.16253,1.16309,938,8,1.1630893145279257,1.163050520256188,49.318635059242254
2026-05-26 22:00:00,1.16309,1.16331,1.16309,1.1633,453,8,1.1631093798109804,1.1630603037755531,51.88098062513139
2026-05-26 23:00:00,1.1633,1.16395,1.1632500000000001,1.16361,448,8,1.1631570579242203,1.1630818604902373,55.46078304176154
2026-05-27 00:00:00,1.16361,1.16401,1.16357,1.16375,1209,8,1.163213528598104,1.16310806203964,57.01603165105873
2026-05-27 01:00:00,1.16377,1.1639,1.16323,1.16336,1200,8,1.1632274782554275,1.1631179419596542,51.609619437007254
2026-05-27 02:00:00,1.16338,1.16381,1.16336,1.1638,1078,8,1.163282004135863,1.1631446893337856,56.6086736548505
2026-05-27 03:00:00,1.16379,1.16422,1.16365,1.16383,780,8,1.1633341942181616,1.1631715642618723,56.93533902969248
2026-05-27 04:00:00,1.16381,1.1642000000000001,1.16378,1.16409,604,8,1.163406175721194,1.163207581349642,59.7626058830251
2026-05-27 05:00:00,1.1641,1.16441,1.16384,1.16392,981,8,1.1634551113667946,1.1632355193359307,57.1219660359463
2026-05-27 06:00:00,1.16393,1.1649,1.16369,1.16453,1718,8,1.163557481712814,1.1632862832835411,63.375394655179214
2026-05-27 07:00:00,1.16455,1.1648399999999999,1.16399,1.16404,1778,8,1.163603435835403,1.1633158408018336,56.27547504949863
2026-05-27 08:00:00,1.16406,1.16467,1.1638,1.16446,1642,8,1.1636850133748884,1.163360709789997,60.37334406195449
2026-05-27 09:00:00,1.16444,1.16483,1.16422,1.16445,1326,8,1.1637578692439468,1.1634034270531344,60.22860984873685
2026-05-27 10:00:00,1.16444,1.16444,1.16356,1.1638600000000001,1515,8,1.1637675959826186,1.16342133187458,52.267169437531585
2026-05-27 11:00:00,1.16387,1.16416,1.16326,1.16373,1775,8,1.1637640154128452,1.1634334365069494,50.67759514186402
2026-05-27 12:00:00,1.16375,1.16614,1.16343,1.16436,5554,8,1.1638207758497172,1.1634697723302063,57.43374364367166
2026-05-27 13:00:00,1.16436,1.16476,1.16373,1.16412,3663,8,1.1638492733878394,1.163495271454512,54.377889198953625
2026-05-27 14:00:00,1.16412,1.16519,1.16246,1.16253,4698,8,1.1637236283032835,1.1634574176719823,39.41544511955292
2026-05-27 15:00:00,1.16251,1.16358,1.16221,1.1629800000000001,2891,8,1.1636528065601135,1.163438695410336,44.103223094177366
2026-05-27 16:00:00,1.163,1.16324,1.16238,1.1632,1700,8,1.163609682125817,1.1634293348060092,46.29121296676797
2026-05-27 17:00:00,1.16322,1.16327,1.16218,1.16268,1632,8,1.1635211409709774,1.1633999491273421,42.096784332083125
2026-05-27 18:00:00,1.16266,1.1629800000000001,1.16223,1.16289,1202,8,1.1634610323070749,1.1633799511223484,44.29207419418688
2026-05-27 19:00:00,1.16289,1.16315,1.16265,1.16287,967,8,1.163404743515925,1.163359953039119,44.12051061300456
2026-05-27 20:00:00,1.16284,1.16303,1.16253,1.16257,626,8,1.163325244133456,1.1633289744885653,41.522400914264736
2026-05-27 21:00:00,1.16255,1.1628,1.16229,1.1626400000000001,634,8,1.1632599827874126,1.1633019558811706,42.37508608952199
2026-05-27 22:00:00,1.16287,1.16299,1.16255,1.16255,517,8,1.1631923653790877,1.1632724674152424,41.536479981831704
2026-05-27 23:00:00,1.16255,1.16285,1.16157,1.16171,829,8,1.1630511877239365,1.1632111941832721,34.64504031141989
2026-05-28 00:00:00,1.16171,1.16232,1.16162,1.1620300000000001,1378,8,1.1629539317502282,1.1631648728427517,38.81004755007278
2026-05-28 01:00:00,1.16204,1.16208,1.1609099999999999,1.16098,1296,8,1.1627659382502065,1.1630791915548007,31.676595955250264
2026-05-28 02:00:00,1.16097,1.16148,1.16093,1.16123,943,8,1.1626196584168536,1.1630066742389262,34.75170218509646
2026-05-28 03:00:00,1.16123,1.16133,1.15866,1.15866,1955,8,1.162242548091439,1.1628362164256352,23.1944870483847
2026-05-28 04:00:00,1.15866,1.15923,1.15859,1.15916,1399,8,1.1619489720827305,1.1626920510756102,28.19757128142693
2026-05-28 05:00:00,1.15917,1.16016,1.15886,1.15987,1412,8,1.161750974741518,1.1625813824059785,34.702124892177196
2026-05-28 06:00:00,1.1598600000000001,1.16117,1.1598,1.16097,1658,8,1.1616765961947066,1.1625181909390774,43.27577839417354
2026-05-28 07:00:00,1.16098,1.16173,1.16097,1.16112,1775,8,1.161623587033306,1.1624633599218586,44.34883927611292
2026-05-28 08:00:00,1.16115,1.16165,1.16063,1.16151,1625,8,1.1616127692206102,1.1624259732582565,47.14829039995302
2026-05-28 09:00:00,1.16151,1.16188,1.16126,1.16127,1379,8,1.161580124532933,1.1623806409736188,45.627204157093885
2026-05-28 10:00:00,1.16125,1.16153,1.16035,1.16035,1782,8,1.1614629698155106,1.1623010079942613,40.264634801552965
2026-05-28 11:00:00,1.16034,1.16223,1.16032,1.16168,1802,8,1.1614836393568906,1.1622766547395842,49.504223090073204
2026-05-28 12:00:00,1.16168,1.1638,1.1615199999999999,1.16361,2767,8,1.1616861498943296,1.1623289427890122,59.333986197935516
2026-05-28 13:00:00,1.1636,1.16427,1.16288,1.16302,2693,8,1.1618131832377268,1.162356043071796,55.76048507928763
2026-05-28 14:00:00,1.16302,1.16575,1.16265,1.16473,7294,8,1.1620909753103241,1.1624491394219219,62.760826362115445
2026-05-28 15:00:00,1.16475,1.16565,1.16471,1.16477,2796,8,1.1623461205188645,1.1625401535622388,62.9086792186967
2026-05-28 16:00:00,1.16477,1.1661,1.16452,1.16565,2324,8,1.1626607757075442,1.1626621083245041,66.09775947945587
2026-05-28 17:00:00,1.16567,1.16571,1.16506,1.16531,1401,8,1.162913082783016,1.1627659472137393,63.81481376073537
2026-05-28 18:00:00,1.16531,1.1655,1.16464,1.16477,1701,8,1.1630899320417765,1.162844537519083,60.25519977947798
2026-05-28 19:00:00,1.16475,1.16511,1.16461,1.16476,1113,8,1.163248986133036,1.1629196536948052,60.188244627713566
2026-05-28 20:00:00,1.16473,1.16494,1.16446,1.16489,666,8,1.163405273167985,1.162996922177362,60.79809691141252
2026-05-28 21:00:00,1.16486,1.16511,1.16467,1.1651,780,8,1.163566675723415,1.1630793958174654,61.81565520045726
2026-05-28 22:00:00,1.1651,1.1651799999999999,1.16496,1.16498,416,8,1.163701278035471,1.1631539293148196,60.84377015979832
2026-05-28 23:00:00,1.16498,1.16528,1.16497,1.16521,488,8,1.1638449658416168,1.163234559537768,62.074544681910595
2026-05-29 00:00:00,1.16521,1.16554,1.16472,1.16482,1081,8,1.1639378262376532,1.1632967336735418,58.704978314321295
2026-05-29 01:00:00,1.16483,1.16562,1.16431,1.16444,1468,8,1.1639856523102576,1.1633415676471284,55.541383613196636
2026-05-29 02:00:00,1.16444,1.1649,1.16432,1.16444,858,8,1.1640289235188046,1.1633846434256723,55.54138361319664
2026-05-29 03:00:00,1.16444,1.16449,1.16355,1.16369,1001,8,1.1639966450884422,1.1633966181932929,49.44246227709743
2026-05-29 04:00:00,1.16367,1.1639,1.1634,1.16389,890,8,1.1639864884133526,1.1634159664994383,50.98804336046983
2026-05-29 05:00:00,1.16391,1.16431,1.16378,1.16417,829,8,1.1640039657073191,1.1634455364406369,53.1475326997135
2026-05-29 06:00:00,1.16419,1.1654,1.16419,1.16533,1573,8,1.1641302546875745,1.1635194369723767,60.84460068288211
2026-05-29 07:00:00,1.16531,1.16531,1.16376,1.16418,1849,8,1.1641349923363769,1.1635453414048327,51.76523371217935
2026-05-29 08:00:00,1.16416,1.16416,1.16247,1.16278,2101,8,1.164005945447198,1.163515328016408,43.29515082673175
2026-05-29 09:00:00,1.16279,1.16425,1.16263,1.1641,1713,8,1.1640149030236553,1.1635382563294898,51.373985731286645
2026-05-29 10:00:00,1.16412,1.16449,1.16375,1.16426,1428,8,1.1640382455928309,1.163566560002843,52.2618063969355
2026-05-29 11:00:00,1.1642299999999999,1.16479,1.16395,1.16472,1722,8,1.1641031745839898,1.163611792943908,54.816055505861755
2026-05-29 12:00:00,1.16473,1.16486,1.16407,1.16486,1865,8,1.1641752531950385,1.1636607422402254,55.59478413629628
2026-05-29 13:00:00,1.16488,1.16529,1.16445,1.1647,2264,8,1.1642252290812252,1.163701497446491,54.44001057574294
2026-05-29 14:00:00,1.16469,1.1674,1.16402,1.16681,4179,8,1.1644713977401562,1.1638233995074128,64.81831813259234
2026-05-29 15:00:00,1.1668,1.16854,1.16669,1.16776,3966,8,1.1647845979553793,1.1639777759973182,68.31765733629383
2026-05-29 16:00:00,1.16776,1.16788,1.16663,1.16718,2154,8,1.1650127314834382,1.1641033534091882,64.12412524843599
2026-05-29 17:00:00,1.16717,1.16729,1.16618,1.16621,1502,8,1.165126757056444,1.1641859670009849,57.740651076579894
2026-05-29 18:00:00,1.1662,1.16682,1.1660300000000001,1.16639,1547,8,1.1652470659082113,1.164272399667613,58.56495789183783
2026-05-29 19:00:00,1.1663999999999999,1.1669,1.16634,1.16645,1305,8,1.16536163105981,1.1643577957590792,58.85307358710415
2026-05-29 20:00:00,1.16647,1.16647,1.16584,1.16601,831,8,1.1654233804826852,1.1644225880822525,55.789437176139515
2026-05-31 21:00:00,1.16535,1.16594,1.16516,1.16594,240,20,1.165472582341477,1.164482094431968,55.29627023159365
2026-05-31 22:00:00,1.16602,1.1660300000000001,1.16512,1.1654,772,8,1.1654656697375267,1.1645180907287536,51.51322833934425
2026-05-31 23:00:00,1.1654,1.16555,1.1648100000000001,1.16483,974,8,1.1654051297625243,1.1645303224648809,47.79613179711415
2026-06-01 00:00:00,1.16483,1.16533,1.16445,1.16475,1501,8,1.1653427364518079,1.1645389372701798,47.280467985791944
2026-06-01 01:00:00,1.16472,1.16478,1.16417,1.16445,1116,8,1.1652577139325881,1.1645354495340943,45.30645529548674
2026-06-01 02:00:00,1.16446,1.16467,1.16432,1.16461,661,8,1.1651960268913892,1.1645383730817769,46.58729896298356
2026-06-01 03:00:00,1.16463,1.16486,1.16413,1.16434,947,8,1.1651145005207808,1.1645305937452366,44.68553975618511
2026-06-01 04:00:00,1.16434,1.1648100000000001,1.1643,1.16479,595,8,1.165083595709278,1.164540766539541,48.461708930500464
2026-06-01 05:00:00,1.1648100000000001,1.1653,1.16475,1.16509,877,8,1.1650842056417277,1.1645623051066178,50.869703870003256
2026-06-01 06:00:00,1.1651,1.16643,1.16497,1.16642,1949,8,1.1652114241520393,1.1646351558867505,59.83033897797827
2026-06-01 07:00:00,1.1663999999999999,1.16644,1.16515,1.16563,1848,8,1.1652512885185116,1.1646741693813878,53.579372532812435
2026-06-01 08:00:00,1.16565,1.16599,1.1653,1.16573,1513,8,1.1652968800881771,1.1647155745036863,54.231229841250865
2026-06-01 09:00:00,1.16574,1.16602,1.16478,1.16505,1539,8,1.1652733676988267,1.164728689229032,49.17444373068133
2026-06-01 10:00:00,1.16507,1.1650800000000001,1.1645699999999999,1.16473,1173,8,1.1652216183941766,1.1647287406318152,46.95554361446995
2026-06-01 11:00:00,1.16473,1.1648,1.16412,1.16459,1398,8,1.1651614642613979,1.1647232998227244,45.97805516368172
2026-06-01 12:00:00,1.16459,1.16503,1.1644700000000001,1.16469,1805,8,1.1651165629031695,1.1647219939473235,46.82949158301963
2026-06-01 13:00:00,1.16468,1.16478,1.16096,1.16097,5148,8,1.1647216521504866,1.1645748569297814,28.704965484796915
2026-06-01 14:00:00,1.16094,1.1618,1.16064,1.16171,3777,8,1.1644348281361545,1.1644625095992016,34.16363178608738
2026-06-01 15:00:00,1.16173,1.16284,1.16149,1.16226,3140,8,1.164227701646997,1.1643761366737426,37.965327962060194
2026-06-01 16:00:00,1.16228,1.16302,1.16161,1.16294,2082,8,1.1641050633949022,1.164319817588498,42.39434703749764
2026-06-01 17:00:00,1.16294,1.16377,1.16246,1.16342,2295,8,1.1640398192620542,1.164284530624243,45.35987324488804
2026-06-01 18:00:00,1.16342,1.1635,1.16304,1.16306,998,8,1.1639465031418585,1.1642365098154492,43.549109108253326
2026-06-01 19:00:00,1.16304,1.16333,1.1626400000000001,1.16314,1113,8,1.1638696933188244,1.1641935094305296,44.08330886497192
2026-06-01 20:00:00,1.16312,1.16336,1.16293,1.16308,611,8,1.1637944844313173,1.1641498423940384,43.7489243083486
2026-06-01 21:00:00,1.16309,1.16342,1.16287,1.16334,452,20,1.1637512001997632,1.1641180838687821,45.672026287875894
2026-06-01 22:00:00,1.16339,1.16344,1.16316,1.16334,362,8,1.1637120382759762,1.1640875707758889,45.672026287875894
2026-06-01 23:00:00,1.16334,1.1635900000000001,1.16324,1.16349,425,8,1.1636908917735023,1.1640641366278148,46.88698006727161
2026-06-02 00:00:00,1.16349,1.16351,1.16291,1.16308,1134,8,1.1636327116045975,1.1640255430345674,43.99111388792233
2026-06-02 01:00:00,1.16309,1.16365,1.16282,1.16302,1161,8,1.1635743581184452,1.1639861099743882,43.56704500239195
2026-06-02 02:00:00,1.1630099999999999,1.16341,1.16297,1.16307,710,8,1.1635263240119265,1.1639501840930397,44.05106876378315
2026-06-02 03:00:00,1.16307,1.1635,1.16304,1.16337,700,8,1.1635114360107905,1.1639274317756658,46.988962788383425
2026-06-02 04:00:00,1.16337,1.16383,1.16336,1.16373,601,8,1.1635322516288105,1.1639196893530908,50.35766383634883
2026-06-02 05:00:00,1.16373,1.16394,1.16357,1.16368,745,8,1.1635463229022571,1.1639102897706166,49.88352504051256
2026-06-02 06:00:00,1.16368,1.1651799999999999,1.16366,1.16503,1791,8,1.1636876254829946,1.1639541999756906,60.655053333219
2026-06-02 07:00:00,1.16501,1.16505,1.16444,1.16483,1589,8,1.163796423056043,1.1639885450746832,58.64409975870698
2026-06-02 08:00:00,1.16485,1.16523,1.16417,1.16436,1499,8,1.1638500970507055,1.1640031119344996,54.10446697201398
2026-06-02 09:00:00,1.16431,1.16445,1.16399,1.16429,1338,8,1.163891992569686,1.1640143624468722,53.440944870218544
2026-06-02 10:00:00,1.16431,1.16459,1.1638,1.16434,1093,8,1.1639346599440017,1.1640271325469949,53.876061123856246
2026-06-02 11:00:00,1.16435,1.16525,1.16432,1.16489,1190,8,1.1640256447112396,1.1640609704863285,58.47338450460841
2026-06-02 12:00:00,1.16492,1.16554,1.16469,1.16499,1747,8,1.164117488072074,1.1640974030162763,59.2683219626662
2026-06-02 13:00:00,1.16501,1.16521,1.16393,1.16432,2182,8,1.1641367749223528,1.1641061323097557,52.07549928811317
2026-06-02 14:00:00,1.1643,1.16496,1.1635900000000001,1.16431,2452,8,1.1641532725487953,1.164114127121138,51.974114289383586
2026-06-02 15:00:00,1.16431,1.1645,1.16351,1.16401,1989,8,1.1641396275441482,1.1641100437046228,48.89843428685471
2026-06-02 16:00:00,1.16401,1.16408,1.1626400000000001,1.16282,1339,8,1.1640139487304197,1.1640594537554219,39.0315462836344
2026-06-02 17:00:00,1.16282,1.16296,1.16197,1.1621299999999999,1174,8,1.1638345250418083,1.163983788902268,34.66388194378898
2026-06-02 18:00:00,1.16215,1.16296,1.1613,1.16281,1472,8,1.163736951228303,1.1639377579649242,41.599634187168604
2026-06-02 19:00:00,1.16283,1.1632500000000001,1.16283,1.1632,835,8,1.1636858130160836,1.1639088262800252,45.19311818635169
2026-06-02 20:00:00,1.16319,1.16345,1.16282,1.16282,566,8,1.1636033546335995,1.1638661272102202,42.452152868632204
2026-06-02 21:00:00,1.1629800000000001,1.16319,1.16271,1.16294,523,20,1.1635401780018282,1.163829808496094,43.61514305141048
2026-06-02 22:00:00,1.16294,1.1630099999999999,1.1626,1.1626400000000001,529,8,1.1634544467635588,1.1637831493393846,41.36453530555868
2026-06-02 23:00:00,1.16266,1.16271,1.16193,1.1621,894,8,1.163325451833696,1.1637171434829383,37.60318070592774
2026-06-03 00:00:00,1.16209,1.16302,1.162,1.16285,1007,8,1.1632801707066773,1.1636831378561563,45.073667721584506
2026-06-03 01:00:00,1.16285,1.1633,1.16257,1.16293,1211,8,1.1632468211155653,1.1636536030382678,45.81882557819368
2026-06-03 02:00:00,1.16295,1.16317,1.16246,1.16277,801,8,1.1632014095807497,1.1636189519387279,44.518003081180325
2026-06-03 03:00:00,1.16279,1.16293,1.16258,1.16272,642,8,1.1631555610492497,1.163583698921523,44.09668054532144
2026-06-03 04:00:00,1.16272,1.16278,1.1623999999999999,1.16253,561,8,1.163095983806464,1.1635423773951887,42.45249613747268
2026-06-03 05:00:00,1.16253,1.16269,1.16182,1.16182,850,8,1.1629744615391817,1.1634748331836129,36.91363062557595
2026-06-03 06:00:00,1.16183,1.1622,1.1612,1.16162,1952,8,1.1628454652021167,1.1634020946273929,35.50822128018817
2026-06-03 07:00:00,1.16161,1.1623999999999999,1.16124,1.16159,2145,8,1.1627258970876293,1.1633310320929853,35.29117212481003
2026-06-03 08:00:00,1.16156,1.16167,1.16048,1.16077,1866,8,1.1625396211745218,1.163230599461888,29.90951699867591
2026-06-03 09:00:00,1.16078,1.16155,1.16077,1.16132,1531,8,1.1624234667769482,1.1631556739927942,36.86393530154372
2026-06-03 10:00:00,1.16132,1.16224,1.16123,1.16158,2046,8,1.162343136607715,1.163093882855822,39.899737476246464
2026-06-03 11:00:00,1.16159,1.16223,1.16151,1.16174,1308,8,1.1622856950260279,1.1630407894104957,41.7557476480644
2026-06-03 12:00:00,1.16177,1.16182,1.15963,1.16002,2157,8,1.1620699145473585,1.1629223270806723,30.758905176947877
2026-06-03 13:00:00,1.16002,1.16059,1.1596899999999999,1.16026,2673,8,1.1618975417333244,1.1628179220971164,33.39479578110492
2026-06-03 14:00:00,1.16025,1.1611799999999999,1.15943,1.1611799999999999,3498,8,1.1618292044253888,1.1627536898580138,42.44048838418121
2026-06-03 15:00:00,1.16119,1.16127,1.16022,1.16043,2692,8,1.161695946861066,1.1626625647655426,37.91930475523184
2026-06-03 16:00:00,1.16045,1.16046,1.15948,1.15997,1874,8,1.161531570969536,1.1625569739904233,35.42653749189101
2026-06-03 17:00:00,1.15999,1.16032,1.15964,1.15982,1149,8,1.1613685642105327,1.1624496416770735,34.627152020313574
2026-06-03 18:00:00,1.15982,1.15994,1.15949,1.1598,1020,8,1.1612191771428628,1.1623457341603256,34.51532084781678
2026-06-03 19:00:00,1.1598,1.16007,1.15968,1.15977,922,8,1.1610811602721138,1.1622447249775678,34.336188453405555
2026-06-03 20:00:00,1.15979,1.16001,1.15965,1.15965,610,8,1.1609448592938172,1.162142971056879,33.5853326445111
2026-06-03 21:00:00,1.15967,1.15992,1.1595900000000001,1.15978,460,20,1.1608339203134537,1.1620503055252367,35.23757723281118
2026-06-03 22:00:00,1.15983,1.16117,1.15942,1.16051,873,8,1.1608030707597914,1.1619899013869923,43.70657808304824
2026-06-03 23:00:00,1.16054,1.16104,1.16012,1.16086,926,8,1.1608084925921922,1.161945591528679,47.267153366929165
2026-06-04 00:00:00,1.16088,1.16124,1.16052,1.16063,1419,8,1.1607914932976977,1.161893999704025,45.2420407231431
2026-06-04 01:00:00,1.16063,1.16097,1.16036,1.16092,1314,8,1.1608037320312503,1.1618558036372004,48.25250785352453
2026-06-04 02:00:00,1.16092,1.16107,1.1605699999999999,1.16096,885,8,1.1608186146949409,1.1618206740828005,48.67167803299542
2026-06-04 03:00:00,1.16096,1.16096,1.16022,1.16056,808,8,1.160793984723994,1.161771235883475,44.76651606124257
2026-06-04 04:00:00,1.16055,1.16127,1.16035,1.16095,875,8,1.160808843321709,1.1617390305547115,49.05818711919049
2026-06-04 05:00:00,1.16095,1.16101,1.16049,1.16094,962,8,1.1608213344339273,1.1617076960231543,48.953154366584954
2026-06-04 06:00:00,1.16095,1.16145,1.16069,1.16103,1702,8,1.1608412073449819,1.1616811197085208,49.990896649595456
2026-06-04 07:00:00,1.16104,1.16122,1.15983,1.16036,1798,8,1.1607953780740312,1.1616293110925004,42.98512784436461
2026-06-04 08:00:00,1.16036,1.16138,1.16031,1.16127,1855,8,1.1608405801622188,1.1616152204614218,52.68405441670724
2026-06-04 09:00:00,1.16127,1.16279,1.16127,1.16253,1987,8,1.1610014772896267,1.1616510941688172,62.25770649319355
2026-06-04 10:00:00,1.16251,1.16341,1.16249,1.163,1754,8,1.1611918127858527,1.1617039924367067,65.09479150501588
2026-06-04 11:00:00,1.1630099999999999,1.1645,1.16299,1.16414,2271,8,1.1614725925205334,1.1617995221450712,70.82363460236199
2026-06-04 12:00:00,1.16412,1.16448,1.16342,1.16365,2361,8,1.1616799646614349,1.1618720899040882,65.82294484561004
2026-06-04 13:00:00,1.16364,1.16394,1.1633499999999999,1.16355,2262,8,1.1618580632651079,1.1619378903000062,64.81710249508728
2026-06-04 14:00:00,1.16356,1.16395,1.16288,1.16303,1747,8,1.1619696762874785,1.1619807181313786,59.70769065265319
2026-06-04 15:00:00,1.16303,1.16313,1.1622,1.16278,1772,8,1.1620468499743852,1.1620120625183834,57.366374561424365
2026-06-04 16:00:00,1.16278,1.16295,1.16229,1.16231,1071,8,1.1620719118815868,1.162023746341192,53.14697314895624
2026-06-04 17:00:00,1.16231,1.16238,1.16193,1.16204,821,8,1.162068872654769,1.1620243837395767,50.83385877511006
2026-06-04 18:00:00,1.16204,1.16222,1.1613,1.16147,868,8,1.1620118371638386,1.1620026432007697,46.25676698223906
2026-06-04 19:00:00,1.16148,1.1616,1.16102,1.16123,761,8,1.1619373764815684,1.1619723434674063,44.44227964656545
2026-06-04 20:00:00,1.16124,1.16134,1.16078,1.16082,564,8,1.1618309596738,1.1619271535275082,41.45091031396662
2026-06-04 21:00:00,1.16087,1.16132,1.16074,1.16128,706,20,1.161778487323914,1.161901774957802,45.85438644729323
2026-06-04 22:00:00,1.16135,1.16138,1.16105,1.1611799999999999,352,8,1.1617214885311604,1.161873470057496,45.06096696834152
2026-06-04 23:00:00,1.1611799999999999,1.16136,1.16116,1.1612,320,8,1.1616718229567642,1.161847059467006,45.264953803384614
2026-06-05 00:00:00,1.1611799999999999,1.16139,1.16106,1.16124,1056,8,1.1616306969608818,1.161823253213398,45.69920596384612
2026-06-05 01:00:00,1.16126,1.16147,1.16095,1.16134,1298,8,1.161603011536036,1.1618043021069904,46.834814182595004
2026-06-05 02:00:00,1.16135,1.16163,1.16122,1.16137,883,8,1.1615808199611757,1.1617872706518144,47.19161934968315
2026-06-05 03:00:00,1.16135,1.16153,1.16131,1.16145,678,8,1.1615683609172542,1.1617740443517433,48.19016838250737
2026-06-05 04:00:00,1.16145,1.16168,1.16133,1.16158,680,8,1.1615694694013252,1.161766434769322,49.849672622062435
2026-06-05 05:00:00,1.16158,1.16189,1.16145,1.16151,770,8,1.161563805648818,1.1617563785038585,48.94064877050064
2026-06-05 06:00:00,1.16149,1.16223,1.16125,1.1622,1447,8,1.1616243955870258,1.161773775425276,57.22148837271815
2026-06-05 07:00:00,1.16221,1.16367,1.16211,1.16317,1600,8,1.161771596007309,1.1618285293301671,65.65439946526334
2026-06-05 08:00:00,1.16315,1.1639599999999999,1.16315,1.16361,1574,8,1.161946682101851,1.1618983909250626,68.67129276949692
2026-06-05 09:00:00,1.16361,1.1644,1.16343,1.16382,1570,8,1.162125093330246,1.1619737481436876,70.02462600870032
2026-06-05 10:00:00,1.16381,1.16438,1.1638,1.16398,1005,8,1.1623017511083178,1.1620524246870723,71.05071604819489
2026-06-05 11:00:00,1.1639599999999999,1.16417,1.16342,1.1641,1569,8,1.1624730129075256,1.1621327217581674,71.82957742846926
2026-06-05 12:00:00,1.16412,1.16426,1.1586,1.1586,4789,8,1.1621041545353803,1.161994183650004,30.85501872266788
2026-06-05 13:00:00,1.15862,1.15993,1.15712,1.15716,6564,8,1.1616332826748679,1.1618046078205921,26.579894723427344
2026-06-05 14:00:00,1.15714,1.15802,1.15492,1.15588,4703,8,1.161085350991547,1.1615722702590003,23.46732777279533
2026-06-05 15:00:00,1.15588,1.15598,1.15313,1.15323,3245,8,1.1603372223256854,1.1612451224057063,18.608802558192863
2026-06-05 16:00:00,1.15324,1.15327,1.15221,1.15319,2794,8,1.159656534485144,1.1609292352525413,18.546386128920815
2026-06-05 17:00:00,1.15321,1.15327,1.15189,1.15239,2081,8,1.158964483581797,1.1605943632818534,17.296814117335572
2026-06-05 18:00:00,1.1524,1.15287,1.1519,1.15227,2206,8,1.158326913716864,1.1602679176629573,17.110587032985322
2026-06-05 19:00:00,1.15226,1.15269,1.15181,1.1525,1677,8,1.157771969553353,1.1599632934408806,18.912614054661304
2026-06-05 20:00:00,1.1525,1.15256,1.15166,1.15221,1196,8,1.1572422581673194,1.1596592427177088,18.370321262959536
2026-06-07 21:00:00,1.15119,1.15134,1.15068,1.15102,244,20,1.1566496621513842,1.159320448885642,16.30437055394728
2026-06-07 22:00:00,1.15109,1.15186,1.15084,1.1513,1601,8,1.156140170517919,1.159005921478362,18.62335968585724
2026-06-07 23:00:00,1.15128,1.15226,1.15128,1.15215,1028,8,1.1557601542781173,1.1587370618125439,25.382367900330664
2026-06-08 00:00:00,1.15215,1.15332,1.15204,1.15329,1459,8,1.155524901489725,1.1585234515453855,33.37502015661818
2026-06-08 01:00:00,1.15327,1.15343,1.15115,1.1526,3095,8,1.1552463394430847,1.1582911593279193,31.19686256814927
2026-06-08 02:00:00,1.1526,1.15311,1.15201,1.15283,1744,8,1.1550162118770768,1.1580769962170205,32.771868629736204
2026-06-08 03:00:00,1.15282,1.1532,1.15257,1.15318,1001,8,1.1548413345554505,1.1578849571496863,35.2027051587022
2026-06-08 04:00:00,1.15318,1.15335,1.15294,1.1531,970,8,1.1546754931692171,1.1576973117712672,34.89214977107736
2026-06-08 05:00:00,1.1531,1.15394,1.15175,1.15188,2033,8,1.1544092557245298,1.1574691818978842,30.476606327952695
2026-06-08 06:00:00,1.1519,1.15244,1.15133,1.1515,2632,8,1.154132183750765,1.1572350963332612,29.235592054404194
2026-06-08 07:00:00,1.15152,1.15266,1.1514,1.15163,3007,8,1.1538938805364065,1.1570152886339176,30.281521788213468
2026-06-08 08:00:00,1.15163,1.1522999999999999,1.15074,1.15078,2839,8,1.1535973204853203,1.1567707675110188,27.427042666793454
2026-06-08 09:00:00,1.15078,1.1514,1.14992,1.1512,2923,8,1.153369004248623,1.1565523060399985,30.89347918297274
2026-06-08 10:00:00,1.15121,1.1531500000000001,1.15096,1.15241,3028,8,1.153277670510659,1.156389862665881,39.81282768785535
2026-06-08 11:00:00,1.15242,1.15434,1.15229,1.1536,3161,8,1.153308368557263,1.156280456286827,47.050841996806504
2026-06-08 12:00:00,1.1536,1.15433,1.15347,1.15416,2747,8,1.153389476313714,1.156197301138324,50.092478086055635
2026-06-08 13:00:00,1.15418,1.15543,1.1541,1.1541,3568,8,1.1534571452362175,1.1561150540348604,49.76264097208812
2026-06-08 14:00:00,1.15411,1.15442,1.1531500000000001,1.15424,3160,8,1.1535317028327683,1.1560415225040817,50.58033026747302
2026-06-08 15:00:00,1.15426,1.15475,1.15362,1.1543700000000001,2642,8,1.1536115406582188,1.155975972601961,51.371827607087816
2026-06-08 16:00:00,1.15436,1.15458,1.15388,1.15388,1733,8,1.153637108214579,1.1558937775979625,48.23595837823175
2026-06-08 17:00:00,1.1538599999999999,1.15411,1.1535199999999999,1.15377,1652,8,1.1536497645750954,1.155810492201964,47.534466193778385
2026-06-08 18:00:00,1.15377,1.15418,1.15272,1.1528100000000001,1510,8,1.153569786996515,1.1556928258411028,41.818569986155396
2026-06-08 19:00:00,1.1528,1.15339,1.15277,1.15305,1467,8,1.1535202834730371,1.15558918561204,43.64308571217134
2026-06-08 20:00:00,1.15305,1.15336,1.153,1.15316,725,8,1.1534859707613192,1.1554939234311756,44.502110730709894
2026-06-08 21:00:00,1.1531500000000001,1.15357,1.15282,1.15356,657,20,1.153493021165003,1.1554180832966199,47.628245653497515
2026-06-08 22:00:00,1.15363,1.15363,1.15321,1.15334,424,8,1.153478447720717,1.1553365898340073,46.09048103029748
2026-06-08 23:00:00,1.15334,1.15339,1.15277,1.15279,501,8,1.1534128812711248,1.155236723566007,42.404431099981366
2026-06-09 00:00:00,1.15277,1.15314,1.15267,1.15309,1413,8,1.1533821306738747,1.1551525383281245,44.988742220678624
2026-06-09 01:00:00,1.1531,1.15393,1.153,1.15392,1392,8,1.153433356323982,1.1551042034917274,51.475903600414334
2026-06-09 02:00:00,1.15394,1.154,1.15363,1.15373,1020,8,1.1534616081026505,1.1550503131587184,50.02171122319666
2026-06-09 03:00:00,1.15373,1.15398,1.15346,1.15377,952,8,1.153490978759541,1.155000104799553,50.33977749599698
2026-06-09 04:00:00,1.15377,1.15477,1.15367,1.15451,855,8,1.1535880284014897,1.1549808850034922,55.92779124346043
2026-06-09 05:00:00,1.1545,1.15472,1.15393,1.15442,1489,8,1.1536672637918242,1.1549588895131593,55.11548846523437
2026-06-09 06:00:00,1.15444,1.15531,1.15429,1.15436,1998,8,1.1537332386687933,1.1549354036498982,54.54669819076766
2026-06-09 07:00:00,1.15438,1.15464,1.15371,1.15388,2022,8,1.153747215938432,1.1548940152714708,50.09291118994698
2026-06-09 08:00:00,1.15387,1.15522,1.15361,1.15504,2029,8,1.1538703382300102,1.1548997401627856,58.839572138904174
2026-06-09 09:00:00,1.15505,1.15633,1.1549800000000001,1.1561,1497,8,1.1540826869700092,1.1549468091760098,64.89424796090799
2026-06-09 10:00:00,1.15608,1.15688,1.15597,1.15648,1302,8,1.154311002496675,1.1550069343063623,66.78077455335338
2026-06-09 11:00:00,1.15649,1.15739,1.15649,1.15721,1337,8,1.1545870974969916,1.155093329039446,70.10442614380669
2026-06-09 12:00:00,1.15723,1.15746,1.15688,1.15731,1601,8,1.1548464215448973,1.155180257312409,70.53926800516824
2026-06-09 13:00:00,1.15734,1.15775,1.15632,1.15658,2781,8,1.155011524254907,1.1552351491825106,63.300881740398616
2026-06-09 14:00:00,1.15659,1.15729,1.1558,1.15622,3646,8,1.1551266171830112,1.1552737707831966,60.029438345576466
2026-06-09 15:00:00,1.15622,1.1567,1.15454,1.15549,3377,8,1.1551612250703436,1.1552822503603262,53.94165786874109
2026-06-09 16:00:00,1.15545,1.1557,1.15282,1.15404,4917,8,1.1550544417303108,1.1552335346599212,44.32592597349212
2026-06-09 17:00:00,1.15405,1.15527,1.15397,1.15479,2979,8,1.1550292568036145,1.155216141143846,49.354837226754285
2026-06-09 18:00:00,1.1548,1.15528,1.15459,1.15495,1983,8,1.1550217085366035,1.1552057042362442,50.38446918434322
2026-06-09 19:00:00,1.15496,1.15502,1.15392,1.15412,1660,8,1.1549358315331175,1.1551631275995289,45.245646489337645
2026-06-09 20:00:00,1.15411,1.15452,1.15402,1.15429,684,8,1.1548743237680588,1.1551288873015082,46.45034706746498
2026-06-09 21:00:00,1.15428,1.15433,1.15322,1.15384,600,8,1.1547758167425295,1.1550783427014493,43.70890741846968
2026-06-09 22:00:00,1.15388,1.154,1.15357,1.15362,657,8,1.1546657389575268,1.1550211527915886,42.3916669308498
2026-06-09 23:00:00,1.15362,1.15389,1.15329,1.15344,755,8,1.1545490019139528,1.1549591467997615,41.29511720393247
2026-06-10 00:00:00,1.15343,1.1543,1.1533,1.15417,1965,8,1.1545129064935764,1.1549281998664376,47.25409322745334
2026-06-10 01:00:00,1.15419,1.15425,1.15351,1.15374,1985,8,1.154439296351331,1.154881603793244,44.39541167542695
2026-06-10 02:00:00,1.15377,1.15446,1.15365,1.15421,1298,8,1.1544174586035851,1.1548552663895872,48.091790548572185
2026-06-10 03:00:00,1.15421,1.15518,1.15418,1.1549800000000001,1244,8,1.1544710339746722,1.1548601579037212,53.54077266967554
2026-06-10 04:00:00,1.1549800000000001,1.15503,1.1544,1.15461,1056,8,1.1544842688342272,1.1548503477898497,50.78218735293155
2026-06-10 05:00:00,1.15462,1.15551,1.15449,1.15539,1391,8,1.1545705289452532,1.1548715106216205,55.9363680370573
2026-06-10 06:00:00,1.15539,1.15579,1.15481,1.15486,1969,8,1.154598097617134,1.1548710592246945,51.95501443981394
2026-06-10 07:00:00,1.15484,1.15583,1.15461,1.15534,1912,8,1.1546687549869306,1.1548894490590202,55.07380475991307
2026-06-10 08:00:00,1.15533,1.1554,1.15477,1.15533,2084,8,1.154731730702461,1.1549067255665095,54.99371175468743
2026-06-10 09:00:00,1.15533,1.15594,1.15502,1.15575,2021,8,1.154828708730798,1.1549397951521365,57.77143999863338
2026-06-10 10:00:00,1.15576,1.15591,1.1549800000000001,1.15515,1683,8,1.1548593078992933,1.1549480384795037,52.76162842365007
2026-06-10 11:00:00,1.15517,1.15522,1.1535199999999999,1.15362,3830,8,1.154741278575551,1.154895958539131,42.6136073065186
2026-06-10 12:00:00,1.15364,1.15645,1.15356,1.15483,3913,8,1.1547497282350223,1.1548933719297534,50.69094873132501
2026-06-10 13:00:00,1.15483,1.15728,1.15471,1.15622,3653,8,1.1548897541174012,1.1549453965599592,58.003755294657644
2026-06-10 14:00:00,1.15622,1.15667,1.15497,1.1552,3762,8,1.1549193013443155,1.1549553810085882,51.9188658637823
2026-06-10 15:00:00,1.15522,1.15564,1.15339,1.1549,4281,8,1.1549174631210475,1.1549532092043298,50.24919282071166
2026-06-10 16:00:00,1.1549,1.1559,1.15481,1.15534,2569,8,1.1549577047285666,1.1549683774708266,52.65413373403412
2026-06-10 17:00:00,1.15534,1.15564,1.15443,1.15521,2310,8,1.1549817328496554,1.1549778528641275,51.85653739312226
2026-06-10 18:00:00,1.15519,1.15574,1.15477,1.15479,1996,8,1.1549634725782596,1.1549704860851422,49.26033433385635
2026-06-10 19:00:00,1.1548,1.15485,1.15407,1.15411,1710,8,1.1548821894755683,1.1549367415327838,45.305482574596994
2026-06-10 20:00:00,1.15409,1.15412,1.15329,1.15345,848,8,1.1547457904778953,1.1548784379432628,41.79790656299977
2026-06-10 21:00:00,1.15345,1.15358,1.15326,1.1535,473,20,1.1546271437657147,1.154824381553331,42.16322463255312
2026-06-10 22:00:00,1.15354,1.15363,1.1528,1.15296,1179,8,1.15446836816898,1.1547512685512396,39.294599162924726
2026-06-10 23:00:00,1.15296,1.15373,1.15253,1.15348,2008,8,1.1543742378671724,1.1547014148825634,43.295448686511634
2026-06-11 00:00:00,1.1535,1.15425,1.1535,1.1542,2223,8,1.1543576437845846,1.1546817515538355,48.36939573203486
2026-06-11 01:00:00,1.15422,1.15556,1.15411,1.15534,1817,8,1.154451201519386,1.154707565218391,55.20414900563918
2026-06-11 02:00:00,1.15536,1.15538,1.15458,1.15477,1377,8,1.1544815632794445,1.1547100136411992,51.530997272565315
2026-06-11 03:00:00,1.15477,1.15489,1.1544,1.15449,1210,8,1.1544823667766402,1.15470138565527,49.77881390788418
2026-06-11 04:00:00,1.15449,1.15499,1.15422,1.15481,1132,8,1.1545135699407698,1.1547056450413378,51.79611033565136
2026-06-11 05:00:00,1.1548,1.15509,1.1545,1.15468,1191,8,1.154529420422601,1.1547046393534424,50.90158606941309
2026-06-11 06:00:00,1.15466,1.15471,1.15399,1.1541299999999999,1788,8,1.1544913803823533,1.154682104476837,47.18849876511044
2026-06-11 07:00:00,1.15412,1.15551,1.1541,1.1544699999999999,2069,8,1.1544893441554627,1.1546737866542158,49.634399207262334
2026-06-11 08:00:00,1.15445,1.1545,1.15303,1.15319,2037,8,1.1543655970930378,1.1546155989422857,41.78789072076923
2026-06-11 09:00:00,1.15318,1.15368,1.15295,1.15336,1650,8,1.1542698259413198,1.1545663597680784,43.07501429518831
2026-06-11 10:00:00,1.15334,1.15341,1.15227,1.15308,1754,8,1.1541565091850037,1.1545080711497224,41.44939481064641
2026-06-11 11:00:00,1.15308,1.1541299999999999,1.15308,1.1538,1953,8,1.1541225559292891,1.1544803036536548,46.9894596242578
2026-06-11 12:00:00,1.15379,1.1543,1.15161,1.15393,5417,8,1.1541042172693567,1.1544587231182175,47.94714650616135
2026-06-11 13:00:00,1.15395,1.15402,1.15173,1.15293,4243,8,1.1539923870532276,1.154398773192013,41.70553998165375
2026-06-11 14:00:00,1.15294,1.15302,1.15144,1.15191,2966,8,1.1537940644767297,1.1543011742433065,36.48797109904718
2026-06-11 15:00:00,1.1519,1.15239,1.15136,1.15143,3004,8,1.1535689154789461,1.1541885791749416,34.312503601473736
2026-06-11 16:00:00,1.15144,1.1516,1.15069,1.15087,2088,8,1.1533118759095227,1.15405843881514,31.921308346675175
2026-06-11 17:00:00,1.15088,1.15662,1.15026,1.15504,8452,8,1.153476459156235,1.1540969314106246,56.32762186364609
2026-06-11 18:00:00,1.15507,1.15663,1.15412,1.15577,4722,8,1.1536948916175458,1.1541625419435413,59.09243689856429
2026-06-11 19:00:00,1.15578,1.15894,1.15578,1.15783,4036,8,1.1540887114634937,1.1543063638281084,65.69287304654625
2026-06-11 20:00:00,1.15782,1.15832,1.15759,1.1577600000000001,1381,8,1.15443835799078,1.1544418005407315,65.30726505591666
2026-06-11 21:00:00,1.15777,1.15777,1.15745,1.15763,398,20,1.1547423238964198,1.1545668279705068,64.54947228029309
2026-06-11 22:00:00,1.15769,1.1584699999999999,1.15727,1.15846,1054,8,1.1550963882872372,1.1547195013834282,67.16882963234494
2026-06-11 23:00:00,1.15845,1.15861,1.1574,1.15751,1198,8,1.155326256069405,1.1548289327017252,61.56202834458937
2026-06-12 00:00:00,1.15753,1.15761,1.1565699999999999,1.15693,2087,8,1.1554789935866046,1.154911327497736,58.35911525609343
2026-06-12 01:00:00,1.15695,1.15699,1.15613,1.15631,1818,8,1.155558137054547,1.1549661773997857,55.06129461892929
2026-06-12 02:00:00,1.1562999999999999,1.15699,1.15625,1.15665,1278,8,1.1556621240017328,1.1550322096586176,56.512583445078704
2026-06-12 03:00:00,1.15665,1.15748,1.15647,1.15716,1519,8,1.1558047788587107,1.1551156524171031,58.66877581973032
2026-06-12 04:00:00,1.1571799999999999,1.15749,1.15682,1.1571,1029,8,1.1559281332531193,1.1551934699693738,58.302526329554524
2026-06-12 05:00:00,1.1571,1.15734,1.15571,1.15573,1616,8,1.1559092634194887,1.1552145103627316,50.543777399449155
2026-06-12 06:00:00,1.15575,1.15737,1.15575,1.15726,2164,8,1.1560379049985852,1.1552947256426247,57.367219759948505
2026-06-12 07:00:00,1.15728,1.15729,1.15567,1.15663,2867,8,1.15609429499872,1.1553470893429139,54.05978920107627
2026-06-12 08:00:00,1.15665,1.15853,1.15649,1.15764,3447,8,1.1562415049988422,1.1554370074078977,58.21865456088266
2026-06-12 09:00:00,1.15764,1.15893,1.15731,1.15835,2832,8,1.1564423140465716,1.1555512424115095,60.89842612167729
2026-06-12 10:00:00,1.15834,1.15852,1.15686,1.15738,2305,8,1.1565316174707077,1.1556229583953719,55.64724398640263
2026-06-12 11:00:00,1.15739,1.1579,1.15702,1.15711,1830,8,1.1565867015211164,1.1556812737524162,54.245113763054995
2026-06-12 12:00:00,1.15711,1.15721,1.15598,1.15632,2172,8,1.1565613013762484,1.1557063218405568,50.25511320211564
2026-06-12 13:00:00,1.15632,1.15788,1.15615,1.15692,3808,8,1.1565954631499389,1.1557539170624958,53.07802591880863
2026-06-12 14:00:00,1.1569099999999999,1.15789,1.1565699999999999,1.15732,4144,8,1.1566644666594685,1.1558153320796527,54.914884063853584
2026-06-12 15:00:00,1.15731,1.15832,1.15712,1.15727,3160,8,1.156722136501424,1.1558723778804507,54.62701070493325
2026-06-12 16:00:00,1.15725,1.15777,1.15692,1.15741,2621,8,1.1567876473108123,1.1559326767870999,55.333068476559006
2026-06-12 17:00:00,1.15741,1.15774,1.15714,1.15741,1549,8,1.1568469189954969,1.1559906110307432,55.33306847655899
2026-06-12 18:00:00,1.15741,1.15782,1.1571799999999999,1.15745,1283,8,1.15690435528164,1.156047841970714,55.56220623300893
2026-06-12 19:00:00,1.1574200000000001,1.15772,1.15683,1.15712,1321,8,1.1569248928738647,1.1560898873836274,53.140215480164144
2026-06-12 20:00:00,1.1571,1.1571500000000001,1.1565,1.15668,890,8,1.1569015697430205,1.1561130290548578,50.01000652390183
2026-06-14 21:00:00,1.1572,1.16028,1.15711,1.16028,585,48,1.15722332500559,1.1562764396801575,67.0906397219828
2026-06-14 22:00:00,1.1606,1.16171,1.16001,1.16083,2289,8,1.1575668178622007,1.1564550106730924,68.84222847085915
2026-06-14 23:00:00,1.1608100000000001,1.1609,1.16019,1.16026,1308,8,1.157823311399134,1.1566042259408142,64.98208708338625
2026-06-15 00:00:00,1.16024,1.16113,1.15977,1.15984,1893,8,1.1580153769801689,1.1567311190411744,62.21390366856808
2026-06-15 01:00:00,1.15983,1.16012,1.1594,1.15979,1373,8,1.1581843886963432,1.156851075157207,61.87597219706956
2026-06-15 02:00:00,1.15979,1.1601,1.15938,1.15991,1001,8,1.1583487326300248,1.1569710329941794,62.4037865773801
2026-06-15 03:00:00,1.15991,1.16048,1.1598,1.16038,906,8,1.1585421866652605,1.1571047179748,64.47812502688683
2026-06-15 04:00:00,1.16038,1.1613,1.16027,1.16122,816,8,1.1587972165066645,1.1572661015836314,67.88821664874003
2026-06-15 05:00:00,1.16123,1.16217,1.16123,1.16164,1316,8,1.1590679577917442,1.1574376270117244,69.4665569074084
2026-06-15 06:00:00,1.16164,1.16176,1.16005,1.1606,2066,8,1.1592138665734828,1.1575616416387156,61.416646602904024
2026-06-15 07:00:00,1.16063,1.16102,1.16011,1.16059,2487,8,1.159344926899818,1.1576804007901385,61.34303743842067
2026-06-15 08:00:00,1.1605699999999999,1.161,1.15967,1.16014,1950,8,1.1594206481474543,1.1577768556611134,57.975682797292265
2026-06-15 09:00:00,1.16013,1.16105,1.16002,1.16066,1648,8,1.1595386816572204,1.1578899201449915,60.6628922563835
2026-06-15 10:00:00,1.16068,1.16141,1.16029,1.16101,1468,8,1.1596788072136754,1.158012276217737,62.40540379380267
2026-06-15 11:00:00,1.161,1.16138,1.16054,1.16088,1795,8,1.1597932065266587,1.1581247359739042,61.31890900521704
2026-06-15 12:00:00,1.16085,1.16194,1.16041,1.16151,2100,8,1.1599567106669768,1.158257491425908,64.54083686464863
2026-06-15 13:00:00,1.1615,1.16201,1.1611799999999999,1.16163,2317,8,1.160116071555836,1.1583897466641078,65.13651717856695
2026-06-15 14:00:00,1.16163,1.16182,1.16052,1.16073,2668,8,1.1601745409314708,1.158481521304731,57.35440492594058
2026-06-15 15:00:00,1.16071,1.16071,1.15963,1.1598,1785,8,1.1601388703665687,1.1585332263516044,50.62381747046971
2026-06-15 16:00:00,1.15981,1.1604700000000001,1.15968,1.16031,1479,8,1.1601551684268954,1.1586029037495806,53.823997684131456
2026-06-15 17:00:00,1.1602999999999999,1.16038,1.15976,1.15991,1101,8,1.1601318190529053,1.1586541624260678,51.030421131718896
2026-06-15 18:00:00,1.15991,1.16028,1.1593499999999999,1.15943,1339,8,1.1600649791431048,1.158684587428967,47.8227827689451
2026-06-15 19:00:00,1.15945,1.15957,1.15842,1.1585,1385,8,1.1599159335104283,1.1586773487062625,42.27785846719755
2026-06-15 20:00:00,1.15848,1.15897,1.15834,1.15887,804,8,1.1598163207951493,1.1586849036589582,45.00966897238607
2026-06-15 21:00:00,1.1588,1.15907,1.15853,1.159,641,20,1.159738575957516,1.1586972603782146,45.97708321246859
2026-06-15 22:00:00,1.15899,1.15909,1.1585,1.15883,532,8,1.1596520449139431,1.158702465853579,44.86553265108948
2026-06-15 23:00:00,1.15883,1.15934,1.15881,1.1590799999999999,434,8,1.1595975644459486,1.158717271114223,46.89868017716046
2026-06-16 00:00:00,1.15906,1.15933,1.15876,1.15926,1041,8,1.1595654154510964,1.15873855459994,48.37480999150978
2026-06-16 01:00:00,1.1592500000000001,1.15946,1.15865,1.15876,1373,8,1.1594887092176585,1.1587393955960208,44.660919614318935
2026-06-16 02:00:00,1.15876,1.15889,1.15824,1.15875,988,8,1.1594183559588338,1.1587398114550003,44.587191249436984
2026-06-16 03:00:00,1.15877,1.15884,1.15836,1.1586,912,8,1.1593404172960877,1.1587343286528433,43.429045629310444
2026-06-16 04:00:00,1.15861,1.15867,1.15754,1.15788,1222,8,1.1592013299345556,1.1587008255684181,38.28810230026033
2026-06-16 05:00:00,1.15789,1.15805,1.1575,1.15754,995,8,1.1590431080360266,1.1586553029971078,36.11405074482661
2026-06-16 06:00:00,1.1575199999999999,1.15871,1.15744,1.1587,1765,8,1.1590104310802145,1.1586570558207505,47.14169999181401
2026-06-16 07:00:00,1.15872,1.15953,1.1584699999999999,1.15953,1825,8,1.1590599138344797,1.1586912889258192,53.34698955060935
2026-06-16 08:00:00,1.15955,1.16062,1.15927,1.16052,1691,8,1.1591989696597673,1.158763003085591,59.460235483702135
2026-06-16 09:00:00,1.16051,1.16089,1.15995,1.16005,1621,8,1.159280020168361,1.1588134735528228,55.726840320705115
2026-06-16 10:00:00,1.16006,1.16125,1.16,1.16114,1588,8,1.1594571611047078,1.1589047098840846,61.72843761583817
2026-06-16 11:00:00,1.16114,1.16114,1.15968,1.15988,1615,8,1.1594974314756878,1.1589429565552969,52.81557739025346
2026-06-16 12:00:00,1.15988,1.16014,1.15909,1.15993,1998,8,1.1595386284780034,1.1589816641413637,53.10494042166724
2026-06-16 13:00:00,1.15991,1.16031,1.1590799999999999,1.15924,2416,8,1.1595101876705745,1.1589917949593496,48.66923506030477
2026-06-16 14:00:00,1.15926,1.1608,1.15875,1.16064,2781,8,1.1596177888448056,1.15905643045114,56.591759316500124
2026-06-16 15:00:00,1.16064,1.16183,1.15995,1.16136,2499,8,1.1597837137167288,1.1591467665118795,60.01017222058269
2026-06-16 16:00:00,1.16138,1.16195,1.16112,1.16127,1942,8,1.159925264791326,1.1592300305702372,59.380677374690606
2026-06-16 17:00:00,1.16127,1.16134,1.16104,1.16111,1215,8,1.1600380967159618,1.1593037548616005,58.2116112341512
2026-06-16 18:00:00,1.1611,1.16138,1.16061,1.16102,1099,8,1.1601316113144418,1.159371058592518,57.52555149173836
2026-06-16 19:00:00,1.16103,1.16133,1.16056,1.1608,1100,8,1.160195267379733,1.1594270955104586,55.79450551325569
2026-06-16 20:00:00,1.16079,1.16094,1.16062,1.16077,604,8,1.1602500038197585,1.1594797584316172,55.54903035303174
2026-06-16 21:00:00,1.16076,1.16095,1.16051,1.16074,708,20,1.1602966701226385,1.159529179669593,55.287076717619385
2026-06-16 22:00:00,1.1608,1.16126,1.16077,1.1612,394,8,1.16038270153953,1.1595947020354913,58.5173253979224
2026-06-16 23:00:00,1.1612,1.16145,1.16087,1.16095,504,8,1.1604367299643368,1.1596478509752761,56.14339267691663
2026-06-17 00:00:00,1.16095,1.16163,1.16084,1.1614200000000001,1055,8,1.160530374729638,1.1597173470154614,59.47213513577343
2026-06-17 01:00:00,1.1614200000000001,1.16158,1.16101,1.16121,857,8,1.160595100945863,1.1597758824266198,57.37664121701552
2026-06-17 02:00:00,1.16121,1.16148,1.1609,1.1609,622,8,1.160624138951019,1.1598199654687131,54.33319785841247
2026-06-17 03:00:00,1.1609,1.16117,1.1608,1.16099,594,8,1.1606589828604459,1.1598658491758225,55.07819195073577
2026-06-17 04:00:00,1.16099,1.16133,1.16097,1.16119,519,8,1.1607095559213558,1.1599177766591235,56.76610010144031
2026-06-17 05:00:00,1.16119,1.16147,1.16101,1.16116,804,8,1.1607524553574171,1.1599664912999423,56.423625386838985
2026-06-17 06:00:00,1.16119,1.16144,1.16035,1.16076,1660,8,1.160753173894806,1.1599976092881799,51.925385586271794
2026-06-17 07:00:00,1.16075,1.16147,1.16041,1.1608100000000001,1687,8,1.1607585859048244,1.160029467747467,52.435839047401494
2026-06-17 08:00:00,1.16082,1.16082,1.15978,1.16018,1622,8,1.1607034824853173,1.1600353709730564,45.83242660918762
2026-06-17 09:00:00,1.16018,1.16054,1.16005,1.16034,1135,8,1.1606688651057633,1.1600473172094072,47.636013301234556
2026-06-17 10:00:00,1.16034,1.16043,1.15952,1.1596899999999999,1339,8,1.1605756398575953,1.1600333047698226,41.57910698169491
2026-06-17 11:00:00,1.15968,1.1596899999999999,1.15851,1.15911,1499,8,1.1604360551092527,1.1599970967396336,37.05194736001249
2026-06-17 12:00:00,1.15912,1.16022,1.15903,1.16017,1740,8,1.1604107165274191,1.160003877259648,48.160848236177095
2026-06-17 13:00:00,1.16015,1.16025,1.15952,1.15967,2108,8,1.1603401720962363,1.1599907840337795,44.19856276442003
2026-06-17 14:00:00,1.15966,1.1598,1.15805,1.15892,2755,8,1.1602049176108804,1.1599487925030432,39.01362147528234
2026-06-17 15:00:00,1.1589,1.15937,1.15866,1.15923,1937,8,1.1601120683146062,1.1599206045617474,42.04017179623802
2026-06-17 16:00:00,1.1592500000000001,1.15929,1.15884,1.15913,1192,8,1.1600185379989294,1.1598896004612866,41.32768128761793
2026-06-17 17:00:00,1.15915,1.1596,1.1587399999999999,1.1595,1369,8,1.1599691534276027,1.1598743220118244,45.03921921144049
2026-06-17 18:00:00,1.15949,1.15951,1.1535199999999999,1.1538599999999999,14431,8,1.1593873292916406,1.159638466246655,22.09491093225077
2026-06-17 19:00:00,1.15384,1.15416,1.14776,1.14937,10624,8,1.1584332979305318,1.1592357812958058,15.37836271884666
2026-06-17 20:00:00,1.14939,1.15051,1.14866,1.15007,2097,8,1.1576367933657195,1.1588763388920487,19.487526333286354
2026-06-17 21:00:00,1.1501000000000001,1.15029,1.14987,1.15029,415,20,1.1569370987594605,1.1585396197198117,20.78938759751273
2026-06-17 22:00:00,1.15033,1.15054,1.15005,1.15042,819,8,1.156316422687131,1.1582212032602113,21.59614747798547
2026-06-17 23:00:00,1.15042,1.15082,1.15033,1.15063,780,8,1.15577485862169,1.1579235090147129,22.961143468889276
2026-06-18 00:00:00,1.15065,1.15202,1.15065,1.15151,2353,8,1.1553686816101005,1.1576719988572732,28.572974644941468
2026-06-18 01:00:00,1.15149,1.15219,1.15149,1.15162,1509,8,1.1550116643139003,1.1574346655687526,29.266582665328315
2026-06-18 02:00:00,1.15163,1.1520299999999999,1.15128,1.15172,1024,8,1.1546981724744814,1.1572105610366448,29.932712439895155
2026-06-18 03:00:00,1.15172,1.15239,1.15172,1.15229,862,8,1.154468822715007,1.1570175978587371,33.761858088352895
2026-06-18 04:00:00,1.1522999999999999,1.15259,1.1520299999999999,1.15227,1111,8,1.1542594110278634,1.1568314175505514,33.69228250804548
2026-06-18 05:00:00,1.15227,1.15247,1.15099,1.15105,1173,8,1.1539537528347337,1.156604695293667,29.674972547927524
2026-06-18 06:00:00,1.15103,1.1528,1.15103,1.15194,2677,8,1.1537619668504735,1.1564217660664644,35.69837289756255
2026-06-18 07:00:00,1.15192,1.15228,1.15062,1.15124,2841,8,1.1535217795313808,1.1562185595540542,33.2837112621
2026-06-18 08:00:00,1.15124,1.15137,1.14816,1.14823,3177,8,1.1530178005283922,1.1559052827087972,25.34495422958139
2026-06-18 09:00:00,1.14824,1.14857,1.14743,1.14764,3186,8,1.1525056290494977,1.1555811539751188,24.130030978780226
2026-06-18 10:00:00,1.14763,1.14771,1.14594,1.14604,3174,8,1.1518898548543075,1.1552069910741338,21.166801869721567
2026-06-18 11:00:00,1.14606,1.14665,1.14539,1.1457,3210,8,1.151300344868183,1.154834167894756,20.588213586534792
2026-06-18 12:00:00,1.1457,1.14814,1.1453,1.14693,4081,8,1.1508841215474037,1.154524200526334,28.231166042218447
2026-06-18 13:00:00,1.1469,1.14836,1.14626,1.14719,4460,8,1.1505323004476509,1.1542365848194192,29.769861379311266
2026-06-18 14:00:00,1.14719,1.14869,1.14673,1.14859,3585,8,1.1503473194526364,1.1540151501206186,37.5356941890939
2026-06-18 15:00:00,1.1486,1.1487,1.14686,1.1469,3081,8,1.15001900331429,1.1537361246256925,32.818093187749895
2026-06-18 16:00:00,1.14691,1.14718,1.14612,1.1464699999999999,2639,8,1.1496810029986435,1.15345117856194,31.725516595768923
2026-06-18 17:00:00,1.14648,1.14731,1.14618,1.14623,1626,8,1.1493523360463918,1.1531679950889226,31.10311611561191
2026-06-18 18:00:00,1.14624,1.14654,1.1458599999999999,1.1459,1618,8,1.1490235421372115,1.152882975673671,30.225072775385698
2026-06-18 19:00:00,1.14592,1.14624,1.14508,1.14571,2504,8,1.1487079666955722,1.1526016825099976,29.705115521227953
2026-06-18 20:00:00,1.14572,1.14627,1.14554,1.14567,901,8,1.1484186365340892,1.152329851823331,29.589708548882015
2026-06-18 21:00:00,1.14568,1.14617,1.14536,1.14605,559,20,1.1481930521022712,1.152083583124377,32.281351040333874
2026-06-18 22:00:00,1.14609,1.1463,1.14585,1.14628,619,8,1.1480108566639597,1.1518559916293034,33.92772843528975
2026-06-18 23:00:00,1.14628,1.14629,1.14568,1.14581,592,8,1.1478012512673923,1.1516188939183503,32.20469010318858
2026-06-19 00:00:00,1.14581,1.14652,1.14579,1.14615,1385,8,1.1476439892419266,1.1514044274901798,34.78489443509133
2026-06-19 01:00:00,1.14617,1.14631,1.14524,1.1453,1161,8,1.147420752171267,1.1511650381768395,31.551902015126757
2026-06-19 02:00:00,1.14529,1.14575,1.14513,1.14542,953,8,1.147230204345432,1.1509397425620616,32.50563870979009
2026-06-19 03:00:00,1.14542,1.14543,1.14415,1.14419,1355,8,1.1469406610744386,1.1506750467753142,28.172513382865986
2026-06-19 04:00:00,1.14422,1.14431,1.14269,1.14286,1558,8,1.1465520266863969,1.150368574352753,24.386944530004598
2026-06-19 05:00:00,1.14284,1.14333,1.14173,1.1430500000000001,2689,8,1.1462185003353116,1.1500815714369588,25.918393709842988
2026-06-19 06:00:00,1.1430500000000001,1.14419,1.14287,1.14417,2390,8,1.1460234050652818,1.1498497451060978,34.35825009941105
2026-06-19 07:00:00,1.14415,1.14487,1.14413,1.14458,2254,8,1.1458859379162074,1.1496430884352706,37.179717699629684
2026-06-19 08:00:00,1.14458,1.14657,1.14458,1.14638,2127,8,1.145932991447997,1.1495151241829071,47.789898544522096
2026-06-19 09:00:00,1.14639,1.14645,1.14581,1.1459,1664,8,1.1459298494053305,1.149373354607107,45.57913450153128
2026-06-19 10:00:00,1.14589,1.1463,1.14522,1.1461999999999999,1713,8,1.1459555780333943,1.1492489093283969,47.22244728161857
2026-06-19 11:00:00,1.14621,1.14675,1.14588,1.14607,1558,8,1.1459664753635472,1.1491242462174793,46.5662523723036
2026-06-19 12:00:00,1.14609,1.14746,1.14608,1.14707,2289,8,1.1460715729479714,1.149043687542284,52.08222772275408
2026-06-19 13:00:00,1.14709,1.14723,1.14565,1.14625,2154,8,1.1460885660005455,1.1489341311680767,47.73105566082247
2026-06-19 14:00:00,1.14624,1.14698,1.14575,1.14683,2238,8,1.1461591787623984,1.148851616220309,50.85832634185288
2026-06-19 15:00:00,1.14684,1.1476,1.1461999999999999,1.1464699999999999,1658,8,1.146188780785027,1.1487582195057873,48.902579218057724
2026-06-19 16:00:00,1.1464699999999999,1.14691,1.14616,1.14686,1025,8,1.1462527064245482,1.1486837795251683,51.09657941816417
2026-06-19 17:00:00,1.14689,1.14763,1.14675,1.14746,1047,8,1.1463676867650674,1.1486357881712403,54.34447704751922
2026-06-19 18:00:00,1.14746,1.1480299999999999,1.14733,1.14763,702,8,1.1464879070731564,1.1485963454978583,55.25130689393699
2026-06-19 19:00:00,1.14764,1.14783,1.14747,1.14755,517,8,1.146589058780475,1.1485553123410797,54.70068811056655
2026-06-19 20:00:00,1.14757,1.1477,1.14654,1.14685,1731,8,1.1466139103251918,1.1484884373473119,50.0048478604147
2026-06-21 21:00:00,1.14606,1.1467100000000001,1.14544,1.14606,429,48,1.1465611569608878,1.1483932045101624,45.2804644884145
2026-06-21 22:00:00,1.14623,1.14667,1.14567,1.14623,965,8,1.146529618202708,1.1483083729607442,46.45286440663295
2026-06-21 23:00:00,1.14623,1.14659,1.14575,1.14619,917,8,1.146497273611974,1.1482252995113034,46.202028230403926
2026-06-22 00:00:00,1.14621,1.14665,1.14573,1.14663,1670,8,1.1465099142203574,1.1481627387461542,49.436421633823066
2026-06-22 01:00:00,1.14662,1.1473200000000001,1.14633,1.14634,1899,8,1.1464937319136566,1.1480912587953245,47.41314302306324
2026-06-22 02:00:00,1.14636,1.14673,1.14599,1.14649,1108,8,1.1464933764933083,1.1480284643327627,48.58526869456803
2026-06-22 03:00:00,1.1465,1.14665,1.14541,1.14561,1087,8,1.1464092453987076,1.1479336225942232,42.58791770963342
2026-06-22 04:00:00,1.14561,1.14566,1.14526,1.14558,1176,8,1.1463302696464497,1.1478413236689595,42.39578522176829
2026-06-22 05:00:00,1.1456,1.14626,1.14538,1.1454,1218,8,1.146241672537264,1.1477455854858631,41.19492072476153
2026-06-22 06:00:00,1.14538,1.14631,1.14519,1.14597,2297,8,1.1462157989622865,1.147675954682496,46.3748831281338
2026-06-22 07:00:00,1.14599,1.14621,1.14438,1.14456,2274,8,1.1460581038230213,1.1475537603812216,37.56082630584077
2026-06-22 08:00:00,1.14455,1.14527,1.14412,1.14506,2698,8,1.1459630463160668,1.147455965856468,41.786104014559626
2026-06-22 09:00:00,1.14508,1.14628,1.145,1.14577,2406,8,1.145944660952632,1.1473898495483712,47.245341135180134
2026-06-22 10:00:00,1.1457600000000001,1.14633,1.14541,1.1456,1885,8,1.1459118361000002,1.147319659370004,46.12985885831003
2026-06-22 11:00:00,1.14561,1.146,1.1447,1.14483,2072,8,1.1458088040904766,1.1472220256692194,41.365854279796025
2026-06-22 12:00:00,1.14483,1.14616,1.14473,1.14547,2407,8,1.1457765370342408,1.1471533187802305,46.32739594965591
2026-06-22 13:00:00,1.14546,1.14547,1.1428,1.14285,4707,8,1.1454978192214558,1.146984561181006,33.74039627750324
2026-06-22 14:00:00,1.14284,1.14501,1.14252,1.14444,4919,8,1.1453970745336979,1.1468847744680253,43.73182661977056
2026-06-22 15:00:00,1.14443,1.145,1.14301,1.14316,2731,8,1.1451840198162029,1.146738704881044,38.67573499739076
2026-06-22 16:00:00,1.14318,1.14321,1.14248,1.14307,1833,8,1.1449826845956121,1.1465948341013954,38.34008426138947
2026-06-22 17:00:00,1.14308,1.14333,1.14267,1.14288,1183,8,1.1447824289198394,1.1464491543327133,37.59824070831398
2026-06-22 18:00:00,1.14288,1.14313,1.14219,1.1424,1275,8,1.1445555309274738,1.1462903639667246,35.71797834385043
2026-06-22 19:00:00,1.14243,1.14253,1.14187,1.14245,1196,8,1.1443550041724762,1.1461397614582256,36.07658992811765
2026-06-22 20:00:00,1.14247,1.14288,1.14242,1.14275,723,8,1.1442021466322403,1.1460068296363344,38.30067371081993
2026-06-22 21:00:00,1.14274,1.14277,1.14241,1.14275,408,20,1.1440638469529794,1.1458791108270665,38.30067371081993
2026-06-22 22:00:00,1.14279,1.14286,1.14252,1.14273,454,8,1.1439368139098385,1.1457556162848286,38.19791728255867
2026-06-22 23:00:00,1.1427100000000001,1.14291,1.14252,1.14267,412,8,1.1438161649660443,1.1456346117246392,37.869670819656285
2026-06-23 00:00:00,1.14266,1.14274,1.14222,1.14266,1242,8,1.1437060540168973,1.1455179602844572,37.81135102324076
2026-06-23 01:00:00,1.14267,1.14279,1.14219,1.14266,1273,8,1.1436064298248119,1.145405883410557,37.81135102324076
2026-06-23 02:00:00,1.14265,1.14314,1.14251,1.14255,1002,8,1.1435058174605441,1.145293887982692,37.08280153421387
2026-06-23 03:00:00,1.14254,1.14297,1.1418300000000001,1.14293,1168,8,1.1434509777023971,1.1452011864931748,41.291189216969855
2026-06-23 04:00:00,1.14294,1.14297,1.14192,1.14206,868,8,1.143318503635502,1.145078002709129,35.44559141771046
2026-06-23 05:00:00,1.14205,1.14254,1.14186,1.14228,1335,8,1.143219598527359,1.1449682771126926,37.841977776554714
2026-06-23 06:00:00,1.14226,1.14297,1.14191,1.14228,2138,8,1.143130112953325,1.1448628544808224,37.841977776554714
2026-06-23 07:00:00,1.14226,1.14387,1.14093,1.14113,3299,8,1.1429396260053892,1.1447164680305941,30.890196110088468
2026-06-23 08:00:00,1.14115,1.1417,1.14043,1.14081,2590,8,1.1427368044810664,1.1445632732058648,29.27841282061287
2026-06-23 09:00:00,1.1408,1.14109,1.14057,1.14104,1778,8,1.1425752040542982,1.1444251056291643,32.02381097455415
2026-06-23 10:00:00,1.14107,1.14123,1.13954,1.14001,1938,8,1.1423308989062697,1.1442519642319422,26.973827211788674
2026-06-23 11:00:00,1.14004,1.14024,1.1384,1.13853,2093,8,1.141968908534244,1.1440275734777483,21.68278520233993
2026-06-23 12:00:00,1.1385399999999999,1.1394199999999999,1.13822,1.13885,2725,8,1.1416718696262207,1.1438245313805817,25.103622341046005
2026-06-23 13:00:00,1.13888,1.13998,1.13847,1.13895,3206,8,1.141412643947533,1.1436333732872255,26.188630816911598
2026-06-23 14:00:00,1.13895,1.13909,1.13754,1.13817,3512,8,1.1411038207144346,1.143419123354393,23.347495588210634
2026-06-23 15:00:00,1.13817,1.13851,1.13751,1.13824,2501,8,1.1408310758844886,1.1432160204777504,24.14285554590559
2026-06-23 16:00:00,1.13825,1.13835,1.13781,1.13792,1695,8,1.1405538305621565,1.1430083334001917,22.96951052141621
2026-06-23 17:00:00,1.1379,1.13812,1.13762,1.13792,1219,8,1.1403029895562369,1.1428087909139097,22.96951052141621
2026-06-23 18:00:00,1.13792,1.13803,1.13757,1.13787,1039,8,1.1400712762651666,1.1426151128388544,22.768984766731393
2026-06-23 19:00:00,1.13784,1.13824,1.13782,1.13786,1192,8,1.139860678525627,1.142428637825566,22.72625200943341
2026-06-23 20:00:00,1.13786,1.13813,1.13774,1.13805,655,8,1.1396882329517577,1.142256926538289,25.583986870998572
2026-06-23 21:00:00,1.13805,1.13832,1.13794,1.13832,614,8,1.1395579250515904,1.1421025372622777,29.570032711080557
2026-06-23 22:00:00,1.13831,1.13831,1.1378300000000001,1.13812,525,8,1.139420979808582,1.1419463593304235,28.35829955706052
2026-06-23 23:00:00,1.13812,1.1383,1.13784,1.13788,582,8,1.1392742198268122,1.1417868942586422,26.93206557973113
2026-06-24 00:00:00,1.13788,1.13819,1.13728,1.1376,1702,8,1.1391147703194966,1.1416227023269307,25.3313977384485
2026-06-24 01:00:00,1.1376,1.13764,1.13706,1.1376,1624,8,1.1389705064795446,1.1414649492945022,25.3313977384485
2026-06-24 02:00:00,1.1376,1.13765,1.13664,1.13672,1143,8,1.1387561725291118,1.1412788728515806,20.820894939156418
2026-06-24 03:00:00,1.13673,1.13683,1.1360999999999999,1.13669,1480,8,1.138559394193006,1.1410989170534793,20.685669422762857
2026-06-24 04:00:00,1.13668,1.1367,1.13609,1.1362700000000001,939,8,1.138341356650815,1.1409095477572644,18.840778017542362
2026-06-24 05:00:00,1.13629,1.1368,1.13623,1.13675,1154,8,1.1381897988745469,1.1407464282373716,26.868333703817342
2026-06-24 06:00:00,1.13672,1.13748,1.13572,1.13593,2143,8,1.1379745799341137,1.1405575486986512,22.731799925043333
2026-06-24 07:00:00,1.13591,1.13608,1.13509,1.13513,2610,8,1.1377036675594363,1.1403447036516452,19.566782677861568
2026-06-24 08:00:00,1.13513,1.13554,1.13376,1.13525,2911,8,1.137469984934728,1.140144911351581,21.3360519614165
2026-06-24 09:00:00,1.13526,1.13535,1.13441,1.13457,2402,8,1.1371937958933254,1.139926287377009,18.81093638078761
2026-06-24 10:00:00,1.13456,1.13462,1.13379,1.13394,2035,8,1.1368839105701516,1.1396915310092832,16.824291241154484
2026-06-24 11:00:00,1.13396,1.13486,1.13366,1.134,2361,8,1.1366092524206133,1.1394683337148015,17.715589038621843
2026-06-24 12:00:00,1.13399,1.13458,1.13248,1.13286,3197,8,1.1362521807615071,1.1392091833730444,14.529756500774269
2026-06-24 13:00:00,1.13288,1.1347800000000001,1.13242,1.13437,4168,8,1.1360729254508874,1.1390194114760623,31.97869735124297
2026-06-24 14:00:00,1.13435,1.13518,1.13357,1.13413,3831,8,1.1358878849317553,1.13882766984955,30.898962776959394
2026-06-24 15:00:00,1.13415,1.13617,1.13395,1.13475,3269,8,1.1357795149382548,1.1386677612279992,36.83251733954309
2026-06-24 16:00:00,1.13475,1.13675,1.13465,1.13591,2224,8,1.1357919420869924,1.138559613728862,46.149423369009725
2026-06-24 17:00:00,1.13592,1.1360999999999999,1.13486,1.13491,2128,8,1.135707947602517,1.138416491621848,40.59119173428423
2026-06-24 18:00:00,1.13491,1.13605,1.13491,1.13546,1775,8,1.1356843335451343,1.1383005507739323,44.547064177644174
2026-06-24 19:00:00,1.13548,1.13582,1.13506,1.13531,1476,8,1.135648682731312,1.1381832742729938,43.69256387368178
2026-06-24 20:00:00,1.1353,1.1360000000000001,1.1352,1.13573,1195,8,1.1356564272330918,1.1380870674387586,46.77136192448733
2026-06-24 21:00:00,1.1357599999999999,1.13583,1.13532,1.13583,625,20,1.1356729579727973,1.1379985549901799,47.507314174471524
2026-06-24 22:00:00,1.13579,1.13585,1.13545,1.13546,427,8,1.1356526762611023,1.1378990038140944,45.02669140171859
2026-06-24 23:00:00,1.13546,1.1356,1.13523,1.13535,505,8,1.1356238499505211,1.1377990428802083,44.28632695613062
2026-06-25 00:00:00,1.13535,1.1354899999999999,1.13473,1.13528,1191,8,1.135591102336186,1.137700256884906,43.79284787716492
2026-06-25 01:00:00,1.1353,1.1367099999999999,1.13528,1.13578,1816,8,1.1356090925898825,1.137624952693341,48.23027834659006
2026-06-25 02:00:00,1.13578,1.13653,1.13563,1.13631,1230,8,1.1356758456765603,1.1375733859210533,52.51015525185167
2026-06-25 03:00:00,1.13631,1.13707,1.13624,1.13696,1109,8,1.1357981460883166,1.1375493315712082,57.185061863824416
2026-06-25 04:00:00,1.13696,1.13705,1.13657,1.13668,805,8,1.1358821321751438,1.1375152401370432,54.687646485951326
2026-06-25 05:00:00,1.13666,1.13679,1.13593,1.1360999999999999,1092,8,1.1359028814917969,1.137459740523826,49.83277331072895
2026-06-25 06:00:00,1.13609,1.13648,1.1352,1.13526,2001,8,1.1358416546830543,1.1373734761895582,43.77208603381302
2026-06-25 07:00:00,1.13528,1.13601,1.1344400000000001,1.13587,2549,8,1.135844354237049,1.1373145163389873,48.65562772010337
2026-06-25 08:00:00,1.13589,1.13721,1.13584,1.1367099999999999,2329,8,1.1359267966906634,1.1372908098158898,54.51421323025987
2026-06-25 09:00:00,1.13673,1.13738,1.13613,1.13614,1764,8,1.1359471017677432,1.1372456800191881,50.31848157260104
2026-06-25 10:00:00,1.13611,1.13615,1.13423,1.13455,1706,8,1.1358140444565297,1.137139967077259,40.86916016173412
2026-06-25 11:00:00,1.13455,1.13457,1.13329,1.13373,1885,8,1.1356155640320984,1.1370062428781509,37.009188888127376
2026-06-25 12:00:00,1.13375,1.1364,1.1336,1.13533,3601,8,1.1355883674576128,1.1369405078633215,47.440329643515156
2026-06-25 13:00:00,1.13536,1.13694,1.1349,1.13632,4040,8,1.1356580467473638,1.1369161742216225,52.66367821709121
2026-06-25 14:00:00,1.13633,1.13832,1.13624,1.13746,4945,8,1.1358296613428531,1.1369375007227354,57.85732931205726
2026-06-25 15:00:00,1.13748,1.13877,1.1373199999999999,1.13839,3487,8,1.1360735031197244,1.1369944614787064,61.562406284287704
2026-06-25 16:00:00,1.13841,1.13862,1.13728,1.13737,2164,8,1.136196979013084,1.1370091884795415,55.77098205406973
2026-06-25 17:00:00,1.13737,1.13775,1.13711,1.1374,1510,8,1.1363115524404093,1.13702451442152,55.902380643412975
2026-06-25 18:00:00,1.13742,1.13802,1.13696,1.13727,1728,8,1.1364028331603704,1.1370341413069507,55.137945287534244
2026-06-25 19:00:00,1.13726,1.13796,1.1368,1.13721,1638,8,1.136479706192716,1.137041037726286,54.765714916533014
2026-06-25 20:00:00,1.1372200000000001,1.13741,1.13683,1.13693,693,8,1.1365225913172192,1.1370366833056476,52.968618663124566
2026-06-25 21:00:00,1.13694,1.13727,1.13648,1.13727,571,20,1.1365937730965316,1.1370458329799358,54.903742010859844
2026-06-25 22:00:00,1.13735,1.13737,1.13669,1.13695,811,8,1.1366276994682907,1.1370420748238599,52.70570845380508
2026-06-25 23:00:00,1.13692,1.13701,1.13599,1.13612,1202,8,1.1365793471379773,1.1370059150268457,47.404611333795145
2026-06-26 00:00:00,1.13612,1.13666,1.13606,1.13645,1421,8,1.1365670283629319,1.1369841144375576,49.57613596322355
2026-06-26 01:00:00,1.13645,1.13686,1.13563,1.13595,1513,8,1.1365082637569384,1.1369435609302025,46.447060260745026
2026-06-26 02:00:00,1.13595,1.13624,1.1353900000000001,1.13588,1454,8,1.1364484291134205,1.1369018526584298,46.00923468803668
2026-06-26 03:00:00,1.13588,1.13713,1.1358,1.13712,1358,8,1.1365123882454757,1.1369104074561385,54.238345959188656
2026-06-26 04:00:00,1.13713,1.13769,1.13682,1.13766,1270,8,1.1366216846030495,1.1369398032421725,57.291210086466585
2026-06-26 05:00:00,1.13764,1.13818,1.13746,1.13777,1321,8,1.1367310479741877,1.1369723599777737,57.90723297184441
2026-06-26 06:00:00,1.13776,1.13822,1.13712,1.13747,2034,8,1.1368014243575983,1.136991875272763,55.55377520040886
2026-06-26 07:00:00,1.13747,1.13885,1.13726,1.13863,2317,8,1.1369755744187795,1.137056115458145,61.98698014725087
2026-06-26 08:00:00,1.13861,1.14072,1.13826,1.14009,3316,8,1.1372721863788957,1.1371750913225314,68.22152928678565
2026-06-26 09:00:00,1.14009,1.14117,1.13952,1.14062,2434,8,1.1375910257713817,1.1373101857804715,70.13632989382184
2026-06-26 10:00:00,1.1406399999999999,1.14078,1.13999,1.14043,1978,8,1.1378614042693453,1.1374325314361393,68.54188676704396
2026-06-26 11:00:00,1.14044,1.14062,1.13935,1.13979,2044,8,1.1380450800532174,1.1375249811837418,63.32010542538147
2026-06-26 12:00:00,1.13978,1.14336,1.13973,1.14266,3011,8,1.1384845962386254,1.1377263544706537,73.18557433626032
2026-06-26 13:00:00,1.14267,1.14295,1.14114,1.14246,4464,8,1.1388632061206612,1.1379119876286674,71.73757250021795
2026-06-26 14:00:00,1.14246,1.1428,1.13932,1.13937,3865,8,1.1389114722044078,1.1379691645844061,53.97058121426805
2026-06-26 15:00:00,1.1394,1.14075,1.13917,1.14025,3229,8,1.1390389510420833,1.1380586091105078,57.22007775970843
2026-06-26 16:00:00,1.1402700000000001,1.1403,1.13827,1.13896,2357,8,1.1390314318952182,1.1380939577728408,51.48246013534267
2026-06-26 17:00:00,1.13896,1.13927,1.13843,1.13859,1422,8,1.1389893907623403,1.1381134104092,49.93581044779889
2026-06-26 18:00:00,1.13859,1.13909,1.13851,1.13856,1196,8,1.1389484964040222,1.1381309237264863,49.805159904781476
2026-06-26 19:00:00,1.13856,1.13889,1.13806,1.13864,1228,8,1.1389191157941152,1.1381508875019184,50.17949509558671
2026-06-26 20:00:00,1.13867,1.13916,1.13809,1.13849,1469,8,1.138878247623247,1.138164186031255,49.43506715455305
2026-06-28 21:00:00,1.13809,1.13873,1.13799,1.13839,316,8,1.1388317478496046,1.1381730414810096,48.91408394478454
2026-06-28 22:00:00,1.13842,1.13864,1.13807,1.13851,645,8,1.1388011051972613,1.138186255540578,49.60048958856501
2026-06-28 23:00:00,1.13851,1.13868,1.13819,1.13851,615,8,1.1387733808927603,1.1381989514017319,49.60048958856501
2026-06-29 00:00:00,1.13851,1.13889,1.13829,1.13873,1591,8,1.138769249379164,1.1382197768369582,51.000345951311886
2026-06-29 01:00:00,1.13873,1.13906,1.1384400000000001,1.13848,1543,8,1.1387417018192436,1.1382299816668815,49.32379911863996
2026-06-29 02:00:00,1.13849,1.13929,1.13842,1.13875,1253,8,1.1387424921221727,1.1382503745426902,51.1900058927779
2026-06-29 03:00:00,1.13875,1.13899,1.13829,1.1383,947,8,1.138700350015299,1.1382523206390553,48.01622350950254
2026-06-29 04:00:00,1.13829,1.13848,1.13806,1.13821,924,8,1.138653650013842,1.1382506610061514,47.383471518300595
2026-06-29 05:00:00,1.13822,1.13949,1.13822,1.13941,1130,8,1.138725683345857,1.1382961252804198,55.75546004642062
2026-06-29 06:00:00,1.13939,1.14146,1.13923,1.14118,2027,8,1.1389594277891089,1.1384092184066779,64.68193578865686
2026-06-29 07:00:00,1.14118,1.14128,1.13996,1.14021,2242,8,1.139078529904432,1.1384798372926905,57.799706609312196
2026-06-29 08:00:00,1.14024,1.14071,1.13923,1.13958,2089,8,1.1391262889611526,1.1385229809282713,53.79610845197234
2026-06-29 09:00:00,1.13958,1.14034,1.13941,1.14029,1951,8,1.1392371185839,1.1385922757938294,57.37913167360385
2026-06-29 10:00:00,1.14028,1.14054,1.1399,1.14043,1577,8,1.1393507263378144,1.1386643434097576,58.069616707474005
2026-06-29 11:00:00,1.14042,1.14112,1.13984,1.14084,1959,8,1.1394925619246894,1.1387496632760417,60.10787693797566
2026-06-29 12:00:00,1.14084,1.14084,1.14002,1.14022,2107,8,1.1395618417413858,1.1388073235397265,55.698597959103914
2026-06-29 13:00:00,1.14023,1.14119,1.1400299999999999,1.14095,2391,8,1.1396940472898254,1.1388913500675804,59.46861638441696
2026-06-29 14:00:00,1.14097,1.14228,1.1404,1.14213,4187,8,1.1399260427860325,1.139018355947283,64.69819550340478
2026-06-29 15:00:00,1.14216,1.14247,1.14161,1.14232,2515,8,1.1401540387111724,1.1391478321846447,65.47073191533636
2026-06-29 16:00:00,1.14234,1.14303,1.14228,1.14255,1508,8,1.1403822255005847,1.139281250530345,66.4284814666024
2026-06-29 17:00:00,1.14255,1.14278,1.1421000000000001,1.14264,1319,8,1.140597251643386,1.1394129661958217,66.81635313149101
2026-06-29 18:00:00,1.14262,1.14288,1.14245,1.14251,1143,8,1.1407794181535398,1.1395344185018679,65.63671332104848
2026-06-29 19:00:00,1.14249,1.14265,1.14218,1.14252,989,8,1.1409451878532026,1.1396515001292455,65.68689763248588
2026-06-29 20:00:00,1.14253,1.14272,1.14216,1.14234,557,8,1.1410780271052785,1.1397569314967262,63.87853546158809
2026-06-29 21:00:00,1.14232,1.1425,1.14208,1.14239,460,20,1.1412029769047758,1.13986018908509,64.17358315239176
2026-06-29 22:00:00,1.14247,1.14255,1.1421999999999999,1.14245,440,8,1.1413217410090828,1.1399617502974393,64.54781078953258
2026-06-29 23:00:00,1.14245,1.1425,1.14188,1.14188,402,8,1.1413749085320275,1.1400369757759712,58.315815392149055
2026-06-30 00:00:00,1.14188,1.14202,1.14121,1.1416,1537,8,1.1413963458146914,1.1400982708435803,55.482037131060615
2026-06-30 01:00:00,1.14162,1.14168,1.14017,1.1404,1906,8,1.1413014557371017,1.1401101033595182,45.318154799593955
2026-06-30 02:00:00,1.14039,1.14062,1.14013,1.14033,1078,8,1.1412089361430922,1.1401187267571842,44.802556468333606
2026-06-30 03:00:00,1.14033,1.14049,1.13967,1.13982,1032,8,1.1410766565104167,1.1401070119823926,41.13088233440137
2026-06-30 04:00:00,1.13983,1.13989,1.13887,1.13889,928,8,1.1408684035094248,1.140059286022299,35.42900640706121
2026-06-30 05:00:00,1.13891,1.13926,1.13821,1.13845,1603,8,1.14063807936567,1.1399961767665225,33.09166191154843
2026-06-30 06:00:00,1.13845,1.14033,1.13831,1.14025,2421,8,1.1406011194260826,1.1400061306188156,48.15913717155283
2026-06-30 07:00:00,1.14028,1.1409,1.13968,1.13983,2127,8,1.1405276794807415,1.1399992235357248,45.579878630261035
2026-06-30 08:00:00,1.13981,1.13987,1.13831,1.13933,2773,8,1.14041361476829,1.1399729794755005,42.651319175172034
2026-06-30 09:00:00,1.13933,1.13982,1.13888,1.13968,1969,8,1.1403437466951196,1.1399614900843043,45.30070572702073
2026-06-30 10:00:00,1.13968,1.1402,1.13921,1.14015,1607,8,1.1403252946289177,1.1399688826300178,48.726263964683355
2026-06-30 11:00:00,1.14017,1.14025,1.1386,1.13928,2237,8,1.140225742759497,1.1399418676249191,43.318373884161154
2026-06-30 12:00:00,1.13927,1.14025,1.13883,1.13957,2576,8,1.1401632910681163,1.1399272845808046,45.49009279658799
2026-06-30 13:00:00,1.13957,1.14066,1.13941,1.13965,2639,8,1.1401144062044861,1.1399164106756752,46.10356937843553
2026-06-30 14:00:00,1.13964,1.14344,1.13908,1.14327,5376,8,1.140414938946916,1.1400479239825114,65.19298386650958
2026-06-30 15:00:00,1.14324,1.14363,1.14148,1.14168,3105,8,1.1405354209519716,1.1401119269635893,55.838135561923075
2026-06-30 16:00:00,1.14168,1.14178,1.14118,1.14137,1713,8,1.1406149046708314,1.1401612631610956,54.20499176338527
2026-06-30 17:00:00,1.14137,1.14218,1.14137,1.14212,1244,8,1.1407582470831332,1.1402380763704643,57.44765098243003
2026-06-30 18:00:00,1.14212,1.14267,1.14186,1.14202,1335,8,1.1408784140275967,1.1403079557284854,56.869441049563186
2026-06-30 19:00:00,1.14202,1.14262,1.14152,1.14262,1387,8,1.1410442793583018,1.14039862413129,59.503165204888866
2026-06-30 20:00:00,1.14259,1.14269,1.14201,1.14212,743,8,1.1411467289432256,1.140466129067318,56.41174411701463
2026-06-30 21:00:00,1.14212,1.14223,1.14175,1.14223,480,8,1.1412498976152994,1.1405353004764427,56.94175138142541
2026-06-30 22:00:00,1.14221,1.14226,1.14184,1.14198,333,8,1.141319431175747,1.1405919553597195,55.296096318346926
2026-06-30 23:00:00,1.14198,1.142,1.1412200000000001,1.14128,452,8,1.141315675825676,1.1406189375024756,50.863511602254135
2026-07-01 00:00:00,1.14128,1.14139,1.14082,1.14093,1280,8,1.1412789447946592,1.1406311360317904,48.75890372317882
2026-07-01 01:00:00,1.14093,1.14093,1.14023,1.14039,1353,8,1.141194283385644,1.1406216797168183,45.622348839506955
2026-07-01 02:00:00,1.14039,1.14078,1.14023,1.14051,1181,8,1.1411291135393922,1.1406173001200801,46.446784335416595
2026-07-01 03:00:00,1.14052,1.1408,1.14013,1.14039,948,8,1.1410587217737358,1.1406083863898808,45.700605586826256
2026-07-01 04:00:00,1.1404,1.14105,1.14022,1.14081,1040,8,1.141035033985761,1.1406162928059638,48.80089556534836
2026-07-01 05:00:00,1.14082,1.14103,1.1402700000000001,1.14056,1045,8,1.1409897926537838,1.1406140852449456,47.07784008507069
2026-07-01 06:00:00,1.14056,1.14094,1.13999,1.1402700000000001,1701,8,1.140921240972471,1.140600591705928,45.08906631141137
2026-07-01 07:00:00,1.1402700000000001,1.1403699999999999,1.13928,1.14019,2019,8,1.1408515989750927,1.1405844900704016,44.53020985947051
2026-07-01 08:00:00,1.14017,1.14035,1.13937,1.13963,1927,8,1.1407352562155602,1.1405470590872486,40.725046235236604
2026-07-01 09:00:00,1.13962,1.13991,1.13848,1.13877,1989,8,1.1405480889569353,1.140477370495592,35.68230581325351
2026-07-01 10:00:00,1.13877,1.1400000000000001,1.13859,1.13977,1326,8,1.140473985246751,1.140449630476157,44.31643067871157
2026-07-01 11:00:00,1.1397599999999999,1.13986,1.13843,1.13853,1865,8,1.1402888437946794,1.1403743508496411,37.57972169680508
2026-07-01 12:00:00,1.1385399999999999,1.13878,1.1368800000000001,1.13707,2935,8,1.1399822872428054,1.1402447684633807,31.506735740903736
2026-07-01 13:00:00,1.13709,1.14117,1.13614,1.13953,6980,8,1.1399392122673,1.1402167383275619,47.037259464820195
2026-07-01 14:00:00,1.1395,1.14051,1.1384400000000001,1.1395,5001,8,1.1398973825275571,1.1401886309421674,46.89760342657403
2026-07-01 15:00:00,1.13952,1.13957,1.13784,1.13836,3491,8,1.1397509651439803,1.1401169199248276,41.816754201059226
2026-07-01 16:00:00,1.13837,1.13937,1.13795,1.1381999999999999,2789,8,1.139603254177887,1.1400417465944421,41.14303061579758
2026-07-01 17:00:00,1.13822,1.13856,1.13788,1.13808,1682,8,1.1394581823514218,1.1399648153554445,40.61451400822975
2026-07-01 18:00:00,1.13808,1.13826,1.13751,1.13796,1397,8,1.1393154983179532,1.139886195145427,40.060320464127585
2026-07-01 19:00:00,1.13796,1.13813,1.1377,1.13786,1097,8,1.139176879430529,1.139806736512273,39.57568843057464
2026-07-01 20:00:00,1.1378300000000001,1.1379299999999999,1.13736,1.13769,784,8,1.1390352718657168,1.139723727237282,38.71816485780807
2026-07-01 21:00:00,1.1377,1.13784,1.1374900000000001,1.13782,296,8,1.1389195316880296,1.1396490712671925,39.79251826616855
2026-07-01 22:00:00,1.13782,1.13794,1.13768,1.13787,304,8,1.1388195762891695,1.1395793037665183,40.22656347276731
2026-07-01 23:00:00,1.13787,1.13787,1.13767,1.13772,342,8,1.1387148547378199,1.1395063898933215,39.31096688452673
2026-07-02 00:00:00,1.13772,1.13829,1.13746,1.13761,1273,8,1.1386096304770752,1.139432021662211,38.616816119404945
2026-07-02 01:00:00,1.13761,1.13855,1.1375899999999999,1.13811,1228,8,1.1385620466221156,1.1393801776754575,43.500491135179665
2026-07-02 02:00:00,1.13811,1.1388099999999999,1.13807,1.13819,1046,8,1.1385266136104857,1.1393335040411259,44.26456163513288
2026-07-02 03:00:00,1.13818,1.13832,1.13777,1.13819,946,8,1.1384945551713916,1.1392886607453956,44.26456163513288
2026-07-02 04:00:00,1.1381999999999999,1.1388099999999999,1.1381999999999999,1.13864,1014,8,1.1385084070598306,1.1392632230691058,48.783061447065265
2026-07-02 05:00:00,1.13864,1.13884,1.1381000000000001,1.13852,1092,8,1.1385095111493706,1.1392340770663958,47.67314555121758
2026-07-02 06:00:00,1.1385399999999999,1.1404,1.13851,1.1394199999999999,2604,8,1.13859622437324,1.1392413681618312,55.79631388119281
2026-07-02 07:00:00,1.13943,1.1408800000000001,1.13902,1.14074,2760,8,1.1388003934805504,1.1393001380378378,64.50067700172417
2026-07-02 08:00:00,1.14073,1.14208,1.14063,1.14198,3237,8,1.1391032131490695,1.139405230663805,70.39774059484806
2026-07-02 09:00:00,1.14196,1.14207,1.14085,1.14095,2215,8,1.139279097611063,1.1394658098534596,61.290092531095596
2026-07-02 10:00:00,1.14094,1.14111,1.14028,1.14102,1760,8,1.1394448978385807,1.1395267584866573,61.65318920356238
2026-07-02 11:00:00,1.14104,1.14142,1.14002,1.1403699999999999,1698,8,1.139533002806335,1.1395598267812983,56.3660834757893
2026-07-02 12:00:00,1.14035,1.14723,1.13952,1.1451,9451,8,1.1400631930152554,1.1397770884761493,73.90377928013746
2026-07-02 13:00:00,1.14508,1.14551,1.14384,1.14502,6665,8,1.1405352698709452,1.1399826928496337,73.36667243407105
2026-07-02 14:00:00,1.14504,1.14579,1.14334,1.14436,5019,8,1.140899529883236,1.1401543519535695,68.91670168483563
2026-07-02 15:00:00,1.14438,1.14493,1.14394,1.1447,3467,8,1.141261479418166,1.1403326126612727,69.92858821973101
2026-07-02 16:00:00,1.14472,1.14479,1.14349,1.14375,2550,8,1.1414984813783406,1.140466627851027,63.68975115017106
2026-07-02 17:00:00,1.14373,1.14373,1.14283,1.14304,1951,8,1.1416452926756415,1.1405675444058887,59.42276561221241
2026-07-02 18:00:00,1.14303,1.1436600000000001,1.14289,1.14325,1520,8,1.141798121944628,1.1406727387429128,60.27059661149755
2026-07-02 19:00:00,1.14325,1.14335,1.1426,1.1430500000000001,1232,8,1.141917348426092,1.1407659646745634,59.00609580000936
2026-07-02 20:00:00,1.14303,1.14353,1.14291,1.14331,613,8,1.1420499819093213,1.140865730765757,60.175833147669806
2026-07-02 21:00:00,1.1433200000000001,1.14334,1.143,1.14334,535,20,1.1421728407751002,1.1409627609318058,60.31653869187244
2026-07-02 22:00:00,1.14335,1.14353,1.14275,1.14286,508,8,1.142238284510805,1.141037162463892,56.855235520230345
2026-07-02 23:00:00,1.14286,1.14303,1.14217,1.14222,703,8,1.1422365431288235,1.1410835482496218,52.52701508484285
2026-07-03 00:00:00,1.1421999999999999,1.14303,1.14203,1.143,1393,8,1.1423092533070307,1.1411587032202248,56.83947380677105
2026-07-03 01:00:00,1.14301,1.14442,1.14296,1.14368,2108,8,1.142439800611123,1.1412575776037455,60.231193570041135
2026-07-03 02:00:00,1.14368,1.14444,1.14354,1.14394,1260,8,1.142582676743397,1.1413627706388927,61.477700099688974
2026-07-03 03:00:00,1.14392,1.14411,1.14364,1.14407,944,8,1.1427243265773592,1.141468936496191,62.11706719587704
2026-07-03 04:00:00,1.14408,1.14458,1.14387,1.14456,718,8,1.1428991526176109,1.1415901546728109,64.50819903779319
2026-07-03 05:00:00,1.14456,1.14545,1.14451,1.14484,1347,8,1.1430839952254574,1.1417175995876025,65.83524179290798
2026-07-03 06:00:00,1.14484,1.14619,1.14478,1.14537,2392,8,1.14330170996589,1.141860830976324,68.25480721023025
2026-07-03 07:00:00,1.14537,1.1457600000000001,1.1447,1.14541,2046,8,1.1435024994929481,1.1420000140752917,68.43648971920365
2026-07-03 08:00:00,1.14544,1.14574,1.145,1.14524,1798,8,1.143667975731715,1.1421270723468488,66.68959456394019
2026-07-03 09:00:00,1.14524,1.14524,1.14401,1.14406,1538,8,1.1437053113763136,1.1422028734312863,56.00364379617181
2026-07-03 10:00:00,1.14405,1.14497,1.14402,1.14462,1183,8,1.1437924245785693,1.1422976627084909,59.3339047711351
2026-07-03 11:00:00,1.14461,1.14568,1.14457,1.14502,1618,8,1.1439093365234674,1.1424044210336481,61.57145185714584
2026-07-03 12:00:00,1.14504,1.1452499999999999,1.14458,1.14468,1517,8,1.143982733045042,1.1424936594244854,58.619007121738875
2026-07-03 13:00:00,1.14467,1.14478,1.1437599999999999,1.14404,1611,8,1.1439881870407522,1.1425543002313685,53.42576171280027
2026-07-03 14:00:00,1.14401,1.14476,1.14383,1.14411,1589,8,1.1439997882749664,1.1426153080654324,53.906756540666954
2026-07-03 15:00:00,1.14411,1.14442,1.14345,1.14369,1359,8,1.1439702846297315,1.1426574528471802,50.534514946006404
2026-07-03 16:00:00,1.14368,1.14392,1.14351,1.14373,690,8,1.1439474003792809,1.14269951351984,50.849866925311396
2026-07-03 17:00:00,1.14375,1.14419,1.14373,1.14401,846,8,1.1439533622479208,1.1427509051465128,53.10366456614534
2026-07-03 18:00:00,1.14402,1.14409,1.14377,1.14386,821,8,1.1439444706052617,1.142794399062336,51.73501362370106
2026-07-03 19:00:00,1.14384,1.14401,1.14352,1.14361,586,8,1.1439126162619035,1.1428263834128327,49.44758914652626
2026-07-03 20:00:00,1.14361,1.14374,1.1433200000000001,1.14356,1053,8,1.1438790337607698,1.1428551526907609,48.981138445264364
2026-07-05 21:00:00,1.14347,1.14373,1.1433200000000001,1.14373,352,20,1.143864840069268,1.1428894604283781,50.684503140825484
2026-07-05 22:00:00,1.14378,1.14381,1.14346,1.14364,500,8,1.1438434267293376,1.1429188933527556,49.73774030867893
2026-07-05 23:00:00,1.14364,1.14379,1.14326,1.14365,704,8,1.1438250051360672,1.142947564201667,49.849833841486785
2026-07-06 00:00:00,1.14364,1.14407,1.14323,1.1438,1674,8,1.143822623694537,1.1429809930565036,51.59371251018162
2026-07-06 01:00:00,1.14382,1.14384,1.1428099999999999,1.14285,1464,8,1.143729992866486,1.1429758560738956,41.70298825180659
2026-07-06 02:00:00,1.14283,1.14349,1.1427,1.14333,1072,8,1.143691898307773,1.142989744070998,47.209647376747206
2026-07-06 03:00:00,1.14333,1.14354,1.14276,1.1431499999999999,952,8,1.143640288945128,1.1429960286172334,45.47492553241495
2026-07-06 04:00:00,1.14313,1.14338,1.14312,1.14324,738,8,1.1436021661884492,1.14300559612244,46.532816922056455
2026-07-06 05:00:00,1.14324,1.14329,1.14225,1.14235,1174,8,1.14348291226574,1.1429798864705796,38.56452886579573
2026-07-06 06:00:00,1.14235,1.14287,1.14194,1.14226,1898,8,1.1433664444309075,1.1429516556285961,37.85852583262248
2026-07-06 07:00:00,1.14227,1.1428,1.14163,1.14262,2321,8,1.143295354485107,1.142938649525514,42.40086125757691
2026-07-06 08:00:00,1.14262,1.14269,1.1414900000000001,1.14202,1881,8,1.143173892153192,1.1429026240539253,37.483108580805016
2026-07-06 09:00:00,1.142,1.14212,1.14108,1.1413,1553,8,1.1429954262338404,1.1428397760518105,32.59726951262128
2026-07-06 10:00:00,1.1413,1.14208,1.14094,1.14193,1587,8,1.1428939570687129,1.1428040985595826,39.97054852369095
2026-07-06 11:00:00,1.14193,1.14201,1.14117,1.14148,1712,8,1.14275929449074,1.1427521731258736,36.868192258799205
2026-07-06 12:00:00,1.1415,1.14195,1.14103,1.1413,2004,8,1.1426203140630506,1.1426952251601532,35.67539926868078
2026-07-06 13:00:00,1.1413,1.14222,1.14081,1.1412499999999999,2292,8,1.1424898079618078,1.1426385496636766,35.33343457287302
2026-07-06 14:00:00,1.1412200000000001,1.14196,1.14104,1.14168,2420,8,1.1424126833940165,1.1426009594807873,40.60618021371771
2026-07-06 15:00:00,1.1417,1.14258,1.1415,1.14251,1849,8,1.1424219516422054,1.142597392442325,49.21403709036003
2026-07-06 16:00:00,1.14252,1.14318,1.14247,1.14302,1401,8,1.142478908628662,1.142613965287724,53.65832583146333
2026-07-06 17:00:00,1.14303,1.1439,1.14296,1.14356,1104,8,1.1425818697116465,1.1426510646882055,57.86298334630451
2026-07-06 18:00:00,1.14357,1.14445,1.14346,1.14424,1026,8,1.1427397868819658,1.1427133758769032,62.47962261670891
2026-07-06 19:00:00,1.14423,1.14425,1.14377,1.14406,1031,8,1.1428655214646357,1.1427661846660444,60.58731329892942
2026-07-06 20:00:00,1.14404,1.14417,1.14388,1.14389,527,8,1.142963090848956,1.1428102558556115,58.77672296065387
2026-07-06 21:00:00,1.14401,1.14442,1.14377,1.14442,481,8,1.1431018441014364,1.14287338307696,62.53568493792636
2026-07-06 22:00:00,1.14443,1.14451,1.1442,1.14447,380,8,1.1432321446632043,1.1429359955053147,62.87957307957723
2026-07-06 23:00:00,1.14447,1.14476,1.14408,1.14411,558,8,1.1433157499333753,1.142982034897263,58.701592057054974
2026-07-07 00:00:00,1.1441,1.14421,1.1437599999999999,1.14381,1187,8,1.1433628213682918,1.1430145041169781,55.39822979310571
2026-07-07 01:00:00,1.14382,1.14471,1.1436600000000001,1.1443699999999999,1684,8,1.1434587431427403,1.143067660818273,59.9310241932959
2026-07-07 02:00:00,1.1443699999999999,1.14456,1.14392,1.1439300000000001,977,8,1.1435036247481936,1.1431014780410858,55.1854592739381
2026-07-07 03:00:00,1.1439300000000001,1.14425,1.14357,1.14364,957,8,1.1435166128674132,1.1431225965492784,52.24887052386357
2026-07-07 04:00:00,1.1436600000000001,1.14388,1.1435,1.14353,806,8,1.1435178878324215,1.143138573155189,51.13730347647014
2026-07-07 05:00:00,1.14352,1.14371,1.14278,1.14316,1374,8,1.1434838032769528,1.143139413423613,47.478418761693355
2026-07-07 06:00:00,1.1431499999999999,1.14321,1.14251,1.14295,1592,8,1.143432964869624,1.1431319854462163,45.48902924402233
2026-07-07 07:00:00,1.14297,1.14317,1.14245,1.14248,1821,8,1.1433422063106122,1.143106417389502,41.316404354050846
2026-07-07 08:00:00,1.14249,1.14354,1.14246,1.14277,1949,8,1.1432877104715065,1.1430932245506982,44.68779055899704
2026-07-07 09:00:00,1.14279,1.14299,1.14242,1.14248,1521,8,1.1432107856646962,1.1430691765291023,42.08407093240218
2026-07-07 10:00:00,1.14248,1.14337,1.1423,1.14333,1248,8,1.1432221394109157,1.1430794049005102,51.08089884726723
2026-07-07 11:00:00,1.14335,1.1439,1.14249,1.14322,1978,8,1.143221935657495,1.1430849184338234,49.99845246969348
2026-07-07 12:00:00,1.14321,1.14419,1.14306,1.14362,2054,8,1.1432598465472574,1.143105902024654,53.829881939037726
2026-07-07 13:00:00,1.14363,1.14414,1.14301,1.1436,2598,8,1.1432922421141853,1.143125278415844,53.60869102652397
2026-07-07 14:00:00,1.14361,1.1437599999999999,1.14234,1.14326,3195,8,1.1432891714366438,1.1431305616152228,49.85799179474105
2026-07-07 15:00:00,1.14325,1.14347,1.14217,1.14224,2037,8,1.1431892503474397,1.143095637630312,40.66591708773255
2026-07-07 16:00:00,1.14226,1.14256,1.14176,1.1423,1701,8,1.1431045598381597,1.1430644361546136,41.350893982144164
2026-07-07 17:00:00,1.1423,1.1429,1.14218,1.14277,1264,8,1.1430726969964304,1.1430528896387466,46.555698078057425
2026-07-07 18:00:00,1.14277,1.14295,1.1417,1.14182,1715,8,1.14295339252058,1.1430045410254623,39.01829544996304
2026-07-07 19:00:00,1.14182,1.14191,1.14078,1.14163,2176,8,1.1428273551376675,1.1429506374558365,37.70353795461653
2026-07-07 20:00:00,1.1416,1.1417,1.14095,1.14096,696,8,1.142649511791223,1.142872573241882,33.4262289057491
2026-07-07 21:00:00,1.14085,1.14106,1.13973,1.1406399999999999,1298,20,1.1424581297158685,1.1427850213500437,31.583310791367524
2026-07-07 22:00:00,1.14062,1.14086,1.14029,1.14068,509,8,1.142288784028643,1.1427024714931793,32.08734966418919
2026-07-07 23:00:00,1.14067,1.14081,1.13998,1.1401,610,8,1.1420803284068677,1.1426004137875643,28.776820139125746
2026-07-08 00:00:00,1.14012,1.14111,1.1400000000000001,1.14076,1604,8,1.141954582844309,1.1425282406978559,36.771108538783885
2026-07-08 01:00:00,1.14076,1.14091,1.13982,1.14051,1611,8,1.1418170035258033,1.142449094003822,35.161193997585485
2026-07-08 02:00:00,1.14051,1.1412200000000001,1.14041,1.14107,1381,8,1.1417458603328696,1.1423950118860253,41.35502830199281
2026-07-08 03:00:00,1.14107,1.14162,1.14107,1.1414,933,8,1.1417129212535486,1.1423559918120636,44.70703624941883
2026-07-08 04:00:00,1.14139,1.14157,1.14107,1.1414,957,8,1.141683119229401,1.1423185019370807,44.707036249418834
2026-07-08 05:00:00,1.14138,1.14205,1.1412,1.1419,1332,8,1.1417037745408867,1.142302090096411,49.7536937415724
2026-07-08 06:00:00,1.14192,1.14236,1.14169,1.14219,2356,8,1.141750081727469,1.1422976944063556,52.46371015515189
2026-07-08 07:00:00,1.14221,1.14313,1.14166,1.14254,2432,8,1.1418253120391388,1.1423071965864986,55.57774260727472
2026-07-08 08:00:00,1.14254,1.14274,1.1400299999999999,1.14101,5655,8,1.1417476632735066,1.1422563261321261,42.47783355952254
2026-07-08 09:00:00,1.14103,1.14111,1.13957,1.14041,3925,8,1.141620266771268,1.1421839211857683,38.6322529750006
2026-07-08 10:00:00,1.14043,1.14145,1.14008,1.14083,2280,8,1.1415450032692425,1.1421308262373067,42.552837854455774
2026-07-08 11:00:00,1.1408,1.14093,1.13929,1.13982,2952,8,1.1413807172436004,1.1420402056005494,36.51192967988007
2026-07-08 12:00:00,1.13981,1.14069,1.13955,1.13959,2947,8,1.1412101727442099,1.1419441191064104,35.2835376941309
2026-07-08 13:00:00,1.13957,1.14134,1.13955,1.14097,3584,8,1.141187299149523,1.1419059183571394,46.83996037149414
2026-07-08 14:00:00,1.14096,1.14131,1.14029,1.14071,2976,8,1.1411418420876638,1.1418590195980358,45.202211615802895
2026-07-08 15:00:00,1.14071,1.14117,1.13908,1.1395,2957,8,1.1409854761745528,1.141766509025564,38.46218756429231
2026-07-08 16:00:00,1.13952,1.14145,1.1394199999999999,1.14137,2601,8,1.141022097491262,1.1417509596520123,50.6974223489406
2026-07-08 17:00:00,1.14139,1.14266,1.14137,1.14187,1939,8,1.1411028501111418,1.141755627900953,53.36719845661311
2026-07-08 18:00:00,1.14186,1.14286,1.14161,1.14248,1757,8,1.141234007243414,1.1417840346499355,56.464565104568564
2026-07-08 19:00:00,1.1425,1.14299,1.14224,1.1427100000000001,1462,8,1.1413745779821365,1.1418203470166046,57.60788786728422
2026-07-08 20:00:00,1.1427100000000001,1.14275,1.14143,1.14157,908,8,1.1413931896028855,1.1418105294865417,50.525234329073804
2026-07-08 21:00:00,1.14156,1.14168,1.14117,1.14168,439,20,1.141420504878801,1.141805410683148,51.149338395808556
2026-07-08 22:00:00,1.14177,1.14189,1.1416,1.14187,430,8,1.1414633139379629,1.1418079435975343,52.26933410548158
2026-07-08 23:00:00,1.14186,1.1421999999999999,1.14168,1.14209,428,8,1.1415229983248236,1.141819004632925,53.59598077298239
2026-07-09 00:00:00,1.14211,1.14298,1.14208,1.14252,1313,8,1.1416179508653166,1.1418464946473201,56.16076705390853
2026-07-09 01:00:00,1.14254,1.1427,1.14197,1.14253,1292,8,1.1417048126876674,1.1418732987787978,56.22136724668744
2026-07-09 02:00:00,1.14253,1.14279,1.14229,1.14239,1040,8,1.1417700686221754,1.1418935615717862,55.07356526524357
2026-07-09 03:00:00,1.14239,1.143,1.14226,1.14266,964,8,1.141854823991492,1.1419236179807357,56.90104560328783
2026-07-09 04:00:00,1.14266,1.1427,1.14229,1.14267,772,8,1.1419324598018261,1.141952887863844,56.970858291354496
2026-07-09 05:00:00,1.14265,1.14337,1.14261,1.1430500000000001,1429,8,1.1420388922016522,1.1419959118691836,59.64585964705247
2026-07-09 06:00:00,1.14306,1.14492,1.14306,1.14417,2335,8,1.142241854849114,1.1420811702272549,66.29639733216825
2026-07-09 07:00:00,1.14419,1.14419,1.14323,1.14354,1820,8,1.1423654877206268,1.1421383792379507,60.2785815008471
2026-07-09 08:00:00,1.14352,1.14378,1.14253,1.14264,1915,8,1.1423916317472338,1.1421580506403841,52.89226710023236
2026-07-09 09:00:00,1.14264,1.1431,1.14234,1.14307,1726,8,1.1424562382474972,1.142193813360369,55.686190419448465
2026-07-09 10:00:00,1.14306,1.14312,1.14207,1.14233,1718,8,1.1424442155572594,1.1421991540129037,50.17142936227591
2026-07-09 11:00:00,1.14233,1.14296,1.14216,1.1429,1729,8,1.1424876235994252,1.1422266381692605,53.95409556490338
2026-07-09 12:00:00,1.14293,1.14355,1.14222,1.14246,2168,8,1.1424849927804326,1.1422357896136033,50.751299675743894
2026-07-09 13:00:00,1.14245,1.14388,1.14235,1.14387,2462,8,1.1426168982299152,1.1422998762954228,59.124941051686044
2026-07-09 14:00:00,1.14388,1.14456,1.1431,1.14326,2718,8,1.1426781460175424,1.1423375282054062,54.785066443874406
2026-07-09 15:00:00,1.14328,1.14401,1.14289,1.14384,2173,8,1.1427887987777765,1.1423964486679394,57.94587304871305
2026-07-09 16:00:00,1.14382,1.1441,1.14348,1.14367,1396,8,1.1428727227037025,1.142446391857432,56.69485017522668
2026-07-09 17:00:00,1.1436600000000001,1.14405,1.14339,1.14372,1198,8,1.1429534157795405,1.1424963372747876,56.988972724442796
2026-07-09 18:00:00,1.14371,1.14379,1.14311,1.14333,1045,8,1.1429892809433937,1.1425290299306783,53.91314016416101
2026-07-09 19:00:00,1.14333,1.1434199999999999,1.14252,1.14273,939,8,1.1429645875202132,1.1425369111098673,49.487849793673696
2026-07-09 20:00:00,1.14274,1.14299,1.1427,1.14293,482,8,1.1429612934706692,1.1425523263604607,50.933604867929525
2026-07-09 21:00:00,1.14295,1.14302,1.14275,1.14302,327,8,1.1429668845687007,1.1425706665031878,51.604875546538565
2026-07-09 22:00:00,1.14303,1.1433200000000001,1.14287,1.1433,343,8,1.142998609847872,1.1425992678167884,53.72592818716624
2026-07-09 23:00:00,1.1433200000000001,1.14335,1.1431,1.14329,323,8,1.1430263612909317,1.142626355353385,53.63551558937973
2026-07-10 00:00:00,1.14329,1.14417,1.14299,1.14397,1350,8,1.1431162316441763,1.1426790473003112,58.72241236326581
2026-07-10 01:00:00,1.14395,1.14495,1.1437599999999999,1.14469,2082,8,1.143266114344731,1.142757908190495,63.31224541963305
2026-07-10 02:00:00,1.1447,1.14603,1.14466,1.14577,2149,8,1.1435045796452328,1.1428760294379265,68.8987086585169
2026-07-10 03:00:00,1.1458,1.14591,1.14471,1.14492,1237,8,1.143639381583782,1.142956185146243,61.02300676147354
2026-07-10 04:00:00,1.1449,1.1449,1.14394,1.14425,1015,8,1.14369753571866,1.1430069229836453,55.62550588891125
2026-07-10 05:00:00,1.14425,1.14443,1.14353,1.14394,1211,8,1.1437206275549783,1.1430435142391886,53.27742051735285
2026-07-10 06:00:00,1.14395,1.14471,1.14385,1.14418,1873,8,1.143764377311647,1.14308808230824,54.86589052222381
2026-07-10 07:00:00,1.14418,1.14422,1.1436,1.1437,1959,8,1.1437582461391091,1.143112079080466,51.122388899203926
2026-07-10 08:00:00,1.14369,1.14418,1.14301,1.14303,2286,8,1.1436888893639559,1.1431088602929969,46.36683315740649
2026-07-10 09:00:00,1.14303,1.14339,1.14262,1.14269,1499,8,1.143593757043579,1.1430924343991538,44.12372063067487
2026-07-10 10:00:00,1.14269,1.1435,1.14264,1.14331,1517,8,1.1435667325632382,1.1431009663835008,48.9716125221605
2026-07-10 11:00:00,1.1433200000000001,1.1435,1.14263,1.1430500000000001,1746,8,1.143517519938168,1.143098967701795,47.125133484628435
2026-07-10 12:00:00,1.14307,1.14415,1.14229,1.14286,2774,8,1.1434548989916757,1.1430895964193717,45.76707622231717
2026-07-10 13:00:00,1.14289,1.14291,1.1419,1.14205,2452,8,1.1433210990877067,1.1430488279323376,40.419330969041084
2026-07-10 14:00:00,1.14207,1.1428,1.14114,1.14218,3590,8,1.1432124229841156,1.1430147562487167,41.59878878604791
2026-07-10 15:00:00,1.14221,1.14385,1.14211,1.14371,2548,8,1.1432598112713428,1.1430420207095513,53.31284296133925
2026-07-10 16:00:00,1.14373,1.14408,1.14292,1.14293,2044,8,1.143228400674072,1.1430376277405494,48.024319351663074
2026-07-10 17:00:00,1.14291,1.14309,1.14162,1.14176,1420,8,1.143088552990827,1.1429875246919006,41.3916113128257
2026-07-10 18:00:00,1.14174,1.14179,1.14114,1.14162,1307,8,1.1429486908012245,1.1429338962726105,40.66782974906382
2026-07-10 19:00:00,1.14162,1.14167,1.14134,1.14155,950,8,1.1428154821534888,1.1428796258305474,40.288487828948305
2026-07-10 20:00:00,1.14153,1.14178,1.14113,1.14143,774,8,1.1426835314722041,1.1428227777587612,39.60644199500141
2026-07-12 21:00:00,1.13997,1.14045,1.13986,1.14021,284,48,1.1424479570462798,1.1427203158858688,33.413249545131336
2026-07-12 22:00:00,1.1403699999999999,1.14041,1.13872,1.13945,1520,8,1.1421624373275865,1.14259206820407,30.24089425512804
2026-07-12 23:00:00,1.13945,1.1403699999999999,1.13927,1.1403699999999999,932,8,1.1419917290106736,1.1425049282744988,37.924140717357176
2026-07-13 00:00:00,1.14039,1.1405,1.13946,1.13952,1790,8,1.1417563262477524,1.142387872263734,34.17860475203405
2026-07-13 01:00:00,1.13952,1.13971,1.13838,1.1397,2046,8,1.1415604856527282,1.1422824655082935,35.62847873812153
2026-07-13 02:00:00,1.13972,1.13994,1.13929,1.13938,1335,8,1.1413528203524683,1.1421686433314977,34.18675130272395
2026-07-13 03:00:00,1.1394,1.13984,1.13904,1.13984,1118,8,1.1412087422236619,1.1420773239851645,38.066503766992696
2026-07-13 04:00:00,1.13983,1.14047,1.1396600000000001,1.14033,860,8,1.1411250524880752,1.1420088014759424,41.989519780315675
2026-07-13 05:00:00,1.14033,1.14087,1.1396600000000001,1.13984,1707,8,1.14100266653683,1.1419237504376702,39.30812074706976
2026-07-13 06:00:00,1.13981,1.14071,1.13955,1.14007,2316,8,1.14091384115237,1.1418510543420755,41.206005968403495
2026-07-13 07:00:00,1.14009,1.14257,1.1400299999999999,1.14241,3142,8,1.141056332471192,1.1418729737796411,56.20948862148444
2026-07-13 08:00:00,1.14243,1.1445400000000001,1.14236,1.14356,3318,8,1.141294776997745,1.1419391316706355,61.4200809410839
2026-07-13 09:00:00,1.14354,1.14371,1.1427100000000001,1.14312,1991,8,1.1414686077598646,1.1419854402325713,58.54950005530729
2026-07-13 10:00:00,1.14314,1.14353,1.14257,1.14353,1860,8,1.1416649308303537,1.142046011203843,60.40644801293883
2026-07-13 11:00:00,1.14354,1.1437,1.14247,1.1427100000000001,1973,8,1.141764461227463,1.1420720499801629,55.090716257104575
2026-07-13 12:00:00,1.1427,1.1430500000000001,1.14202,1.1430500000000001,2531,8,1.141886893491514,1.142110400961333,56.78867483406309
2026-07-13 13:00:00,1.14307,1.14329,1.14141,1.14142,2828,8,1.1418424274447032,1.1420833264138297,47.513870738875006
2026-07-13 14:00:00,1.14142,1.1415899999999999,1.13979,1.14057,4367,8,1.1417212438785411,1.142023980279954,43.522072490634656
2026-07-13 15:00:00,1.14057,1.14062,1.13961,1.14012,2375,8,1.1415687444615372,1.1419493143866226,41.53269781542013
2026-07-13 16:00:00,1.14013,1.14023,1.13824,1.13883,3257,8,1.1413079116556766,1.1418269883322452,36.39663703377572
2026-07-13 17:00:00,1.13883,1.13906,1.1385,1.1386,1714,8,1.141050015307517,1.1417004397701964,35.55246200278967
2026-07-13 18:00:00,1.1386,1.13886,1.13843,1.13872,1429,8,1.1408281090877535,1.1415835597792083,36.3815345361282
2026-07-13 19:00:00,1.13874,1.13876,1.13814,1.13831,1227,8,1.1405882891746342,1.141455184885906,34.737279092923245
2026-07-13 20:00:00,1.13832,1.13842,1.1377,1.13787,709,8,1.1403294044913357,1.1413145894001842,33.012927523650745
2026-07-13 21:00:00,1.13786,1.13833,1.13768,1.13833,481,8,1.1401389850159704,1.1411975466786084,36.558553602814534
2026-07-13 22:00:00,1.13832,1.13855,1.13806,1.13807,540,8,1.139941938823973,1.1410748977892513,35.417464388636176
2026-07-13 23:00:00,1.13807,1.13836,1.13797,1.13831,730,8,1.139786516078833,1.140966470424967,37.36102381037408
2026-07-14 00:00:00,1.13833,1.1389,1.13779,1.13846,2269,8,1.1396601812141822,1.1408681774671252,38.60463049909439
2026-07-14 01:00:00,1.1384400000000001,1.13901,1.13842,1.13884,1641,8,1.1395820687175935,1.1407886410958654,41.75921826752479
2026-07-14 02:00:00,1.13885,1.13939,1.13885,1.13904,1167,8,1.1395304431254416,1.1407200669352433,43.407372824179305
2026-07-14 03:00:00,1.1390500000000001,1.13962,1.13879,1.13931,1306,8,1.139509448542066,1.1406647701926849,45.64371848402843
2026-07-14 04:00:00,1.13931,1.13944,1.13871,1.13901,1055,8,1.1394618820142504,1.140599877243952,43.58291072397377
2026-07-14 05:00:00,1.13901,1.13957,1.139,1.13916,1218,8,1.1394331313462265,1.1405434114696795,44.921939136349025
2026-07-14 06:00:00,1.1391499999999999,1.13933,1.13842,1.13856,1973,8,1.1393499759799193,1.1404656306277312,40.75510853362422
2026-07-14 07:00:00,1.13858,1.13972,1.13837,1.13952,2391,8,1.1393661687437366,1.1404285470737028,48.919229898869716
2026-07-14 08:00:00,1.13955,1.14055,1.13927,1.13991,2388,8,1.1394179621967142,1.140408211894342,51.823719766200036
2026-07-14 09:00:00,1.13993,1.14032,1.13946,1.14005,1852,8,1.1394781562732175,1.1403941643690738,52.85993674145825
2026-07-14 10:00:00,1.14007,1.14012,1.13907,1.13918,1654,8,1.139449760437673,1.1403465500800907,46.208503423269285
2026-07-14 11:00:00,1.13916,1.14089,1.13896,1.1406100000000001,2012,8,1.139560259443609,1.1403568814494989,56.0072620989599
2026-07-14 12:00:00,1.1406100000000001,1.14621,1.14035,1.14457,7593,8,1.1400373775918367,1.1405221017848126,71.49348239740347
2026-07-14 13:00:00,1.14459,1.14547,1.14412,1.1451,5948,8,1.1405195321068997,1.140701627205016,72.8699934636424
2026-07-14 14:00:00,1.14512,1.1458599999999999,1.14397,1.14447,4785,8,1.1408957671443378,1.1408494065303096,68.62785050073936
2026-07-14 15:00:00,1.14446,1.14534,1.14255,1.14268,3639,8,1.1410656940829722,1.1409211945095132,58.25157676782956
2026-07-14 16:00:00,1.1427100000000001,1.1434,1.14239,1.14313,1921,8,1.1412622946464988,1.1410078143326696,59.893307899915726
2026-07-14 17:00:00,1.1431499999999999,1.14331,1.14189,1.14231,1891,8,1.141362076108737,1.1410588804372708,55.6024704158115
2026-07-14 18:00:00,1.1423,1.14259,1.14157,1.14231,1644,8,1.1414523545745718,1.1411079439495346,55.6024704158115
2026-07-14 19:00:00,1.14233,1.14258,1.14198,1.14198,1467,8,1.1415026065198506,1.1411421422260235,53.803420927081824
2026-07-14 20:00:00,1.142,1.14224,1.14182,1.14205,762,8,1.1415547392322458,1.1411777444916698,54.14236609655113
2026-07-14 21:00:00,1.14201,1.14212,1.1417,1.14187,421,20,1.14158476406727,1.1412048917665063,53.06421282057896
2026-07-14 22:00:00,1.14191,1.14229,1.14167,1.14202,663,8,1.1416262151084824,1.1412368567952709,53.88827145741008
2026-07-14 23:00:00,1.14202,1.14246,1.14197,1.14241,529,8,1.1417008612886268,1.1412828624111426,56.04890797065485
2026-07-15 00:00:00,1.14242,1.14337,1.14235,1.14326,1308,8,1.14184935068971,1.1413603972185489,60.403668357907
2026-07-15 01:00:00,1.14328,1.14369,1.14318,1.14351,1339,8,1.1420075077668805,1.1414446953668411,61.6085244128166
2026-07-15 02:00:00,1.14351,1.14419,1.14327,1.14399,1266,8,1.1421963165509872,1.1415445112348082,63.881012873134324
2026-07-15 03:00:00,1.144,1.14419,1.1433,1.14375,1080,8,1.1423442864032742,1.141631000990306,61.90783082018137
2026-07-15 04:00:00,1.14377,1.14404,1.14361,1.1436600000000001,827,8,1.1424695924601052,1.1417105695789214,61.14509708881504
2026-07-15 05:00:00,1.1436600000000001,1.14428,1.14348,1.144,1216,8,1.1426153455591428,1.1418003511640618,62.99971124509147
2026-07-15 06:00:00,1.14401,1.14436,1.14277,1.14286,1893,8,1.1426386459820816,1.141841906020373,53.7378431541967
2026-07-15 07:00:00,1.14288,1.14316,1.14195,1.14231,2151,8,1.1426073463647406,1.1418602626470251,49.92441524416038
2026-07-15 08:00:00,1.14233,1.1427100000000001,1.14207,1.14242,1788,8,1.1425895038538127,1.1418822131314554,50.67827104433464
2026-07-15 09:00:00,1.1424400000000001,1.14257,1.14162,1.14167,1872,8,1.1425019320582115,1.141873891047869,45.633941050425165
2026-07-15 10:00:00,1.14166,1.1418,1.14104,1.14153,1803,8,1.1424093671002864,1.141860405124423,44.738747434399166
2026-07-15 11:00:00,1.14155,1.14191,1.14096,1.14114,2040,8,1.1422884749954973,1.1418321539430731,42.252184683858225
2026-07-15 12:00:00,1.14116,1.14298,1.14058,1.14277,3170,8,1.1423343345197359,1.1418689322198154,53.80777561940471
2026-07-15 13:00:00,1.14279,1.14351,1.14233,1.143,3142,8,1.1423977312321418,1.1419132878190383,55.17091842901965
2026-07-15 14:00:00,1.14301,1.14411,1.14297,1.14365,3398,8,1.1425169949243188,1.141981394179076,58.865372359009946
2026-07-15 15:00:00,1.1436600000000001,1.14411,1.14313,1.1435,2716,8,1.142610614455336,1.1420409473485238,57.683942521222214
2026-07-15 16:00:00,1.14348,1.14419,1.14299,1.14416,2502,8,1.1427581749833993,1.1421240474525034,61.35876525811706
2026-07-15 17:00:00,1.14417,1.14745,1.14415,1.14728,2902,8,1.1431888249849804,1.1423262416700524,73.20499934522874
2026-07-15 18:00:00,1.14729,1.14821,1.14657,1.14664,2171,8,1.1435175083197442,1.1424954086633836,68.5617573478356
2026-07-15 19:00:00,1.14661,1.1474199999999999,1.14612,1.14636,2267,8,1.143788221813102,1.1426469612648196,66.57229000336744
2026-07-15 20:00:00,1.14634,1.14641,1.14606,1.14629,791,8,1.1440264864023302,1.1427898255289444,66.05623807752792
2026-07-15 21:00:00,1.14616,1.14646,1.14609,1.14645,367,8,1.1442572972211558,1.1429333617827113,66.69179975074283
2026-07-15 22:00:00,1.14644,1.1468099999999999,1.14642,1.14667,475,8,1.1444870784381886,1.143079896614762,67.59038438681469
2026-07-15 23:00:00,1.14667,1.14705,1.14661,1.14693,603,8,1.1447197376345517,1.143230881061242,68.66624405924293
2026-07-16 00:00:00,1.14693,1.14743,1.1467,1.14733,1607,8,1.1449683340503087,1.1433916308235461,70.2997231255012
2026-07-16 01:00:00,1.14731,1.14737,1.1464699999999999,1.14656,1511,8,1.1451199212836127,1.1435158805951717,63.443233211030595
2026-07-16 02:00:00,1.14656,1.14656,1.14598,1.14644,1149,8,1.1452456430661258,1.1436305519443808,62.421453422560205
2026-07-16 03:00:00,1.14644,1.14685,1.14629,1.14661,895,8,1.1453755818217328,1.1437473930446014,63.322655620089
2026-07-16 04:00:00,1.14661,1.14668,1.14626,1.14659,836,8,1.1454912406958535,1.1438588678271662,63.13083752590267
2026-07-16 05:00:00,1.14659,1.14685,1.14618,1.14631,1131,8,1.145569217772439,1.1439549906574735,60.37350247041308
2026-07-16 06:00:00,1.14633,1.14705,1.14629,1.14679,1836,8,1.1456854827464924,1.1440661674944352,63.3303104018233
2026-07-16 07:00:00,1.14682,1.1476,1.14663,1.14689,2022,8,1.145800198675398,1.1441769060240654,63.934089088032955
2026-07-16 08:00:00,1.14687,1.14714,1.14622,1.14656,1967,8,1.1458725607063125,1.1442703606897884,60.3997800240601
2026-07-16 09:00:00,1.14656,1.1468,1.14603,1.14658,1675,8,1.14593993587714,1.144360934780385,60.542146011000504
2026-07-16 10:00:00,1.14658,1.1468,1.14591,1.14597,1429,8,1.1459427991269362,1.1444240353772326,54.148091668784936
2026-07-16 11:00:00,1.14595,1.14686,1.14562,1.1468099999999999,2331,8,1.1460253896862755,1.1445176026173411,60.35704833972688
2026-07-16 12:00:00,1.1468099999999999,1.14703,1.14467,1.14472,3110,8,1.1459010668590113,1.1445255397696024,44.287760856693055
2026-07-16 13:00:00,1.14475,1.14587,1.14441,1.14496,2887,8,1.1458114414438674,1.1445425774256963,46.063586531325136
2026-07-16 14:00:00,1.14495,1.14536,1.14397,1.14426,2816,8,1.1456636851158801,1.144531495958022,41.87141682534038
2026-07-16 15:00:00,1.14424,1.14492,1.14363,1.14465,2210,8,1.1455671436762724,1.1445361431753545,44.88117962999201
2026-07-16 16:00:00,1.14465,1.14467,1.14338,1.14345,1786,8,1.1453655109451988,1.1444935493253405,38.30854471330108
2026-07-16 17:00:00,1.14345,1.1438,1.14307,1.1436,1361,8,1.1451973670456561,1.1444585081753273,39.50120475530462
2026-07-16 18:00:00,1.14362,1.14388,1.14345,1.14382,1201,8,1.1450661892317842,1.14443346863904,41.29383800615843
2026-07-16 19:00:00,1.1438,1.14411,1.14339,1.144,1170,8,1.1449646474001856,1.1444164698688817,42.78755974308525
2026-07-16 20:00:00,1.14398,1.14439,1.14381,1.14422,685,8,1.144893728600168,1.1444087651681412,44.64153903562342
2026-07-16 21:00:00,1.14422,1.14424,1.1439,1.14417,308,20,1.1448248020668186,1.1443994018282142,44.29025806439096
2026-07-16 22:00:00,1.14423,1.14446,1.14418,1.14428,327,8,1.144772916155693,1.1443947194035784,45.30986279849416
2026-07-16 23:00:00,1.14429,1.14461,1.14422,1.14448,454,8,1.1447450193789601,1.1443980637406932,47.201947583061106
2026-07-17 00:00:00,1.14449,1.14465,1.14408,1.14463,1190,8,1.1447340651523925,1.144407159280274,48.63719334887323
2026-07-17 01:00:00,1.14462,1.14476,1.14371,1.1439,1237,8,1.1446546303759744,1.1443872706810476,42.57195037818593
2026-07-17 02:00:00,1.14388,1.1441,1.14363,1.1436600000000001,1023,8,1.1445599036735006,1.144358750262183,40.771784670333005
2026-07-17 03:00:00,1.14368,1.144,1.14354,1.14387,928,8,1.1444941985617387,1.1443395835852348,43.04134332798722
2026-07-17 04:00:00,1.14389,1.1439,1.14343,1.14358,740,8,1.1444071320320492,1.144309795993657,40.72078598985207
2026-07-17 05:00:00,1.14358,1.14431,1.14352,1.14394,1127,8,1.1443626432670924,1.1442952941899842,44.706188588940854
2026-07-17 06:00:00,1.1439300000000001,1.14518,1.14388,1.14494,1941,8,1.1444176296226074,1.1443205767707691,53.96473118762273
2026-07-17 07:00:00,1.14495,1.14518,1.14441,1.14445,1702,8,1.1444207125156924,1.1443256521915233,49.583612391320614
2026-07-17 08:00:00,1.14448,1.14474,1.14354,1.14409,2227,8,1.1443892160856266,1.1443164109291106,46.59088553798394
2026-07-17 09:00:00,1.14409,1.14421,1.14361,1.14401,1812,8,1.144353100267948,1.1443043948142435,45.92748811571333
2026-07-17 10:00:00,1.14399,1.14399,1.14259,1.14264,1871,8,1.1441899478614765,1.1442391244293713,36.3754429258147
2026-07-17 11:00:00,1.14266,1.14355,1.14242,1.14298,1809,8,1.1440747147318122,1.1441897470007685,39.72585165007624
2026-07-17 12:00:00,1.143,1.14351,1.14246,1.14286,1853,8,1.1439590276144969,1.144137600059562,38.94633283474021
2026-07-17 13:00:00,1.14288,1.14367,1.14242,1.14356,2854,8,1.1439210249845448,1.144114949076834,45.64645522356775
2026-07-17 14:00:00,1.14358,1.14438,1.14325,1.14394,2578,8,1.143922832128874,1.144108088328723,48.92335801308446
2026-07-17 15:00:00,1.14392,1.1444,1.1436600000000001,1.14396,2087,8,1.143926371926124,1.1441022809432828,49.0973012613495
2026-07-17 16:00:00,1.14397,1.14411,1.14338,1.1438,1712,8,1.1439143365045883,1.1440904267886443,47.6978470733678
2026-07-17 17:00:00,1.14382,1.14385,1.14329,1.14341,1101,8,1.1438663044565323,1.144063743385168,44.37743083697871
2026-07-17 18:00:00,1.14341,1.1437,1.14333,1.14348,925,8,1.1438295135559102,1.1440408514877105,45.11594370922826
2026-07-17 19:00:00,1.14348,1.1441,1.14334,1.14404,1038,8,1.1438495598839187,1.1440408180960357,50.74961292113597
2026-07-17 20:00:00,1.14406,1.1442,1.1436,1.14373,638,8,1.1438381732283074,1.1440286291510933,47.823158603042216
2026-07-19 21:00:00,1.14253,1.14291,1.14253,1.14278,219,48,1.1437373948256115,1.143979663302031,40.17715068057816
2026-07-19 22:00:00,1.14289,1.1431,1.1424400000000001,1.14262,1203,8,1.1436309762707915,1.1439263431725397,39.04490184430864
2026-07-19 23:00:00,1.14265,1.14274,1.14234,1.1427,784,8,1.1435423118640495,1.1438782512834205,39.95604522832748
2026-07-20 00:00:00,1.1427100000000001,1.14331,1.1426,1.14331,1234,8,1.143520186924616,1.1438559669193649,46.52036403140786
2026-07-20 01:00:00,1.1433,1.1436,1.14306,1.14357,1383,8,1.1435249310270337,1.14384475253037,49.075843612744855
2026-07-20 02:00:00,1.14356,1.14424,1.14341,1.14404,1133,8,1.1435739852149351,1.143852409293885,53.409829254930756
2026-07-20 03:00:00,1.14405,1.14421,1.1439300000000001,1.14414,657,8,1.1436278913849414,1.1438636873607917,54.30099240401651
2026-07-20 04:00:00,1.14414,1.14447,1.14408,1.14439,577,8,1.143700473157804,1.1438843270721333,56.53912628848088
2026-07-20 05:00:00,1.14438,1.14444,1.14396,1.14396,783,8,1.143725189999918,1.143887294637932,51.83662283625362
2026-07-20 06:00:00,1.14394,1.1442,1.14338,1.14348,1613,8,1.1437018385713544,1.1438713222991896,47.12481910868555
2026-07-20 07:00:00,1.14348,1.14493,1.14338,1.14438,2376,8,1.1437664253740827,1.1438912704443194,55.32464226553277
2026-07-20 08:00:00,1.14439,1.14452,1.14372,1.14387,1611,8,1.14377628962417,1.1438904363092481,50.54150202485942
2026-07-20 09:00:00,1.14386,1.14394,1.1427100000000001,1.14297,1455,8,1.143699500136154,1.143854340767709,43.40914959626352
2026-07-20 10:00:00,1.14297,1.14357,1.1428,1.14307,1276,8,1.1436395477422345,1.1438235823062302,44.348874584974645
2026-07-20 11:00:00,1.14309,1.14401,1.14277,1.14291,2322,8,1.143570067004879,1.1437877555491232,43.11523035404325
2026-07-20 12:00:00,1.14292,1.14299,1.14164,1.14233,2459,8,1.1434519653853668,1.143730588664844,38.89186377544056
2026-07-20 13:00:00,1.14232,1.14242,1.14141,1.14147,2073,8,1.1432632067772366,1.1436419381289677,33.63135683306774
2026-07-20 14:00:00,1.14148,1.14173,1.14021,1.1406399999999999,2399,8,1.143013377560357,1.1435242150650868,29.486107892195903
2026-07-20 15:00:00,1.1406399999999999,1.14121,1.14044,1.14111,2136,8,1.1428321035069897,1.1434295399644951,34.41569555382648
2026-07-20 16:00:00,1.1411,1.14166,1.1407,1.14114,1610,8,1.1426709507920383,1.1433397540835346,34.72935753039472
2026-07-20 17:00:00,1.14113,1.14151,1.14107,1.14134,1057,8,1.142544193573749,1.1432613323547687,36.89612067851457
2026-07-20 18:00:00,1.14134,1.14185,1.14128,1.1415,1075,8,1.1424447465667253,1.1431922604977192,38.650718965023074
2026-07-20 19:00:00,1.14151,1.14178,1.14128,1.14152,1079,8,1.1423566754651324,1.1431266816546712,38.87949119200336
2026-07-20 20:00:00,1.14152,1.14165,1.14109,1.14111,551,8,1.1422379444684532,1.143047596099586,35.92219242830821
2026-07-20 21:00:00,1.1411,1.14129,1.14078,1.14112,503,20,1.1421314735666956,1.1429720040956808,36.0499587184749
2026-07-20 22:00:00,1.14116,1.14133,1.14099,1.14128,367,8,1.142050380846058,1.1429056509938893,38.174101677248416
2026-07-20 23:00:00,1.14128,1.14155,1.1412200000000001,1.14154,359,8,1.1420017731464336,1.1428520960529525,41.57045945335204
2026-07-21 00:00:00,1.14154,1.14179,1.14112,1.14129,1071,8,1.1419339852277255,1.1427908373842093,39.33301832853751
2026-07-21 01:00:00,1.1413,1.14162,1.14118,1.14144,1200,8,1.141886939015561,1.1427378633691423,41.37197496780814
2026-07-21 02:00:00,1.14144,1.14158,1.141,1.14109,863,8,1.141811040061698,1.1426732412762346,38.15007216735275
2026-07-21 03:00:00,1.14109,1.1415,1.14086,1.1412200000000001,780,8,1.1417547505320127,1.1426162514222646,40.018529901238914
2026-07-21 04:00:00,1.1412,1.14177,1.14118,1.14175,676,8,1.1417542981003923,1.1425822807782544,47.042587139002336
2026-07-21 05:00:00,1.14174,1.14213,1.14155,1.14174,1009,8,1.1417529363765455,1.1425492501594994,46.93091655537301
2026-07-21 06:00:00,1.14173,1.14234,1.1417,1.14206,1430,8,1.14178218053116,1.1425300638787348,50.94396747810564
2026-07-21 07:00:00,1.14208,1.14273,1.14202,1.14224,1783,8,1.1418257823853353,1.1425186888246668,53.092692299216715
2026-07-21 08:00:00,1.14224,1.14259,1.14178,1.14203,1536,8,1.1418452316819698,1.1424995245570329,50.32327289209592
2026-07-21 09:00:00,1.14206,1.14284,1.14199,1.14221,1388,8,1.1418799715217822,1.1424881706528356,52.60530429053544
2026-07-21 10:00:00,1.14219,1.1428099999999999,1.14196,1.14198,1466,8,1.1418894980435172,1.1424682423919401,49.477656937882095
2026-07-21 11:00:00,1.14198,1.14225,1.14162,1.14187,1552,8,1.1418876410869918,1.1424447819059818,48.00755528497589
2026-07-21 12:00:00,1.14187,1.14201,1.14129,1.14167,1903,8,1.141866913364421,1.1424143983018256,45.36812000265133
2026-07-21 13:00:00,1.14166,1.14178,1.14051,1.14111,2344,8,1.1417948263773334,1.142363245427244,38.91638357226632
2026-07-21 14:00:00,1.14112,1.14193,1.14022,1.14056,2512,8,1.1416772238652066,1.1422925299202933,33.82818678093385
2026-07-21 15:00:00,1.14056,1.14113,1.14025,1.14069,2025,8,1.1415832025447108,1.1422296856096936,35.95951997688397
2026-07-21 16:00:00,1.14071,1.14104,1.1406399999999999,1.14078,1073,8,1.1415067070642622,1.1421728351936273,37.46131580660177
2026-07-21 17:00:00,1.14078,1.14101,1.1406100000000001,1.14063,796,8,1.14142321115338,1.142112331852701,35.94821762075536
2026-07-21 18:00:00,1.1406399999999999,1.1406399999999999,1.13982,1.14026,1123,8,1.1413124291387724,1.142039691387889,32.464898376976834
2026-07-21 19:00:00,1.1402700000000001,1.1403699999999999,1.13999,1.14012,918,8,1.1411988644588893,1.1419644093726775,31.231728431624873
2026-07-21 20:00:00,1.14013,1.14028,1.13949,1.13949,517,8,1.1410361154628046,1.1418673737110039,26.37637177999123
2026-07-21 21:00:00,1.13969,1.14001,1.13953,1.14001,246,20,1.1409383901806327,1.1417945355262586,35.31509589026544
2026-07-21 22:00:00,1.1400000000000001,1.14007,1.13987,1.13989,361,8,1.140838543496763,1.1417198478585622,34.28073745846014
2026-07-21 23:00:00,1.13989,1.14021,1.13978,1.14019,414,8,1.1407767774494522,1.1416598538248932,39.08431179964752
2026-07-22 00:00:00,1.14021,1.14068,1.14008,1.1403699999999999,1319,8,1.1407380367399806,1.1416092713219563,41.83154361736715
2026-07-22 01:00:00,1.14039,1.14063,1.13984,1.14026,1051,8,1.140692509431411,1.1415563587210953,40.625751544832156
2026-07-22 02:00:00,1.14026,1.14096,1.14007,1.14053,964,8,1.1406770323427053,1.1415161093594837,44.829450488609666
2026-07-22 03:00:00,1.14053,1.14075,1.14038,1.14069,789,8,1.1406782673576858,1.1414837129140136,47.21445598280381
2026-07-22 04:00:00,1.14069,1.14084,1.14046,1.14081,567,8,1.1406908133236204,1.1414572927997386,48.99534888163482
2026-07-22 05:00:00,1.14082,1.14093,1.1405,1.14091,1001,8,1.1407116882451804,1.1414358303370038,50.494279809246684
2026-07-22 06:00:00,1.14089,1.14133,1.14066,1.14115,1729,8,1.14075343222183,1.14142462130418,53.98912734840027
2026-07-22 07:00:00,1.14117,1.14178,1.1403,1.14089,2078,8,1.1407664386768939,1.1414036557628398,49.88090478145196
2026-07-22 08:00:00,1.1408800000000001,1.1412,1.14035,1.14096,1807,8,1.1407848730886183,1.1413862574976303,50.96279389260054
2026-07-22 09:00:00,1.14094,1.14131,1.14039,1.14044,1595,8,1.1407520280325594,1.1413491493604684,43.45799291799028
2026-07-22 10:00:00,1.14044,1.14071,1.14002,1.14033,1538,8,1.1407118348866014,1.1413091827188815,42.04740809978581
2026-07-22 11:00:00,1.14035,1.1407,1.14021,1.1406399999999999,1826,8,1.14070499346883,1.1412829402593176,47.24439737825118
2026-07-22 12:00:00,1.14066,1.14134,1.14035,1.14075,1946,8,1.140709279805132,1.1412620406413052,48.99235112736187
2026-07-22 13:00:00,1.14075,1.14213,1.14069,1.14132,2337,8,1.1407674436332145,1.1412643135573326,56.9518031235896
2026-07-22 14:00:00,1.14132,1.1418,1.14075,1.14089,2439,8,1.1407791156681464,1.1412496345943,50.54417554092194
2026-07-22 15:00:00,1.1409,1.14136,1.14071,1.14132,1786,8,1.1408306284616563,1.1412523940219745,55.888867446523854
2026-07-22 16:00:00,1.14132,1.14138,1.14058,1.1409,1451,8,1.1408372352748317,1.1412385746485638,50.1841124779074
2026-07-22 17:00:00,1.1409,1.14123,1.14076,1.14097,1063,8,1.1408498795343716,1.1412280423094043,51.08036081815345
2026-07-22 18:00:00,1.14097,1.14108,1.14078,1.14106,854,8,1.1408698910072885,1.141221452414918,52.26937428307134
2026-07-22 19:00:00,1.14105,1.14118,1.1409,1.14108,707,8,1.1408899013875469,1.141215905261392,52.54540282315963
2026-07-22 20:00:00,1.14108,1.14123,1.14101,1.14116,550,8,1.1409156250649233,1.1412137128982,53.69883860566398
2026-07-22 21:00:00,1.1411,1.14113,1.14046,1.14079,497,20,1.1409036607730256,1.141197096706114,47.89992804498505
2026-07-22 22:00:00,1.14086,1.14093,1.14057,1.14078,468,8,1.140891883556547,1.141180739972541,47.74984334274004
2026-07-22 23:00:00,1.14078,1.14112,1.14078,1.14108,470,8,1.1409097994083044,1.1411767893853828,52.55289466299697
2026-07-23 00:00:00,1.1411,1.14172,1.14101,1.14168,990,8,1.1409831518456086,1.1411965231349757,60.39442206191999
2026-07-23 01:00:00,1.14168,1.14201,1.14155,1.1415899999999999,1373,8,1.1410409469079317,1.1412119536002707,58.8239822143949
2026-07-23 02:00:00,1.14158,1.14278,1.14158,1.1427,1050,8,1.1411989519643193,1.1412703083610445,69.39437059379553
2026-07-23 03:00:00,1.14273,1.14303,1.14228,1.14286,1008,8,1.1413571470153365,1.141332649209631,70.56726498480629
2026-07-23 04:00:00,1.14286,1.14354,1.14279,1.14322,1116,8,1.1415345615853045,1.141406662966116,73.06813555338032
2026-07-23 05:00:00,1.14319,1.14346,1.14283,1.14295,1046,8,1.141669365243847,1.1414671859870524,68.37559878226226
2026-07-23 06:00:00,1.14292,1.14326,1.14234,1.14249,1563,8,1.141747520934909,1.1415072963405015,61.16811748067386
2026-07-23 07:00:00,1.14251,1.14273,1.14195,1.14241,1949,8,1.1418106141792035,1.1415426964840112,59.983893443533674
2026-07-23 08:00:00,1.14242,1.14248,1.14066,1.14102,1984,8,1.141735317590708,1.1415221985826776,44.032689527321324
2026-07-23 09:00:00,1.14104,1.14148,1.14091,1.14127,1548,8,1.1416910016296882,1.1415123084421803,46.774205977384995
2026-07-23 10:00:00,1.14126,1.1413,1.1402700000000001,1.14043,1739,8,1.1415709062363846,1.1414698649738595,39.73183356957994
2026-07-23 11:00:00,1.14042,1.1406100000000001,1.13829,1.13941,2660,8,1.1413651056424432,1.1413890859552767,33.19596348837263
2026-07-23 12:00:00,1.1394,1.13957,1.13751,1.13846,2881,8,1.1410884289145913,1.1412742198393835,28.494491701422035
2026-07-23 13:00:00,1.13847,1.13859,1.13672,1.13721,3720,8,1.1407190547322492,1.1411148386692116,23.731819571871483
2026-07-23 14:00:00,1.13723,1.1375899999999999,1.13635,1.13712,3505,8,1.1403762876148922,1.1409581783292424,23.4281888813463
2026-07-23 15:00:00,1.1371,1.13757,1.13656,1.13725,2987,8,1.1400785459372833,1.140812759571233,24.92239518632273
2026-07-23 16:00:00,1.13724,1.13798,1.13723,1.13795,1982,8,1.1398758272765896,1.1407004944900083,32.55433690367933
2026-07-23 17:00:00,1.13795,1.13805,1.1371,1.13711,1464,8,1.1396124151550098,1.1405596907845177,28.774305438646508
2026-07-23 18:00:00,1.13711,1.1376,1.13708,1.13757,1091,8,1.1394178994259612,1.1404424480086541,33.339097306717065
2026-07-23 19:00:00,1.1375899999999999,1.13794,1.13733,1.13768,1020,8,1.1392523851949172,1.140334116714197,34.4214422332694
2026-07-23 20:00:00,1.13771,1.13795,1.13762,1.13765,548,8,1.1390997770811158,1.1402288572352088,34.25807284727078
2026-07-23 21:00:00,1.13766,1.13779,1.13739,1.1375899999999999,346,20,1.1389559887876761,1.1401253726377496,33.911414076492136
2026-07-23 22:00:00,1.13756,1.13796,1.13756,1.13791,339,8,1.1388563708078974,1.1400384952794065,37.541478834927304
2026-07-23 23:00:00,1.13791,1.13794,1.13754,1.1375899999999999,487,8,1.1387357640642881,1.1399424758566847,35.44483092452961
2026-07-24 00:00:00,1.1375899999999999,1.13835,1.13748,1.13835,1383,8,1.138699024629594,1.1398800258230894,43.51358435035309
2026-07-24 01:00:00,1.13837,1.13868,1.13814,1.13837,1349,8,1.1386676889505851,1.1398208091241449,43.71296585697524
2026-07-24 02:00:00,1.13837,1.13871,1.13803,1.13805,933,8,1.1386088614314818,1.1397513656290803,41.20677496161715
2026-07-24 03:00:00,1.13805,1.13822,1.13774,1.13818,915,8,1.1385680174856263,1.1396897434475477,42.64540831207207
2026-07-24 04:00:00,1.13818,1.13835,1.13762,1.13787,764,8,1.1385015396298523,1.1396183809594085,40.124071520750554
2026-07-24 05:00:00,1.13787,1.13831,1.13761,1.13776,1000,8,1.1384309168079616,1.139545503274726,39.237576233209815
2026-07-24 06:00:00,1.13776,1.13866,1.1377,1.13862,1677,8,1.138448924731013,1.1395092090286583,48.7678331687445
2026-07-24 07:00:00,1.13864,1.14008,1.13859,1.13895,2140,8,1.1384966461852022,1.1394872792628288,51.88628192048268
2026-07-24 08:00:00,1.13897,1.13903,1.1381000000000001,1.1383,1819,8,1.1384779179770876,1.1394407192917375,45.95301365126893
2026-07-24 09:00:00,1.1383,1.13887,1.13822,1.13887,1568,8,1.1385152591221268,1.1394183381430418,51.22073582111314
2026-07-24 10:00:00,1.13888,1.13925,1.13807,1.13827,1487,8,1.1384919011104957,1.1393733052746873,46.12455693639072
2026-07-24 11:00:00,1.13826,1.13879,1.13707,1.13742,1705,8,1.1383898152904486,1.1392967050678369,40.045880136475105
2026-07-24 12:00:00,1.1374,1.1378,1.1367099999999999,1.13697,2122,8,1.1382545947865963,1.1392054617318432,37.24722707842757
2026-07-24 13:00:00,1.13697,1.13763,1.13644,1.13762,2493,8,1.1381941571878729,1.139143286761967,43.40028484126463
2026-07-24 14:00:00,1.13762,1.13805,1.13702,1.13777,2518,8,1.1381537612652184,1.139089432379145,44.74669965349964
2026-07-24 15:00:00,1.1378,1.13904,1.13766,1.13842,2575,8,1.1381791173351976,1.1390631801289823,50.26761059649535
2026-07-24 16:00:00,1.13842,1.13861,1.13776,1.13776,1411,8,1.138139201398512,1.139012075025885,45.31627890433564
2026-07-24 17:00:00,1.13774,1.13776,1.13673,1.13693,1343,8,1.1380240393605585,1.13893042502487,39.9826348457265
2026-07-24 18:00:00,1.13693,1.1371,1.1367,1.13697,921,8,1.137923654659553,1.1388535456121298,40.34702653825586
2026-07-24 19:00:00,1.13697,1.13718,1.13677,1.13696,959,8,1.1378318780253098,1.1387792889214583,40.28118219929007
2026-07-24 20:00:00,1.13697,1.13718,1.13672,1.1371,510,8,1.1377621753562326,1.1387134344539502,41.71526572855955
2026-07-26 21:00:00,1.13873,1.13939,1.13841,1.1388,523,48,1.137861015798496,1.1387168291812464,55.64423277240238
2026-07-26 22:00:00,1.13897,1.13996,1.13879,1.13893,1350,8,1.137962823817687,1.1387251888211976,56.50034174616176
2026-07-26 23:00:00,1.1389,1.13948,1.1388,1.13941,730,8,1.1381006501207644,1.1387520441615426,59.60085568829715
2026-07-27 00:00:00,1.13944,1.14126,1.13944,1.14012,2244,8,1.1382929691568822,1.138805689488541,63.72008440350345
2026-07-27 01:00:00,1.14012,1.1414,1.14012,1.14136,1565,8,1.1385850673324172,1.1389058585282061,69.55808041600827
2026-07-27 02:00:00,1.14138,1.14141,1.14053,1.14053,1100,8,1.1387702990150441,1.1389695503506294,62.3283180308518
2026-07-27 03:00:00,1.14052,1.14069,1.1401,1.14031,892,8,1.1389169372040875,1.139022117003546,60.532371526046354
2026-07-27 04:00:00,1.14032,1.14049,1.14016,1.14032,589,8,1.1390505622322695,1.139073014375956,60.587961809246636
2026-07-27 05:00:00,1.14033,1.14071,1.14021,1.14057,933,8,1.139195270591101,1.1391317196945459,62.02791058229025
2026-07-27 06:00:00,1.14057,1.14178,1.14052,1.14076,2006,8,1.1393442924395676,1.1391955738241717,63.130425682242226
2026-07-27 07:00:00,1.14075,1.14096,1.13959,1.13961,2441,8,1.1393695979215135,1.139211825831067,53.0839797958305
2026-07-27 08:00:00,1.13961,1.14028,1.13944,1.14017,1836,8,1.1394458266908931,1.1392494012886722,56.697738724634135
2026-07-27 09:00:00,1.14016,1.1403,1.13941,1.13962,1484,8,1.1394624146250938,1.1392639345714695,52.42655111952856
2026-07-27 10:00:00,1.1396,1.14011,1.13931,1.1395,1746,8,1.1394659941846086,1.1392731920392551,51.51471363993477
2026-07-27 11:00:00,1.1395,1.13956,1.13849,1.13863,1802,8,1.1393863756908365,1.1392479688220296,45.355580772826784
2026-07-27 12:00:00,1.13863,1.13901,1.1376,1.13829,1916,8,1.1392819589583758,1.1392104014172442,43.182668908730754
2026-07-27 13:00:00,1.13831,1.13863,1.1372200000000001,1.1374,2534,8,1.1391027247718637,1.1391394052832344,38.044597398655576
2026-07-27 14:00:00,1.13739,1.13764,1.13686,1.1372200000000001,2277,8,1.138923417650734,1.1390641344878136,37.083562207197225
2026-07-27 15:00:00,1.1372,1.1378,1.13679,1.13748,1994,8,1.138785949303045,1.139002011566723,39.46235886299543
2026-07-27 16:00:00,1.13748,1.13848,1.13733,1.13795,1730,8,1.1387063350837072,1.1389607562111654,43.6126990351842
2026-07-27 17:00:00,1.13795,1.13795,1.13682,1.1372,1531,8,1.1385628745995446,1.1388917069479825,39.015971960786814
2026-07-27 18:00:00,1.13721,1.13734,1.13668,1.13681,1405,8,1.1383959341614929,1.1388100713813951,36.841465611433556
2026-07-27 19:00:00,1.13683,1.13731,1.13668,1.13696,940,8,1.138259178527065,1.138737519562517,38.26658063323399
2026-07-27 20:00:00,1.13696,1.13719,1.13665,1.1367099999999999,419,8,1.1381116377149636,1.1386580089914378,36.77712001654861
2026-07-27 21:00:00,1.13674,1.13714,1.13633,1.13714,809,8,1.138019100789729,1.1385984792270676,41.02881729986406
2026-07-27 22:00:00,1.13715,1.13718,1.13685,1.1369,505,8,1.1379125197621356,1.1385318721985551,39.434792443900584
2026-07-27 23:00:00,1.1369,1.13701,1.13674,1.13689,407,8,1.1378151369276466,1.1384674850535137,39.36616424002723
2026-07-28 00:00:00,1.13687,1.1374,1.13664,1.13737,1073,8,1.1377727429345372,1.1384244464239643,44.37058151160078
2026-07-28 01:00:00,1.13739,1.13767,1.13702,1.13729,1052,8,1.1377267674169622,1.138379958328907,43.72287154291823
2026-07-28 02:00:00,1.13729,1.1378300000000001,1.13709,1.13768,931,8,1.1377223133772514,1.1383525089826751,47.728834660505214
2026-07-28 03:00:00,1.13768,1.13798,1.13734,1.13743,973,8,1.1376944740079893,1.138316332159825,45.49329443000601
2026-07-28 04:00:00,1.13741,1.13741,1.13676,1.13684,838,8,1.137613095531038,1.1382584367810085,40.65380500651516
2026-07-28 05:00:00,1.13682,1.13683,1.13612,1.13656,1102,8,1.1375128007185582,1.1381918314170474,38.557512561452064
2026-07-28 06:00:00,1.13654,1.13724,1.13645,1.13684,1517,8,1.137448724459648,1.1381388184203003,41.789972542703445
2026-07-28 07:00:00,1.13683,1.1373199999999999,1.13629,1.13643,1578,8,1.1373517030825386,1.1380718059332298,38.588615770622894
2026-07-28 08:00:00,1.13643,1.13723,1.13643,1.1372,1524,8,1.137337255169916,1.13803761746526,46.82704373936949
2026-07-28 09:00:00,1.1372,1.13729,1.13556,1.13562,1308,8,1.1371737070584953,1.1379428089372106,36.11953080684057
2026-07-28 10:00:00,1.13562,1.13625,1.13529,1.13603,1423,8,1.137064782576734,1.1378677968220259,39.95634228211607
2026-07-28 11:00:00,1.13602,1.13674,1.13564,1.13648,1562,8,1.1370090889979974,1.1378133734172406,43.93646259334313
2026-07-28 12:00:00,1.13651,1.1368,1.13605,1.13654,1621,8,1.136964413855331,1.1377634372048,44.46505247480958
2026-07-28 13:00:00,1.13655,1.13737,1.13655,1.13718,1980,8,1.1369849458691088,1.1377405573144157,49.89203610383352
2026-07-28 14:00:00,1.13716,1.13861,1.13709,1.13852,2271,8,1.1371311415006222,1.1377711236942427,58.939483410511464
2026-07-28 15:00:00,1.13855,1.14017,1.13834,1.13999,3012,8,1.1374034137386582,1.1378581384513313,66.15833684984239
2026-07-28 16:00:00,1.14001,1.14049,1.13954,1.13957,1736,8,1.1376097552873574,1.1379252702767693,62.763138825758574
2026-07-28 17:00:00,1.13955,1.13977,1.1388,1.13889,1395,8,1.137731683355228,1.1379631028149353,57.60835659941707
2026-07-28 18:00:00,1.13891,1.13912,1.13858,1.13865,916,8,1.1378191420833015,1.1379900399594478,55.86443058400606
2026-07-28 19:00:00,1.13865,1.1391499999999999,1.1386,1.1387,841,8,1.1379030333134634,1.1380178815296655,56.16216913666849
2026-07-28 20:00:00,1.1387,1.13889,1.13841,1.13841,528,8,1.1379513158550383,1.1380332587245805,53.89137241070427
2026-07-28 21:00:00,1.13832,1.13901,1.13814,1.13897,522,20,1.1380483333926539,1.1380699936765577,57.46762916136778
2026-07-28 22:00:00,1.139,1.1390500000000001,1.13835,1.13849,763,8,1.1380903968790677,1.1380864645127713,53.628109663382695
2026-07-28 23:00:00,1.13849,1.13862,1.1381999999999999,1.13858,710,8,1.138137025747728,1.1381058188456037,54.24537873490323
2026-07-29 00:00:00,1.1386,1.13909,1.13826,1.1390500000000001,1193,8,1.1382239756765158,1.1381428455575409,57.432085636822485
2026-07-29 01:00:00,1.1390500000000001,1.13921,1.13851,1.13912,1497,8,1.1383093113263714,1.1381811653395981,57.902358358888165
2026-07-29 02:00:00,1.13911,1.13955,1.13898,1.13943,1017,8,1.1384160435810027,1.138230139247849,60.009402557737005
2026-07-29 03:00:00,1.13943,1.14002,1.1394,1.13967,861,8,1.1385354680018596,1.1382866043753843,61.61136659442361
2026-07-29 04:00:00,1.13967,1.14034,1.13958,1.14006,1081,8,1.138680661525492,1.13835614930184,64.12620584653953
2026-07-29 05:00:00,1.14005,1.14025,1.13972,1.13978,872,8,1.138785360427826,1.138411986584121,61.034751301322736
2026-07-29 06:00:00,1.13981,1.14004,1.13896,1.13917,1454,8,1.138821992768033,1.13844171260043,54.832852867545455
2026-07-29 07:00:00,1.13917,1.14008,1.13899,1.13973,1527,8,1.138908469647268,1.138492233674923,58.95609655728522
2026-07-29 08:00:00,1.13973,1.14002,1.13928,1.13962,1424,8,1.1389762344427663,1.1385364598053183,57.83916213040155
2026-07-29 09:00:00,1.1396,1.13968,1.13914,1.13914,1264,8,1.138991831162503,1.138560128048247,53.110756969359414
2026-07-29 10:00:00,1.13912,1.13924,1.1383,1.13851,1349,8,1.1389459424803599,1.1385581622424334,47.60940491426813
2026-07-29 11:00:00,1.13853,1.1388099999999999,1.13799,1.13817,1358,8,1.138872043196516,1.1385429401937106,44.90598079501086
2026-07-29 12:00:00,1.1381999999999999,1.13827,1.13742,1.13781,1975,8,1.1387708962254193,1.1385141974410162,42.175199947027
2026-07-29 13:00:00,1.1378300000000001,1.13919,1.13762,1.13914,1987,8,1.1388060489658556,1.1385387387178392,53.44012467908455
2026-07-29 14:00:00,1.13913,1.13967,1.13805,1.13805,2489,8,1.1387340443024407,1.1385195724936104,45.59976018056047
2026-07-29 15:00:00,1.13804,1.13852,1.13775,1.13824,1951,8,1.1386869924641132,1.13850860886641,47.0578430525264
2026-07-29 16:00:00,1.13827,1.13857,1.13764,1.13846,1331,8,1.1386653741341977,1.1385067026363547,48.77006081337401
2026-07-29 17:00:00,1.13846,1.13994,1.1384,1.13956,1715,8,1.1387505765976074,1.1385480084153212,56.368318298723665
2026-07-29 18:00:00,1.13951,1.14518,1.13894,1.14514,10792,8,1.1393590931121211,1.1388065178892302,75.8973611115426
2026-07-29 19:00:00,1.1451500000000001,1.14662,1.14395,1.14478,7432,8,1.1398753699585857,1.1390407720896525,73.60829289064347
2026-07-29 20:00:00,1.14475,1.14706,1.14465,1.14648,2337,8,1.1405043823434824,1.1393325065175093,77.11790379814607
2026-07-29 21:00:00,1.14643,1.14657,1.1452499999999999,1.14613,780,20,1.141040155453627,1.1395990748893716,74.90923470051268
2026-07-29 22:00:00,1.14616,1.14709,1.146,1.1470799999999999,888,8,1.1416153787437575,1.139892444501553,76.84750146258
2026-07-29 23:00:00,1.1470799999999999,1.14746,1.1464,1.14664,944,8,1.142093914101495,1.1401570545211,73.99632848301113
2026-07-30 00:00:00,1.14662,1.14677,1.14556,1.14579,1837,8,1.142445922282305,1.140377954343802,68.69403486411724
2026-07-30 01:00:00,1.14578,1.14607,1.14521,1.14529,1460,8,1.1427167868268473,1.1405705835852216,65.71120294679108
2026-07-30 02:00:00,1.14529,1.1455,1.14511,1.14524,805,8,1.142957092843338,1.1407536979544286,65.40535347427203
2026-07-30 03:00:00,1.14524,1.14538,1.14475,1.14495,903,8,1.143146893524925,1.1409182588189608,63.557581572991246
2026-07-30 04:00:00,1.14495,1.14537,1.14487,1.14507,691,8,1.143330046522551,1.1410810721986093,64.01066359699273
2026-07-30 05:00:00,1.14507,1.14564,1.14485,1.14497,1192,8,1.1434862325680224,1.141233579171213,63.30433541807453
2026-07-30 06:00:00,1.14496,1.14511,1.1443,1.14467,1902,8,1.1435989723234488,1.1413683407723418,61.12521833807994
2026-07-30 07:00:00,1.14466,1.14507,1.1434,1.14372,2476,8,1.1436104987688347,1.1414605627028382,54.703526391518935
2026-07-30 08:00:00,1.14372,1.14551,1.14368,1.1448,2192,8,1.1437237846003743,1.141591521028217,59.86566803558784
2026-07-30 09:00:00,1.14479,1.1467100000000001,1.14478,1.14642,1837,8,1.143980567019386,1.1417808731447576,66.10547335049198
2026-07-30 10:00:00,1.14642,1.14839,1.14609,1.14725,3126,8,1.1442919415889685,1.1419953487077084,68.78334142005885
2026-07-30 11:00:00,1.14723,1.14776,1.1464699999999999,1.14756,2003,8,1.144603185247162,1.142213570327014,69.74479428665379
2026-07-30 12:00:00,1.14755,1.14831,1.1469,1.14719,3341,8,1.144849548556956,1.1424087244318368,67.08886362070612
2026-07-30 13:00:00,1.14722,1.15235,1.14691,1.15233,7086,8,1.1455619725039128,1.142797794061961,79.03357042090228
2026-07-30 14:00:00,1.15234,1.15365,1.15023,1.15026,9309,8,1.1460094036940163,1.1430904295889428,68.28501853770507
2026-07-30 15:00:00,1.15029,1.15246,1.14982,1.15205,3399,8,1.1465846985803005,1.1434417852913372,71.85019561279373
2026-07-30 16:00:00,1.15205,1.15302,1.15205,1.1528100000000001,2444,8,1.1471775844297958,1.1438091662603045,73.22635696424547
2026-07-30 17:00:00,1.15283,1.15306,1.15134,1.15294,3184,8,1.1477263859126725,1.1441672381716652,73.46531539023101
2026-07-30 18:00:00,1.15292,1.15351,1.1527,1.1535,1703,8,1.1482762539209894,1.1445332288316,74.52028232906572
2026-07-30 19:00:00,1.1535,1.1535199999999999,1.15275,1.15307,1437,8,1.1487328011666096,1.1448680041715371,72.14827522731613
2026-07-30 20:00:00,1.15309,1.15323,1.1526,1.15272,894,8,1.1491125343888373,1.145175925576575,70.18988033626071
2026-07-30 21:00:00,1.15271,1.15272,1.15217,1.15249,352,8,1.1494341977803766,1.1454627520245524,68.86697192815002
2026-07-30 22:00:00,1.15249,1.15309,1.15248,1.15282,908,8,1.1497566551346263,1.1457512715530014,69.7479810907607
2026-07-30 23:00:00,1.15282,1.15306,1.15219,1.15224,1035,8,1.1499931641694237,1.1460057314920995,66.20205817334426
2026-07-31 00:00:00,1.15226,1.15262,1.15151,1.15174,2097,8,1.1501595294866216,1.146230604766919,63.21827680833813
2026-07-31 01:00:00,1.15175,1.15212,1.15097,1.15097,1943,8,1.1502367171545624,1.1464164634035106,58.82147565100004
2026-07-31 02:00:00,1.151,1.1515900000000001,1.1509800000000001,1.15117,1365,8,1.1503256012350804,1.1466028766033731,59.60729206280955
2026-07-31 03:00:00,1.15117,1.15131,1.1506,1.1513,1443,8,1.1504184011174536,1.146787077520888,60.13975371229271
2026-07-31 04:00:00,1.15129,1.15139,1.15041,1.15076,1144,8,1.1504509343443627,1.1469428784024216,56.790877941671624
2026-07-31 05:00:00,1.15078,1.15094,1.15043,1.15059,1285,8,1.1504641786925187,1.1470859027787974,55.738593278042444
2026-07-31 06:00:00,1.15062,1.15219,1.1505,1.15167,2724,8,1.1505790188170408,1.147265671297276,60.718306964929035
2026-07-31 07:00:00,1.1516899999999999,1.15245,1.15111,1.15141,2522,8,1.1506581598820846,1.1474281939915005,58.99744267116739
2026-07-31 08:00:00,1.15141,1.15257,1.15038,1.15215,2916,8,1.1508002398933146,1.147613362854579,62.27464573331245
2026-07-31 09:00:00,1.15214,1.15246,1.15028,1.15049,3367,8,1.1507706932368085,1.1477261721543994,52.196223652510916
2026-07-31 10:00:00,1.15049,1.15079,1.15008,1.15015,1824,8,1.1507115795952079,1.147821224226776,50.39717470481862
2026-07-31 11:00:00,1.15015,1.15017,1.14842,1.14848,2198,8,1.1504990482051882,1.147847058570824,42.62578748025499
2026-07-31 12:00:00,1.14849,1.14905,1.14811,1.14881,2022,8,1.1503381864713607,1.1478848209798114,44.448711825759325
2026-07-31 13:00:00,1.14881,1.15033,1.14547,1.14666,7687,8,1.1499878829978978,1.1478367887845247,36.34619314741419
2026-07-31 14:00:00,1.14666,1.1506,1.14621,1.15041,5870,8,1.1500280846171456,1.1479376990282688,52.58221469073608
2026-07-31 15:00:00,1.15042,1.15185,1.14967,1.15176,4180,8,1.150193028939322,1.1480875931840229,56.84929052988271
2026-07-31 16:00:00,1.15177,1.15189,1.15119,1.15168,2270,8,1.1503346452308152,1.1482284718826887,56.52467590779247
2026-07-31 17:00:00,1.15168,1.15371,1.15165,1.15329,3684,8,1.1506161075897852,1.148426963181407,61.312461567080895
2026-07-31 18:00:00,1.15331,1.15359,1.1524,1.15303,2189,8,1.1508460021050437,1.148607474429195,60.16024628205277
2026-07-31 19:00:00,1.15304,1.15358,1.15267,1.1531,1631,8,1.1510606685712301,1.1487836519025598,60.37614545359695
2026-07-31 20:00:00,1.15312,1.1547,1.15235,1.15284,4428,8,1.1512301287073035,1.1489427243769694,59.0951541194648
2026-08-02 21:00:00,1.15467,1.1547399999999999,1.15433,1.1546,406,48,1.1515510688304174,1.1491645783229705,64.57441351083949
2026-08-02 22:00:00,1.15492,1.15573,1.15451,1.15479,2034,8,1.1518595384656156,1.1493851830946187,65.11763708992349
2026-08-02 23:00:00,1.15477,1.15507,1.15417,1.15433,1605,8,1.1520948205165094,1.149579097483065,62.61427409687061
2026-08-03 00:00:00,1.15435,1.1555900000000001,1.15347,1.15422,4426,8,1.152297218562556,1.1497610936601999,62.000456102242055
2026-08-03 01:00:00,1.15424,1.15456,1.15297,1.15319,2646,8,1.152382245366122,1.1498955605754861,56.422818823168335
2026-08-03 02:00:00,1.15319,1.15351,1.15282,1.15305,1398,8,1.152445841045539,1.15001926408233,55.68948106080068
2026-08-03 03:00:00,1.15306,1.15306,1.15266,1.15294,1141,8,1.1524929038031066,1.150133802745768,55.08369170025249
2026-08-03 04:00:00,1.15295,1.15358,1.15285,1.15337,1109,8,1.1525764367742395,1.1502607124420123,57.050521671444905
2026-08-03 05:00:00,1.15338,1.15373,1.15312,1.15368,1152,8,1.1526815380338358,1.1503948021501689,58.46266668433555
2026-08-03 06:00:00,1.15367,1.15385,1.15234,1.1526399999999999,2133,8,1.1526775820306134,1.1504828491246721,52.25529135520069
2026-08-03 07:00:00,1.15262,1.15319,1.15204,1.15258,2585,8,1.1526682885038884,1.1505650903354694,51.91283382833436
2026-08-03 08:00:00,1.1526,1.15274,1.15205,1.15222,1865,8,1.152625594360661,1.1506299887536864,49.803840481678016
2026-08-03 09:00:00,1.15221,1.15299,1.15195,1.15218,1899,8,1.1525831568025027,1.1506907735084437,49.56290575165027
2026-08-03 10:00:00,1.15217,1.15244,1.15165,1.15217,1796,8,1.1525438085355977,1.1507487823904654,49.4984364825768
2026-08-03 11:00:00,1.15218,1.15324,1.15202,1.15321,1599,8,1.1526072553417313,1.1508453007280943,55.92019116922231
2026-08-03 12:00:00,1.15321,1.15347,1.15223,1.15277,2137,8,1.152622754832995,1.1509207791309142,52.85779115180472
2026-08-03 13:00:00,1.15278,1.15348,1.15214,1.15271,3031,8,1.1526310638965191,1.1509909446551922,52.436088033603454
2026-08-03 14:00:00,1.1526399999999999,1.15271,1.1509800000000001,1.15137,3447,8,1.1525109625730412,1.151005809570675,43.99433258748971
2026-08-03 15:00:00,1.15135,1.15139,1.14998,1.1509,2950,8,1.1523575375660848,1.1510016601757465,41.47236758854332
2026-08-03 16:00:00,1.15093,1.15102,1.1503700000000001,1.15066,1788,8,1.1521958673216959,1.1509882617374818,40.20494947650953
2026-08-03 17:00:00,1.15066,1.15066,1.15009,1.15016,1207,8,1.1520019751958201,1.1509557808850317,37.625167702155
2026-08-03 18:00:00,1.15017,1.15143,1.15012,1.15131,1322,8,1.1519360727962185,1.1509696718307167,46.179118968702916
2026-08-03 19:00:00,1.1513200000000001,1.15144,1.15091,1.151,978,8,1.1518469230061026,1.1509708611706888,44.41105878258309
2026-08-03 20:00:00,1.15101,1.15106,1.15054,1.15054,701,8,1.1517224541483786,1.1509539646541913,41.85051042539825
2026-08-03 21:00:00,1.15055,1.15099,1.15054,1.15099,522,20,1.1516526966104377,1.1509553778050075,45.18030784820287
2026-08-03 22:00:00,1.1510799999999999,1.1510799999999999,1.15063,1.15084,511,8,1.1515752969332531,1.1509508531852033,44.270294534997646
2026-08-03 23:00:00,1.15084,1.151,1.15058,1.15066,616,8,1.1514881257967529,1.1509394471779404,43.14719800020065
2026-08-04 00:00:00,1.15066,1.15147,1.15042,1.1505,1583,8,1.1513940185780145,1.150922213955276,42.12421444624293
2026-08-04 01:00:00,1.15048,1.15143,1.15017,1.1512,1498,8,1.1513755406182036,1.1509331075256573,47.93969373723822
2026-08-04 02:00:00,1.1512,1.15136,1.15074,1.15079,1166,8,1.1513197748450412,1.1509274954658275,45.08233037300564
2026-08-04 03:00:00,1.15078,1.15138,1.1507100000000001,1.15079,1123,8,1.1512693200978945,1.1509221034867754,45.08233037300564
2026-08-04 04:00:00,1.15078,1.15106,1.15054,1.151,829,8,1.1512436705647615,1.150925158252,46.960247866183586
2026-08-04 05:00:00,1.151,1.151,1.15035,1.15069,1071,8,1.1511909400347844,1.1509159363597647,44.539038595632555
2026-08-04 06:00:00,1.15067,1.15102,1.15034,1.15068,1848,8,1.1511422790790906,1.1509066839534996,44.45940641707878
2026-08-04 07:00:00,1.1507,1.15167,1.15058,1.15104,1884,8,1.1511325382144155,1.1509119120337545,48.05971147691446
2026-08-04 08:00:00,1.15105,1.1514,1.15058,1.15077,1832,8,1.1510980107654236,1.1509063468559602,45.668638689366226
2026-08-04 09:00:00,1.15076,1.1511,1.15028,1.15076,1547,8,1.1510658192639547,1.1509006077635695,45.57819262864753
2026-08-04 10:00:00,1.15078,1.15185,1.1507100000000001,1.15135,1900,8,1.1510928840959591,1.1509182309885275,51.66102343179171
2026-08-04 11:00:00,1.15136,1.15232,1.15112,1.15158,2296,8,1.15113927608682,1.1509441827144677,53.82760805770162
2026-08-04 12:00:00,1.15158,1.15231,1.15131,1.15144,1970,8,1.151167916459504,1.1509636265295868,52.29125113447204
2026-08-04 13:00:00,1.15145,1.15258,1.15088,1.15231,3106,8,1.1512766863205035,1.1510164254892108,59.94271380794187
2026-08-04 14:00:00,1.15234,1.15306,1.15186,1.15227,2685,8,1.1513712876233126,1.1510655852739478,59.47046249456138
2026-08-04 15:00:00,1.15226,1.15261,1.1513,1.15259,2332,8,1.1514873554687113,1.1511253662435967,62.046561622006955
2026-08-04 16:00:00,1.1526,1.15262,1.1516,1.15183,1427,8,1.151519988281215,1.1511529989399263,53.370193030804046
2026-08-04 17:00:00,1.15183,1.1526,1.15183,1.15235,1275,8,1.1515990370163374,1.1511999401579684,57.725994783354764
2026-08-04 18:00:00,1.15235,1.15333,1.15222,1.15323,1265,8,1.1517543668243053,1.1512795503478521,63.87586506540985
2026-08-04 19:00:00,1.1532499999999999,1.15332,1.1529099999999999,1.15302,990,8,1.1518749033172284,1.1513478032753872,61.573839716800535
2026-08-04 20:00:00,1.15302,1.15337,1.15302,1.15307,627,8,1.1519887220489209,1.1514153404018426,61.92567622222503
2026-08-04 21:00:00,1.15311,1.15317,1.1524,1.15295,635,8,1.1520802723299761,1.1514755231311822,60.49407302436225
2026-08-04 22:00:00,1.15294,1.15324,1.15292,1.15323,420,8,1.1521897702033117,1.1515443261456457,62.66303710050807
2026-08-04 23:00:00,1.15323,1.15327,1.15294,1.1531500000000001,598,8,1.1522812206601392,1.1516072937477775,61.62205580922664
2026-08-05 00:00:00,1.15314,1.15351,1.15293,1.1531,1155,8,1.1523591996448879,1.1516658312478647,60.94065397937893
2026-08-05 01:00:00,1.15312,1.15314,1.15265,1.15268,1107,8,1.1523897520596604,1.1517056025714778,55.39907421037768
2026-08-05 02:00:00,1.15268,1.15402,1.1526399999999999,1.15345,1669,8,1.1524907280539787,1.1517740103137728,62.18775064996492
2026-08-05 03:00:00,1.15346,1.15401,1.15343,1.15368,961,8,1.152603992048838,1.1518487550073504,63.95271365629905
2026-08-05 04:00:00,1.15368,1.15399,1.1534200000000001,1.15359,953,8,1.1526978975679962,1.151917039124709,62.71903564870036
2026-08-05 05:00:00,1.15359,1.15378,1.1531500000000001,1.1535199999999999,1093,8,1.1527761930377107,1.151979900335505,61.721746110539534
2026-08-05 06:00:00,1.15354,1.15453,1.15321,1.15442,1832,8,1.1529327460817385,1.1520755905184263,68.62866093731085
2026-08-05 07:00:00,1.15441,1.15463,1.15337,1.15375,2119,8,1.1530105797882395,1.1521412536353508,59.95548983792164
2026-08-05 08:00:00,1.15374,1.15441,1.15307,1.15351,2026,8,1.153058143617931,1.1521949299633762,57.16840868318333
2026-08-05 09:00:00,1.15353,1.15421,1.15332,1.15392,1734,8,1.1531402251781282,1.152262579768734,60.542862816145636
2026-08-05 10:00:00,1.15393,1.15406,1.15348,1.1539,1535,8,1.153212584684973,1.1523267923268228,60.29332327973064
2026-08-05 11:00:00,1.1539,1.15548,1.1539,1.15522,1929,8,1.1534037670959278,1.152440251451261,69.29004375713745
2026-08-05 12:00:00,1.15522,1.1556899999999999,1.15445,1.15454,2117,8,1.1535119797534585,1.1525225945316038,61.5527701425931
2026-08-05 13:00:00,1.15456,1.15537,1.15398,1.15433,3072,8,1.1535898864436054,1.1525934731774232,59.34870986521327
2026-08-05 14:00:00,1.15431,1.15567,1.15418,1.1553200000000001,3443,8,1.1537546591632621,1.1527003957979165,65.60201292638959
2026-08-05 15:00:00,1.15531,1.15561,1.15426,1.15454,2640,8,1.1538294535286657,1.1527725371391748,58.028141989115824
2026-08-05 16:00:00,1.15455,1.15489,1.15423,1.15457,1638,8,1.153899981764031,1.1528430258788152,58.227897333228135
2026-08-05 17:00:00,1.15459,1.15571,1.15424,1.15557,1269,8,1.1540590311198375,1.1529499660404303,64.32313117910489
2026-08-05 18:00:00,1.15558,1.15592,1.15528,1.15534,1380,8,1.1541810281560434,1.1530436928623742,62.07943369324406
2026-08-05 19:00:00,1.15533,1.15545,1.15472,1.15505,1182,8,1.1542637873792774,1.1531223715736536,59.272049108273336
2026-08-05 20:00:00,1.15505,1.15536,1.15488,1.15514,703,8,1.1543472362002984,1.1532014942570399,59.87845169277719
2026-08-05 21:00:00,1.15505,1.1553200000000001,1.15501,1.1553200000000001,518,8,1.1544398803716986,1.1532845729136265,61.12512362890057
2026-08-05 22:00:00,1.15533,1.15546,1.15503,1.15543,534,8,1.154534177479156,1.1533687073091707,61.90415856242235
2026-08-05 23:00:00,1.15543,1.15574,1.15537,1.15564,474,8,1.1546394939097127,1.153457777610772,63.41160724692233
2026-08-06 00:00:00,1.15566,1.15594,1.15544,1.1556,1167,8,1.1547309706802162,1.1535417863319182,62.90104557243783
2026-08-06 01:00:00,1.1556,1.15573,1.15533,1.15544,1299,8,1.1547984972821004,1.1536162260836076,60.79254159102031
2026-08-06 02:00:00,1.15545,1.15577,1.15522,1.1553200000000001,963,8,1.1548481642076147,1.1536830407469956,59.1899944746275
2026-08-06 03:00:00,1.1553200000000001,1.15536,1.15466,1.15486,819,8,1.1548492914259372,1.1537291960118194,53.38090931747535
2026-08-06 04:00:00,1.15486,1.15495,1.15465,1.15487,676,8,1.154851263671086,1.1537739334231205,53.48777871863129
2026-08-06 05:00:00,1.15488,1.155,1.15442,1.1549,802,8,1.1548559052262206,1.1538180928967237,53.82972507174304
2026-08-06 06:00:00,1.15491,1.15512,1.15429,1.15446,1422,8,1.1548181999665807,1.1538432657243032,48.22933502748932
2026-08-06 07:00:00,1.15445,1.15463,1.15407,1.1543700000000001,1624,8,1.1547755142554779,1.153863921970409,47.14879410546672
2026-08-06 08:00:00,1.1543700000000001,1.1545,1.15384,1.1543,1645,8,1.1547302271835278,1.1538810230696086,46.28030108110961
2026-08-06 09:00:00,1.15428,1.15436,1.15361,1.15382,1265,8,1.1546435388803347,1.1538786300080555,40.73875017737498
2026-08-06 10:00:00,1.15383,1.15423,1.15361,1.15406,1157,8,1.154587963748874,1.1538857425567592,44.32817838129817
2026-08-06 11:00:00,1.15407,1.15464,1.15372,1.15446,1611,8,1.1545757767251719,1.153908262456494,49.78705854267832
2026-08-06 12:00:00,1.15448,1.15453,1.15365,1.15383,1852,8,1.1545047503703936,1.153905193340553,42.68746150817211
2026-08-06 13:00:00,1.15385,1.15445,1.15353,1.15426,2165,8,1.1544814408113084,1.1539191073271982,48.124836651397835
2026-08-06 14:00:00,1.15425,1.15438,1.15301,1.15346,2432,8,1.154384160734041,1.1539011031182884,40.43818020376309
2026-08-06 15:00:00,1.15347,1.15354,1.15187,1.15204,2514,8,1.154160907330799,1.153828118682277,30.979581673075515
2026-08-06 16:00:00,1.15204,1.15225,1.15144,1.15202,1578,8,1.1539570113945326,1.1537572120672857,30.87006026946041
2026-08-06 17:00:00,1.15204,1.15226,1.15172,1.15226,1152,8,1.15379539126172,1.1536984978685687,33.89038746545624
2026-08-06 18:00:00,1.15226,1.15245,1.15212,1.15233,882,8,1.1536558301891753,1.1536448312854874,34.785349206028044
2026-08-06 19:00:00,1.15236,1.15253,1.15168,1.15229,1402,8,1.1535257511235395,1.153591700646841,34.4979537953208
2026-08-06 20:00:00,1.15228,1.15236,1.15186,1.15216,675,8,1.1533956795879643,1.1535355555234357,33.5284164379656
2026-08-06 21:00:00,1.1522000000000001,1.15234,1.15171,1.15195,457,20,1.153257995817682,1.153473376875458,31.96557691999959
2026-08-06 22:00:00,1.15196,1.15223,1.15196,1.15214,374,8,1.153151520025522,1.1534210875862243,34.9212704311346
2026-08-06 23:00:00,1.15214,1.1524,1.15213,1.15239,263,8,1.1530789943088056,1.1533806527789214,38.69522023482014
2026-08-07 00:00:00,1.15238,1.15238,1.15178,1.15188,962,8,1.1529648043746337,1.153321803650336,34.32250781071312
2026-08-07 01:00:00,1.15188,1.15253,1.15181,1.15213,1006,8,1.1528852991960972,1.1532750662522837,38.01993906905159
2026-08-07 02:00:00,1.15212,1.1522999999999999,1.15202,1.15212,676,8,1.1528124135583735,1.153229769536508,37.92796027542787
2026-08-07 03:00:00,1.15211,1.1522999999999999,1.15195,1.1522999999999999,554,8,1.1527636122671,1.1531933079860566,40.70848051942771
2026-08-07 04:00:00,1.1522999999999999,1.15239,1.15211,1.15231,666,8,1.1527204110988045,1.1531586684571915,40.86695977806326
2026-08-07 05:00:00,1.1522999999999999,1.15249,1.1520299999999999,1.15221,765,8,1.1526718005179661,1.1531214657725957,39.7235226537891
2026-08-07 06:00:00,1.15219,1.15245,1.15207,1.15218,1254,8,1.152624962373398,1.1530845455462193,39.36765749533857
2026-08-07 07:00:00,1.15219,1.15238,1.15173,1.15219,1366,8,1.1525835373854552,1.1530494653287204,39.56201937439717
2026-08-07 08:00:00,1.15221,1.1525,1.15178,1.15229,1432,8,1.1525555814439834,1.153019682374653,41.57881453439932
2026-08-07 09:00:00,1.15231,1.15308,1.15225,1.15285,1348,8,1.152583621306461,1.1530130281638824,51.36612621970926
2026-08-07 10:00:00,1.15285,1.15288,1.15251,1.15267,1226,8,1.152591847848703,1.1529995760790244,48.55061690920443
2026-08-07 11:00:00,1.15267,1.15329,1.1526,1.15327,1290,8,1.1526564337678742,1.1530101809386706,57.00954972683235
2026-08-07 12:00:00,1.15329,1.15808,1.15267,1.15724,6078,8,1.1530929638852194,1.1531760561959776,80.20283688806225
2026-08-07 13:00:00,1.15722,1.15751,1.15563,1.15575,3993,8,1.15334601494377,1.1532769951686843,65.84487669299466
2026-08-07 14:00:00,1.15576,1.1564,1.15501,1.15529,3410,8,1.1535311563776967,1.1533559365346182,62.14597919299819
2026-08-07 15:00:00,1.15528,1.15633,1.15499,1.1558,2618,8,1.153747236722678,1.1534517821607118,64.5253670785342
2026-08-07 16:00:00,1.1558,1.15668,1.15571,1.15586,2013,8,1.153948452272899,1.153546222075978,64.80564699090976
2026-08-07 17:00:00,1.15588,1.15631,1.15573,1.15608,1195,8,1.1541514568183373,1.1536455859161359,65.87042971665025
2026-08-07 18:00:00,1.15608,1.1565699999999999,1.15585,1.15647,990,8,1.1543722704546862,1.1537563472527579,67.73405668765642
2026-08-07 19:00:00,1.15648,1.15697,1.15606,1.15614,1487,8,1.154540625649478,1.1538498238310813,64.52350170626747
2026-08-07 20:00:00,1.15613,1.15615,1.15552,1.15581,872,8,1.1546615184447657,1.1539266934847645,61.38982558906863
2026-08-09 21:00:00,1.15609,1.15633,1.15584,1.1559300000000001,231,48,1.154782326211931,1.1540052545245778,62.11044779581608
2026-08-09 22:00:00,1.15612,1.15618,1.15545,1.1555,644,8,1.154850676096509,1.1540638719942022,57.937548664010414
2026-08-09 23:00:00,1.1555,1.1558,1.15538,1.15551,656,8,1.1549134688492224,1.1541205828963905,58.00820545175546
2026-08-10 00:00:00,1.15553,1.15589,1.15537,1.15578,1206,8,1.154995995625487,1.1541856580769243,59.9637218217134
2026-08-10 01:00:00,1.15579,1.15588,1.15516,1.15538,1542,8,1.1550325674706785,1.1542324950150842,55.81664873658427
2026-08-10 02:00:00,1.15537,1.15548,1.15506,1.15513,788,8,1.1550418467591854,1.1542676912890026,53.333963463002725
2026-08-10 03:00:00,1.15513,1.15526,1.15483,1.15487,811,8,1.1550254804011677,1.1542913112384534,50.80311426185889
2026-08-10 04:00:00,1.15488,1.15522,1.15477,1.15509,673,8,1.155031625124866,1.1543226323663573,52.84226514716678
2026-08-10 05:00:00,1.15511,1.1555900000000001,1.15497,1.15544,950,8,1.1550705179701168,1.1543664507049316,55.96906246027972
2026-08-10 06:00:00,1.15543,1.15571,1.15519,1.15545,1404,8,1.15510665911582,1.15440894283415,56.05870955916524
2026-08-10 07:00:00,1.15547,1.15651,1.15516,1.15605,1735,8,1.1551965011047896,1.1544732980171244,61.167411666997
2026-08-10 08:00:00,1.15607,1.15652,1.1559,1.15607,1348,8,1.155279691475762,1.1545359137811588,61.3288061854892
2026-08-10 09:00:00,1.15608,1.15634,1.15563,1.15565,1286,8,1.1553149589542608,1.1545796034367997,56.05958645341619
2026-08-10 10:00:00,1.15565,1.15576,1.15539,1.1555,1379,8,1.1553325819109979,1.1546156974196704,54.266343990695106
2026-08-10 11:00:00,1.1555,1.15561,1.15486,1.15522,1297,8,1.155321859824236,1.1546393955600756,50.98761672242507
2026-08-10 12:00:00,1.15522,1.15547,1.1544699999999999,1.15467,1730,8,1.1552597779362135,1.1546405957341903,45.2094119485547
2026-08-10 13:00:00,1.15469,1.15534,1.15434,1.1544699999999999,2218,8,1.1551845609899074,1.1546339057053985,43.28830820285075
2026-08-10 14:00:00,1.15448,1.15554,1.15439,1.15516,2166,8,1.1551822218480114,1.1546545368542063,51.021076153512034
2026-08-10 15:00:00,1.15515,1.1553200000000001,1.15459,1.15512,1851,8,1.1551762959577248,1.1546727903109042,50.59042433961027
2026-08-10 16:00:00,1.15513,1.15539,1.15445,1.15468,1439,8,1.1551290296760366,1.15467307304381,45.991737351021534
2026-08-10 17:00:00,1.15468,1.1547399999999999,1.15407,1.15425,1120,8,1.155045312564033,1.1546564819440528,41.97598530250955
2026-08-10 18:00:00,1.15427,1.15445,1.15397,1.15417,1046,8,1.1549619494626964,1.1546374042207566,41.25427607273998
2026-08-10 19:00:00,1.15417,1.15428,1.15399,1.15412,934,8,1.1548817637995825,1.1546171138591583,40.78232385620693
2026-08-10 20:00:00,1.15414,1.15428,1.15411,1.1542,397,8,1.154816833913908,1.1546007564529168,41.92706554035865
2026-08-10 21:00:00,1.15419,1.15425,1.15398,1.15425,295,8,1.154762849731631,1.1545870012979005,42.67296504284753
2026-08-10 22:00:00,1.15426,1.15438,1.15418,1.15436,372,8,1.1547244830905232,1.1545780992862182,44.365955626158915
2026-08-10 23:00:00,1.15435,1.15462,1.15418,1.15456,428,8,1.1547088180342828,1.1545773895102882,47.40714724509545
2026-08-11 00:00:00,1.15456,1.15493,1.15448,1.15457,897,8,1.154695597269113,1.154577099725571,47.56149777285801
2026-08-11 01:00:00,1.15457,1.15494,1.15428,1.15461,987,8,1.1546874451482452,1.1545783899324114,48.21616451557771
2026-08-11 02:00:00,1.15461,1.15461,1.15383,1.15395,1017,8,1.1546172122769836,1.1545537471899638,39.46195023763443
2026-08-11 03:00:00,1.15395,1.15446,1.1539,1.15424,758,8,1.1545812872982233,1.1545414433785928,44.25151782133821
2026-08-11 04:00:00,1.15424,1.15449,1.15389,1.15424,902,8,1.1545487837460116,1.1545296220696284,44.25151782133821
2026-08-11 05:00:00,1.15425,1.15428,1.15382,1.15408,942,8,1.154504137674963,1.1545119898316039,42.11925884317129
2026-08-11 06:00:00,1.1541,1.15431,1.15327,1.15366,1648,8,1.1544237436106808,1.1544785784656586,37.0697879505961
2026-08-11 07:00:00,1.15367,1.15396,1.1531500000000001,1.15317,1655,8,1.1543043394572825,1.1544272616630837,32.21709314800434
2026-08-11 08:00:00,1.15318,1.15384,1.15311,1.15357,1481,8,1.1542344023661129,1.1543936435586493,39.2126845506568
2026-08-11 09:00:00,1.15359,1.1537,1.1532499999999999,1.15367,1070,8,1.1541806497598164,1.1543652653798788,40.8560688206896
2026-08-11 10:00:00,1.15366,1.15381,1.1533,1.15363,1317,8,1.154128206925548,1.154336431443413,40.385742901898304
2026-08-11 11:00:00,1.15362,1.15433,1.15343,1.1536,2145,8,1.1540779015040672,1.1543075517789654,40.01369662911604
2026-08-11 12:00:00,1.15362,1.15438,1.15335,1.15412,1873,8,1.1540819108846323,1.1543001968072413,48.81554248927045
2026-08-11 13:00:00,1.15412,1.15481,1.15388,1.15436,1893,8,1.1541083955622864,1.1543025420304867,52.29475063204764
2026-08-11 14:00:00,1.15435,1.15439,1.15374,1.15421,1828,8,1.1541180721754019,1.154298912931252,50.006853287336604
2026-08-11 15:00:00,1.15423,1.15444,1.1536,1.15427,1755,8,1.1541325414920303,1.1542977790908109,50.931604625769914
2026-08-11 16:00:00,1.15429,1.15432,1.15388,1.15393,1045,8,1.1541132518261226,1.1542833563813673,45.76548012596312
2026-08-11 17:00:00,1.15393,1.15399,1.1534,1.1537600000000001,922,8,1.1540796087950633,1.1542628326017057,43.395333431492666
2026-08-11 18:00:00,1.1537600000000001,1.15419,1.15351,1.15401,976,8,1.1540729793860096,1.1542529175977174,47.68605602486324
2026-08-11 19:00:00,1.154,1.15426,1.15395,1.15422,866,8,1.1540869813492467,1.1542516267115324,51.043093126745255
2026-08-11 20:00:00,1.15424,1.15433,1.15392,1.15418,411,8,1.1540958402683659,1.154248817820884,50.37992812011783
2026-08-11 21:00:00,1.15418,1.15421,1.15375,1.15401,362,8,1.154087665004712,1.1542394524161437,47.55225411360474
2026-08-11 22:00:00,1.15401,1.1543,1.15401,1.15429,406,8,1.1541069350042632,1.1542414346743342,52.300959559192584
2026-08-11 23:00:00,1.15431,1.15434,1.15409,1.1543,374,8,1.1541253221467145,1.154243731353772,52.466488886934464
2026-08-12 00:00:00,1.1543,1.15445,1.15393,1.15405,870,8,1.1541181486089322,1.1542361340457807,47.983365362339676
2026-08-12 01:00:00,1.15406,1.15406,1.15364,1.15381,857,8,1.1540888011223673,1.1542194229067306,44.08860305467465
2026-08-12 02:00:00,1.15381,1.15398,1.15348,1.15382,830,8,1.1540632010154752,1.1542037592633294,44.291504492918655
2026-08-12 03:00:00,1.15382,1.15383,1.15346,1.1535199999999999,556,8,1.1540114675854298,1.1541769451745714,39.64353667748058
2026-08-12 04:00:00,1.1535199999999999,1.15361,1.1532499999999999,1.15355,534,8,1.1539675182915794,1.1541523590892941,40.318019032550936
2026-08-12 05:00:00,1.15355,1.15355,1.15319,1.15338,693,8,1.153911564168572,1.1541220704975572,37.744025918239046
2026-08-12 06:00:00,1.15336,1.15368,1.15331,1.15368,1177,8,1.1538895104382318,1.1541047343996138,44.48019727392476
2026-08-12 07:00:00,1.15368,1.1539,1.15354,1.15371,1000,8,1.1538724142060193,1.154089254619237,45.11968668712713
2026-08-12 08:00:00,1.15371,1.15397,1.15343,1.15371,1166,8,1.1538569461863983,1.1540743818890709,45.11968668712713
2026-08-12 09:00:00,1.15371,1.15494,1.1534200000000001,1.15359,2105,8,1.1538315227400746,1.154055386520872,42.831066665047665
2026-08-12 10:00:00,1.15358,1.15389,1.15319,1.15346,1396,8,1.1537961396219722,1.1540320380298574,40.4380557780809
2026-08-12 11:00:00,1.15345,1.15451,1.15335,1.1543,1354,8,1.1538441263246417,1.154042546342412,57.11210646837325
2026-08-12 12:00:00,1.15433,1.15625,1.15323,1.15589,5268,8,1.1540389714365804,1.1541149955054546,72.69428844026893
2026-08-12 13:00:00,1.15589,1.15625,1.15457,1.15515,4081,8,1.1541447836807155,1.1541555839170052,61.49582434118373
2026-08-12 14:00:00,1.15517,1.1554,1.15385,1.15426,2764,8,1.1541557566635046,1.154159678665358,51.266738331895695
2026-08-12 15:00:00,1.15424,1.15436,1.15348,1.15392,2006,8,1.1541333036479329,1.1541502795020107,47.98311569341099
2026-08-12 16:00:00,1.15392,1.15398,1.15242,1.15278,1747,8,1.154004417586225,1.1540965430509513,38.97027589789291
2026-08-12 17:00:00,1.15278,1.15303,1.15209,1.15212,1336,8,1.1538249492446797,1.1540190315587573,34.8848795004202
2026-08-12 18:00:00,1.15212,1.1526399999999999,1.15194,1.15209,985,8,1.1536597159832818,1.1539433832623354,34.70677414707927
2026-08-12 19:00:00,1.15208,1.15243,1.15197,1.15222,913,8,1.1535226001753502,1.1538757996049889,36.2262318175803
2026-08-12 20:00:00,1.15221,1.15258,1.1521,1.15242,565,8,1.1534175906348407,1.1538187094244012,38.59380805620664
2026-08-12 21:00:00,1.15242,1.15243,1.15197,1.15221,329,8,1.1533025820029512,1.153755622780307,37.038936961524506
2026-08-12 22:00:00,1.15222,1.1526399999999999,1.15222,1.15263,320,8,1.1532385265740985,1.153711480710491,42.0661131176526
2026-08-12 23:00:00,1.1526399999999999,1.15275,1.15258,1.15274,389,8,1.1531910478527558,1.1536733834277264,43.34208389042947
2026-08-13 00:00:00,1.15274,1.1531,1.15263,1.15284,925,8,1.153157614723922,1.1536407017246784,44.53798616694626
2026-08-13 01:00:00,1.15284,1.15306,1.15232,1.15246,1006,8,1.1530911752264055,1.1535943996962597,40.99676565618675
2026-08-13 02:00:00,1.15246,1.15253,1.15194,1.15214,737,8,1.153000587109605,1.1535373644140534,38.23945822908188
2026-08-13 03:00:00,1.15214,1.15239,1.15198,1.15222,896,8,1.1529262454801188,1.1534857030644827,39.33790170981053
2026-08-13 04:00:00,1.15222,1.15265,1.15196,1.1525400000000001,780,8,1.152889460196298,1.1534486166697973,43.654766778038564
2026-08-13 05:00:00,1.1525400000000001,1.1527,1.15229,1.15245,825,8,1.1528476068442697,1.153409455231766,42.73368414043728
2026-08-13 06:00:00,1.15245,1.15258,1.15115,1.15179,1630,8,1.1527468823829108,1.1533459471834615,36.63002529272963
2026-08-13 07:00:00,1.15176,1.15274,1.15164,1.15252,1473,8,1.1527252745369194,1.1533135570978357,45.843693363762114
2026-08-13 08:00:00,1.15252,1.1528100000000001,1.15223,1.15238,1368,8,1.152692391247689,1.1532769470155677,44.50719296671862
2026-08-13 09:00:00,1.15239,1.15345,1.15227,1.15339,1262,8,1.1527588301764804,1.1532813804659376,54.75513790759437
2026-08-13 10:00:00,1.15338,1.15381,1.15333,1.15354,1073,8,1.15283322730253,1.15329152240845,56.05316065832519
2026-08-13 11:00:00,1.15353,1.15383,1.15321,1.15337,1191,8,1.152884348511813,1.1532945999610598,54.1568529897991
2026-08-13 12:00:00,1.15337,1.1544,1.15253,1.15434,2457,8,1.1530229819868785,1.153335596041018,62.046657176844896
2026-08-13 13:00:00,1.15434,1.15449,1.15301,1.15341,2876,8,1.153059840845271,1.1533385138433312,52.684598219955156
2026-08-13 14:00:00,1.1534200000000001,1.1545,1.15312,1.15433,2914,8,1.1531808083838166,1.1533773956533966,59.23710612697466
2026-08-13 15:00:00,1.15434,1.1545,1.15297,1.15303,2295,8,1.1531664456805961,1.1533637722944399,48.92639838311603
2026-08-13 16:00:00,1.15305,1.1532499999999999,1.1524,1.1529,1440,8,1.1531410699014917,1.1533455851456382,48.026160683956036
2026-08-13 17:00:00,1.1529,1.1531,1.1525400000000001,1.15274,1054,8,1.1531028727680162,1.1533218367085543,46.882785737952155
2026-08-13 18:00:00,1.15274,1.15318,1.1526,1.15284,948,8,1.1530778372663004,1.1533029411513562,47.72052091915223
2026-08-13 19:00:00,1.15284,1.15311,1.15273,1.15285,853,8,1.1530561384790337,1.1532851787532639,47.80916513271736
2026-08-13 20:00:00,1.15285,1.15296,1.15259,1.15287,486,8,1.15303841100484,1.153268897233528,47.99907384872652
2026-08-13 21:00:00,1.15286,1.15286,1.15237,1.15272,425,20,1.1530080861472363,1.1532473718518212,46.62866675480148
2026-08-13 22:00:00,1.15279,1.15313,1.15279,1.15311,372,8,1.153017792228452,1.1532419847203774,50.57944277935758
2026-08-13 23:00:00,1.15311,1.15339,1.15309,1.15334,381,8,1.1530484786828852,1.1532458284568332,52.79854669914784
2026-08-14 00:00:00,1.15332,1.15387,1.1533,1.15378,933,8,1.1531181473797532,1.153266776360487,56.79532677170328
2026-08-14 01:00:00,1.1537600000000001,1.15378,1.15318,1.15337,1038,8,1.1531421333435863,1.1532708243463503,52.34732229419382
2026-08-14 02:00:00,1.15337,1.15371,1.15332,1.1534,756,8,1.1531666920727686,1.1532758900582583,52.639596231962805
2026-08-14 03:00:00,1.1534,1.1539,1.15335,1.15367,754,8,1.1532146261610763,1.1532913453500913,55.29705254069026
2026-08-14 04:00:00,1.15367,1.154,1.15363,1.15383,652,8,1.1532732331933546,1.1533124690618524,56.842478263387775
2026-08-14 05:00:00,1.15383,1.15426,1.15378,1.15412,775,8,1.1533538776511305,1.1533441369417798,59.57064841004811
2026-08-14 06:00:00,1.15414,1.15441,1.1538599999999999,1.1544,1209,8,1.153453508351023,1.15338554333622,62.06414914397812
2026-08-14 07:00:00,1.15442,1.15509,1.15426,1.15503,1475,8,1.1536036504128302,1.1534500318328387,66.99636130623722
2026-08-14 08:00:00,1.15502,1.15571,1.15499,1.15552,1624,8,1.1537861598973225,1.1535312070550803,70.23752643119427
2026-08-14 09:00:00,1.15549,1.15564,1.15507,1.15543,1288,8,1.1539427160975775,1.1536056695235084,68.89913177121736
2026-08-14 10:00:00,1.15543,1.1556,1.15516,1.1555,980,8,1.154091028850189,1.1536799569931748,69.38772872372004
2026-08-14 11:00:00,1.15552,1.15714,1.15551,1.15651,1788,8,1.1543214070549328,1.153790939071874,75.39424827892475
2026-08-14 12:00:00,1.15652,1.15783,1.15624,1.15655,2877,8,1.1545336540020819,1.1538991375396437,75.59845403750158
2026-08-14 13:00:00,1.15656,1.15842,1.15617,1.15799,3006,8,1.1548628298114074,1.1540595635184814,81.53845561503991
2026-08-14 14:00:00,1.15797,1.15852,1.15769,1.15801,2779,8,1.155162560305559,1.154214482596188,81.60543035512964
2026-08-14 15:00:00,1.15802,1.15848,1.15767,1.15796,2306,8,1.155428983133601,1.1543613656316316,80.81608778915582
2026-08-14 16:00:00,1.15798,1.15815,1.157,1.15708,1468,8,1.1555862228351628,1.1544679787441168,68.2952274671898
2026-08-14 17:00:00,1.15709,1.15711,1.15627,1.15644,1194,8,1.1556675349460996,1.1545453129110141,60.90479551700123
2026-08-14 18:00:00,1.15646,1.15665,1.15629,1.15649,872,8,1.155745864951233,1.154621575149798,61.25752482290295
2026-08-14 19:00:00,1.15649,1.15688,1.15641,1.15682,999,8,1.1558481635273061,1.1547077878890215,63.59227398354706
2026-08-14 20:00:00,1.15684,1.15701,1.15668,1.15699,694,8,1.155956909858039,1.1547972864031775,64.77010733964137
2026-08-16 21:00:00,1.15644,1.15652,1.15618,1.15652,264,8,1.1560105374906067,1.1548648437991313,59.07947482377607
2026-08-16 22:00:00,1.1565,1.15748,1.15648,1.15745,658,8,1.156147629158168,1.1549662224736752,65.5325265709164
2026-08-16 23:00:00,1.15746,1.15754,1.15721,1.15732,419,8,1.1562592835240568,1.1550585274747076,64.0129011620519
2026-08-17 00:00:00,1.15732,1.15805,1.15732,1.15798,1127,8,1.1564231612836704,1.1551730950247192,68.06211782426118
2026-08-17 01:00:00,1.15798,1.15832,1.1577600000000001,1.1583,1206,8,1.156601907828083,1.15529571874924,69.83437688541613
2026-08-17 02:00:00,1.1583,1.1584,1.15788,1.15795,790,8,1.156730297558742,1.1553998082100543,65.54991787363815
2026-08-17 03:00:00,1.15795,1.15834,1.15781,1.1583,756,8,1.156879793029338,1.1555135412214246,67.68500455958572
2026-08-17 04:00:00,1.15832,1.15875,1.15821,1.15843,866,8,1.1570274317884486,1.1556279121539177,68.46673001002729
2026-08-17 05:00:00,1.15844,1.15888,1.15824,1.15869,1198,8,1.1571857716181202,1.1557479940302349,70.02835042441697
2026-08-17 06:00:00,1.15871,1.15963,1.15833,1.15951,1770,8,1.1574071267021089,1.1558955236761081,74.34378249669291
2026-08-17 07:00:00,1.15952,1.16115,1.15924,1.16062,2399,8,1.1577131146352413,1.1560807972574372,78.79471969107115
2026-08-17 08:00:00,1.1606,1.16137,1.15952,1.15987,2195,8,1.1579185322890277,1.15622939344342,69.96291057507229
2026-08-17 09:00:00,1.1598600000000001,1.16021,1.15956,1.15966,1663,8,1.1580843863567394,1.1563639270338741,67.67558853334089
2026-08-17 10:00:00,1.15966,1.15983,1.15891,1.15903,1692,8,1.1581744447989546,1.1564684789148987,61.210273322923804
2026-08-17 11:00:00,1.15902,1.15951,1.15873,1.1592,1328,8,1.1582721167228638,1.1565755973888243,62.258064848231825
2026-08-17 12:00:00,1.15917,1.15973,1.15867,1.15973,2307,8,1.1584109627492576,1.1566992994520076,65.39634537734847
2026-08-17 13:00:00,1.15975,1.15995,1.15875,1.15945,2290,8,1.1585099186778998,1.1568071700617328,62.44232485784007
2026-08-17 14:00:00,1.15945,1.1599,1.15856,1.15865,2439,8,1.1585232597561952,1.1568794379024492,54.822646107980106
2026-08-17 15:00:00,1.15865,1.1589800000000001,1.1581299999999999,1.15897,1919,8,1.1585658064460813,1.1569614207298042,57.078826691561815
2026-08-17 16:00:00,1.15897,1.15915,1.1584699999999999,1.15878,1134,8,1.1585862058321688,1.1570327375639295,55.31252510689308
2026-08-17 17:00:00,1.15879,1.15892,1.15759,1.1577,1408,8,1.1585018052767242,1.1570589047182853,46.5034581859058
2026-08-17 18:00:00,1.15771,1.15783,1.15705,1.15722,1286,8,1.158379728583703,1.1570652221803135,43.20971318832425
2026-08-17 19:00:00,1.15722,1.15801,1.1571799999999999,1.15785,1027,8,1.158329278242398,1.1570959977810855,48.37775053744754
2026-08-17 20:00:00,1.15783,1.15794,1.15768,1.15791,431,8,1.158289346981217,1.1571279194367292,48.855114006324555
2026-08-17 21:00:00,1.15789,1.15792,1.15758,1.15777,384,8,1.1582398853639582,1.1571530990666614,47.7456641879604
2026-08-17 22:00:00,1.15778,1.15799,1.15773,1.15782,432,8,1.1581998962816764,1.1571792520444395,48.198113425794396
2026-08-17 23:00:00,1.15782,1.15834,1.15779,1.15824,437,8,1.1582037156834215,1.1572208500034813,51.96087408872514
2026-08-18 00:00:00,1.15824,1.15846,1.15772,1.1582,1076,8,1.15820336180881,1.1572592480425605,51.576628094345196
2026-08-18 01:00:00,1.1582,1.15855,1.15783,1.15792,1126,8,1.1581763749698757,1.1572851598840288,48.85324319928872
2026-08-18 02:00:00,1.15793,1.15801,1.15747,1.15798,974,8,1.1581576725917921,1.1573124085160278,49.468975706481416
2026-08-18 03:00:00,1.15799,1.15799,1.15712,1.15728,861,8,1.1580740847259072,1.1573111375938305,42.96966339436909
2026-08-18 04:00:00,1.15727,1.15745,1.15695,1.15711,835,8,1.1579822671329638,1.157303249845053,41.542217268853115
2026-08-18 05:00:00,1.15711,1.15739,1.15689,1.15728,905,8,1.1579153845488719,1.1573023380864234,43.56132399250833
2026-08-18 06:00:00,1.15728,1.15745,1.15663,1.15719,1774,8,1.1578463003061221,1.1572979326712696,42.720069952669746
2026-08-18 07:00:00,1.1571799999999999,1.15771,1.15692,1.15736,1750,8,1.1577999859912533,1.157300366684161,44.885206886670694
2026-08-18 08:00:00,1.15737,1.15772,1.15686,1.15759,1421,8,1.1577799873254195,1.1573117248534095,47.762153183475256
2026-08-18 09:00:00,1.15759,1.15797,1.15722,1.15787,1350,8,1.1577885599610938,1.157333617996413,51.108073561360634
2026-08-18 10:00:00,1.15787,1.15788,1.15734,1.15756,1195,8,1.1577667923457513,1.1573424957220442,47.48191410091155
2026-08-18 11:00:00,1.15757,1.15765,1.1572,1.15763,1098,8,1.1577537645032987,1.157353770399611,48.372668739358865
2026-08-18 12:00:00,1.15763,1.15791,1.15713,1.1574200000000001,1809,8,1.1577219774077465,1.157356367638842,45.85970403362747
2026-08-18 13:00:00,1.1574,1.15845,1.15698,1.15802,2514,8,1.1577503605117705,1.1573823924373188,53.32115191885878
2026-08-18 14:00:00,1.158,1.15881,1.158,1.15807,2738,8,1.1577808023677925,1.157409357439777,53.891431161431306
2026-08-18 15:00:00,1.15807,1.15859,1.15761,1.15788,2264,8,1.1577902497613362,1.157427814010766,51.325365502171934
2026-08-18 16:00:00,1.15787,1.15852,1.1578,1.15793,1305,8,1.1578035593078755,1.1574475075789714,51.97344836748509
2026-08-18 17:00:00,1.15793,1.15801,1.1574,1.15762,1178,8,1.1577860774690303,1.1574542719876393,47.73020884307362
2026-08-18 18:00:00,1.15762,1.15782,1.1574,1.15754,786,8,1.1577626415195987,1.1574576338704772,46.67125156637134
2026-08-18 19:00:00,1.15755,1.15804,1.15736,1.15744,1105,8,1.1577319137558273,1.1574569423461447,45.317782145735386
2026-08-18 20:00:00,1.15743,1.15757,1.1571500000000001,1.1574,644,8,1.1577003029219388,1.1574547093129628,44.758642125340046
2026-08-18 21:00:00,1.1575199999999999,1.15755,1.15704,1.15741,481,8,1.1576726550246115,1.1574529560065723,44.94153665204327
2026-08-18 22:00:00,1.1574,1.15764,1.15736,1.15759,386,8,1.1576647831175055,1.1574583302808243,48.262032315246316
2026-08-18 23:00:00,1.15759,1.1578,1.15728,1.15759,545,8,1.1576576609158382,1.1574634937992234,48.262032315246316
2026-08-19 00:00:00,1.15761,1.15812,1.1573,1.1574,1454,8,1.1576331217809963,1.157461003846313,44.94385482620016
2026-08-19 01:00:00,1.15739,1.15775,1.15696,1.15768,1280,8,1.1576375863732824,1.1574695919307714,50.36027657696221
2026-08-19 02:00:00,1.15768,1.15867,1.15761,1.15821,1578,8,1.1576921019567792,1.1574986275413295,58.65230049264229
2026-08-19 03:00:00,1.15821,1.15844,1.15806,1.15807,804,8,1.1577280922466098,1.1575210343044147,55.99162965036533
2026-08-19 04:00:00,1.15808,1.1586400000000001,1.1580300000000001,1.15855,888,8,1.157806369175504,1.1575613859003202,62.305329548974754
2026-08-19 05:00:00,1.15855,1.15892,1.15841,1.1588,1121,8,1.1579010006825987,1.1576099590022686,65.11269843586982
2026-08-19 06:00:00,1.1588,1.15983,1.15871,1.15941,1726,8,1.1580447149033035,1.1576805488453168,70.82273205265457
2026-08-19 07:00:00,1.1594,1.15973,1.15912,1.1596,1463,8,1.1581928372934651,1.1577558214396182,72.34122465978655
2026-08-19 08:00:00,1.1596,1.16049,1.15951,1.15979,1890,8,1.1583449480274208,1.1578355931478685,73.80914477405625
2026-08-19 09:00:00,1.15979,1.1608,1.1595900000000001,1.16058,1370,8,1.1585578101200473,1.1579432169459913,78.83814245126638
2026-08-19 10:00:00,1.16059,1.16115,1.16046,1.16062,1291,8,1.1587542091562333,1.1580481888304623,79.05741268188099
2026-08-19 11:00:00,1.16061,1.16083,1.15992,1.16024,1474,8,1.1588957130461157,1.15813414220966,71.48003504056501
2026-08-19 12:00:00,1.16024,1.16433,1.16022,1.16351,4548,8,1.1593351689464857,1.1583449601622224,84.89592206456581
2026-08-19 13:00:00,1.16353,1.16594,1.16351,1.16559,5665,8,1.1599308671420585,1.158629079371547,88.57684509717174
2026-08-19 14:00:00,1.1656,1.16769,1.16534,1.1663000000000001,4891,8,1.1605374512237674,1.158929899788349,89.5160635082177
2026-08-19 15:00:00,1.1663000000000001,1.16678,1.16562,1.16635,3274,8,1.1610910272976944,1.1592208841103746,89.58103182003018
2026-08-19 16:00:00,1.16637,1.16717,1.16632,1.16681,2064,8,1.1616356913645807,1.159518496498203,90.18372519687736
2026-08-19 17:00:00,1.16682,1.16717,1.16583,1.16589,1957,8,1.162040863615573,1.1597683593806265,80.1924715394258
2026-08-19 18:00:00,1.16591,1.16747,1.16584,1.16729,2838,8,1.1625407813664708,1.1600633256794255,83.23610077738364
2026-08-19 19:00:00,1.16731,1.1679,1.16694,1.16767,2014,8,1.1630292783791878,1.1603616266331735,83.95670256996561
2026-08-19 20:00:00,1.16769,1.16789,1.16746,1.16773,707,8,1.1634769661525983,1.1606505824514806,84.07311609721064
2026-08-19 21:00:00,1.16773,1.16773,1.16731,1.16758,388,8,1.1638677312809225,1.1609223243161284,82.46213996467185
2026-08-19 22:00:00,1.1676,1.168,1.16741,1.16748,607,8,1.1642117568732155,1.1611794880684372,81.34309870747887
2026-08-19 23:00:00,1.16748,1.16771,1.16722,1.16738,700,8,1.1645134943138618,1.1614226453990866,80.1714539840842
2026-08-20 00:00:00,1.16738,1.16795,1.1672,1.16739,1596,8,1.164787447236351,1.1616566593050046,80.20216383003488
2026-08-20 01:00:00,1.16738,1.16826,1.16696,1.1676199999999999,2304,8,1.1650572141662225,1.1618905158028476,80.9335863027673
2026-08-20 02:00:00,1.1676199999999999,1.16836,1.16724,1.16747,1603,8,1.165287003293249,1.162109319104697,78.88665980617625
2026-08-20 03:00:00,1.16747,1.16797,1.16738,1.16789,1159,8,1.1655349077415111,1.1623360124731403,80.38273888612952
2026-08-20 04:00:00,1.16791,1.168,1.16714,1.16727,951,8,1.1657001546232721,1.1625295021800761,72.24451611630768
2026-08-20 05:00:00,1.16729,1.1677,1.16699,1.16756,1405,8,1.165877282754389,1.162726776604387,73.59132029435949
2026-08-20 06:00:00,1.16756,1.16881,1.16728,1.16876,2095,8,1.166151827253971,1.1629633736002936,78.28651064086573
2026-08-20 07:00:00,1.16875,1.16934,1.16779,1.16922,2585,8,1.1664440341821642,1.1632087314983213,79.77120735048354
2026-08-20 08:00:00,1.16923,1.16995,1.16883,1.16982,2183,8,1.1667655547362439,1.1634679969297597,81.54387288386005
2026-08-20 09:00:00,1.16983,1.17094,1.16951,1.1706699999999999,2288,8,1.1671374066661253,1.1637504284227103,83.7203506848598
2026-08-20 10:00:00,1.17065,1.17103,1.16938,1.16968,1995,8,1.1673795584122086,1.1639829606414276,72.93248278787632
2026-08-20 11:00:00,1.1696900000000001,1.1698,1.16824,1.16845,2380,8,1.1674815052300935,1.1641581386554893,62.207387827129054
2026-08-20 12:00:00,1.16846,1.16899,1.16773,1.16881,3372,8,1.1676080285415131,1.1643405645905682,63.88152715949769
2026-08-20 13:00:00,1.16883,1.16942,1.16747,1.16751,3692,8,1.1675986924899404,1.1644648561752518,54.49385792728827
2026-08-20 14:00:00,1.16751,1.1684700000000001,1.16705,1.16827,3279,8,1.1676626265385175,1.1646140775017124,58.34755775406714
2026-08-20 15:00:00,1.16827,1.16933,1.1672,1.16785,4710,8,1.1676804716300873,1.164740976423214,55.54795555527736
2026-08-20 16:00:00,1.16787,1.16797,1.16687,1.16729,2232,8,1.1676432838557933,1.1648409381321077,51.96757249326426
2026-08-20 17:00:00,1.16729,1.16748,1.16698,1.16743,1336,8,1.1676229711076225,1.1649424699700643,52.786883474314045
2026-08-20 18:00:00,1.16743,1.16763,1.16704,1.16754,1227,8,1.1676150690973728,1.165044333892807,53.458625893466866
2026-08-20 19:00:00,1.16754,1.16781,1.1673,1.16775,1108,8,1.1676279196595278,1.1651504384460303,54.78134917630114
2026-08-20 20:00:00,1.16777,1.16794,1.16756,1.16783,575,8,1.1676471654062395,1.165255519291284,55.30250590343002
2026-08-20 21:00:00,1.16782,1.16782,1.16745,1.16774,358,8,1.1676560067961215,1.165352949907312,54.540934672517736
2026-08-20 22:00:00,1.16776,1.16839,1.16776,1.16829,468,8,1.1677163871012528,1.1654681283423194,58.31851546009289
2026-08-20 23:00:00,1.16829,1.16876,1.16829,1.16871,694,8,1.1678110169011335,1.1655952605641893,60.984753373589015
2026-08-21 00:00:00,1.16871,1.16893,1.16825,1.16828,1414,8,1.1678556819581685,1.1657005444636328,56.96700307175551
2026-08-21 01:00:00,1.16831,1.16928,1.16827,1.169,1535,8,1.167964664628819,1.1658299348768237,61.5364135322978
2026-08-21 02:00:00,1.169,1.17005,1.16875,1.16955,1311,8,1.1681156489498838,1.165975819783615,64.62637473334047
2026-08-21 03:00:00,1.16956,1.16981,1.16913,1.16938,1029,8,1.1682360633356093,1.1661093170470025,62.94322347865243
2026-08-21 04:00:00,1.16939,1.16951,1.16905,1.16929,828,8,1.1683364382560275,1.166234049711826,62.022266684539346
2026-08-21 05:00:00,1.16929,1.16989,1.16898,1.16975,1118,8,1.168471063184025,1.166371930115284,64.85287686438554
2026-08-21 06:00:00,1.16977,1.1698,1.16899,1.16977,1731,8,1.1685947714522131,1.1665051877578219,64.97510879349971
2026-08-21 07:00:00,1.16974,1.17002,1.16864,1.16905,2501,8,1.1686381265520023,1.1666049843163389,57.25543755490697
2026-08-21 08:00:00,1.16905,1.1706,1.16886,1.1705,2351,8,1.168815447832764,1.1667577300294236,66.01302513839819
2026-08-21 09:00:00,1.1705,1.1711,1.16998,1.17,2202,8,1.1689282623248816,1.1668848778714072,61.345636387799004
2026-08-21 10:00:00,1.17,1.17103,1.16987,1.17016,1849,8,1.1690455706748928,1.1670133140333128,62.26507449250252
2026-08-21 11:00:00,1.17018,1.17095,1.16957,1.17005,2586,8,1.1691412306106173,1.1671323997574967,61.18750789195913
2026-08-21 12:00:00,1.1700599999999999,1.17028,1.16846,1.16901,2534,8,1.1691287324572253,1.1672060311395558,52.021004897960225
2026-08-21 13:00:00,1.16901,1.16909,1.16784,1.1683,2658,8,1.169049805556537,1.1672489318791812,46.85980061891757
2026-08-21 14:00:00,1.1683,1.1683,1.16685,1.16729,2746,8,1.168882205027343,1.1672505423937232,40.67720151288696
2026-08-21 15:00:00,1.16728,1.16835,1.16704,1.16827,2425,8,1.1688238997866436,1.167290521123381,47.864905755308705
2026-08-21 16:00:00,1.16827,1.16872,1.16791,1.1681300000000001,1818,8,1.1687578140926775,1.1673234418636407,46.98901181141328
2026-08-21 17:00:00,1.1681300000000001,1.16827,1.16768,1.168,1253,8,1.1686856413219462,1.1673499735552626,46.14459827841101
2026-08-21 18:00:00,1.168,1.16838,1.1679599999999999,1.1682299999999999,915,8,1.1686422469103321,1.1673844843962327,47.92753598072855
2026-08-21 19:00:00,1.1682299999999999,1.16828,1.16774,1.16785,868,8,1.168566794823634,1.167402739910106,45.26144040710672
2026-08-21 20:00:00,1.16785,1.16789,1.16738,1.16763,747,8,1.1684775762690023,1.167411652070494,43.74426598240885
2026-08-23 21:00:00,1.16749,1.16777,1.1673499999999999,1.16777,158,8,1.1684101880529068,1.1674257049304748,45.00754785983212
2026-08-23 22:00:00,1.16778,1.1679599999999999,1.16723,1.1675200000000001,734,8,1.1683254082383443,1.1674294027763386,43.14437023212183
2026-08-23 23:00:00,1.1675200000000001,1.1682,1.16742,1.1682,574,8,1.1683134645965974,1.1674596222753058,49.29315240270996
2026-08-24 00:00:00,1.1682,1.16869,1.16815,1.16846,1586,8,1.1683274203493024,1.1674988527743135,51.45492462364334
2026-08-24 01:00:00,1.1684700000000001,1.1686,1.16763,1.16815,1529,8,1.1683105231731783,1.1675243879596346,48.78439574066561
2026-08-24 02:00:00,1.16814,1.16844,1.1679,1.16816,1069,8,1.1682961876328757,1.167549313922002,48.87657077331175
2026-08-24 03:00:00,1.16817,1.16818,1.16776,1.16795,857,8,1.1682632173821257,1.1675650271015312,46.96500455923568
2026-08-24 04:00:00,1.16795,1.16825,1.1675,1.1682299999999999,1117,8,1.1682600538219232,1.1675911044700986,49.78498216487961
2026-08-24 05:00:00,1.1682299999999999,1.16827,1.16758,1.16801,1051,8,1.1682362391722163,1.167607531745781,47.641509403315005
2026-08-24 06:00:00,1.16801,1.16803,1.1673499999999999,1.16773,1715,8,1.1681880259177193,1.1676123344224172,44.98675520293102
2026-08-24 07:00:00,1.16773,1.16802,1.16644,1.16667,2277,8,1.1680434520207936,1.167575380131342,36.65862521423401
2026-08-24 08:00:00,1.16667,1.16683,1.1660300000000001,1.16629,2100,8,1.1678764565902418,1.1675249730673678,34.21338628596412
2026-08-24 09:00:00,1.16629,1.16666,1.16601,1.16641,1412,8,1.1677367940578376,1.1674812486333535,35.672614967974496
2026-08-24 10:00:00,1.16641,1.16667,1.16615,1.16638,1381,8,1.1676075755761388,1.1674380624124376,35.46084731379949
2026-08-24 11:00:00,1.16636,1.16734,1.16623,1.16666,2404,8,1.1675173302831732,1.1674075501609695,39.09496775862682
2026-08-24 12:00:00,1.16666,1.16737,1.16616,1.1669100000000001,2594,8,1.1674594893038233,1.1673880383899513,42.223180969814614
2026-08-24 13:00:00,1.16692,1.16745,1.16633,1.16646,2606,8,1.1673642998463163,1.1673516447276004,38.399946155076094
2026-08-24 14:00:00,1.16646,1.16717,1.16627,1.16652,2592,8,1.1672838903371432,1.167319031208871,39.190578029101104
2026-08-24 15:00:00,1.16653,1.16721,1.16634,1.16643,2173,8,1.1672025674478914,1.1672841672398957,38.39453134033441
2026-08-24 16:00:00,1.16644,1.16693,1.16623,1.16644,1888,8,1.1671299419766636,1.1672510626422528,38.54390156374227
2026-08-24 17:00:00,1.16644,1.16663,1.1655,1.16591,1938,8,1.1670137570265053,1.1671984719503998,33.85825156534855
2026-08-24 18:00:00,1.1659,1.16652,1.16567,1.16637,1349,8,1.1669524468335046,1.1671659828543057,40.60690008815909
2026-08-24 19:00:00,1.16638,1.16638,1.1659,1.1661,860,8,1.16687126142079,1.1671241796051173,38.1466026176768
2026-08-24 20:00:00,1.1661,1.16643,1.16601,1.16637,510,8,1.1668235222378573,1.1670946039343282,41.93525688431981
2026-08-24 21:00:00,1.16637,1.16638,1.16599,1.16629,419,20,1.1667727105961565,1.1670630508388644,41.131350836684724
2026-08-24 22:00:00,1.16634,1.16649,1.1663000000000001,1.16641,301,8,1.1667381667298558,1.167037441002046,42.89959060003905
2026-08-24 23:00:00,1.16643,1.16683,1.16638,1.16678,389,8,1.1667421508508218,1.167027345276476,48.07818729527487
2026-08-25 00:00:00,1.16677,1.16706,1.16669,1.16684,1195,8,1.1667514698174102,1.1670199984028886,48.88771620713432
2026-08-25 01:00:00,1.16684,1.16685,1.16614,1.16628,1139,8,1.1667065679300377,1.1669909788576773,42.264357858719116
2026-08-25 02:00:00,1.16628,1.16645,1.16585,1.1660300000000001,1061,8,1.1666421328890817,1.1669532934122784,39.679809030873265
2026-08-25 03:00:00,1.16604,1.1662,1.16582,1.16601,772,8,1.166581929756788,1.1669163015137576,39.47185246087948
2026-08-25 04:00:00,1.16601,1.16601,1.16546,1.16555,766,8,1.166483650732332,1.1668627210622378,34.936648418328645
2026-08-25 05:00:00,1.16555,1.16565,1.16527,1.16535,797,8,1.1663756839959194,1.1668033986676403,33.15307891836724
2026-08-25 06:00:00,1.16532,1.16589,1.16507,1.16524,1394,8,1.1662675236153557,1.166742088915968,32.18001273020256
2026-08-25 07:00:00,1.16523,1.16624,1.16522,1.16584,1736,8,1.16622680708056,1.1667067128800477,42.153339630709326
2026-08-25 08:00:00,1.16585,1.1667399999999999,1.1657,1.1667,2310,8,1.1662718730728876,1.1667064496298498,52.85497410849412
2026-08-25 09:00:00,1.16669,1.16733,1.16654,1.16676,2025,8,1.1663183613516601,1.1667085496443657,53.501297889121034
2026-08-25 10:00:00,1.16676,1.16679,1.1659,1.1662,1472,8,1.1663070888419782,1.1666886065210573,47.02188373522142
2026-08-25 11:00:00,1.1662,1.16646,1.16581,1.16595,1645,8,1.1662730803808374,1.1666596415594472,44.43468273075185
2026-08-25 12:00:00,1.16595,1.16662,1.16595,1.16658,1767,8,1.1663023108207577,1.1666565183610376,51.653707721495
2026-08-25 13:00:00,1.16658,1.16751,1.1663999999999999,1.16737,2534,8,1.1664039955044951,1.1666844980331537,58.86986665063041
2026-08-25 14:00:00,1.1673499999999999,1.16745,1.16658,1.16693,2626,8,1.1664540911707337,1.1666941255612655,54.03250776130647
2026-08-25 15:00:00,1.16695,1.16756,1.16667,1.1672500000000001,2240,8,1.1665298920116163,1.166715924558863,56.811969150675615
2026-08-25 16:00:00,1.16727,1.16738,1.16676,1.16709,1383,8,1.1665832356295576,1.1667305941840056,55.02058101343986
2026-08-25 17:00:00,1.16709,1.16741,1.16688,1.16737,1247,8,1.1666581655695996,1.1667556689218876,57.543573848990675
2026-08-25 18:00:00,1.16738,1.16749,1.16714,1.1674,880,8,1.166728816467733,1.1667809368073039,57.81659214065374
2026-08-25 19:00:00,1.1674,1.16785,1.16685,1.16757,1434,8,1.1668089291850916,1.1668118804619194,59.40948026091324
2026-08-25 20:00:00,1.16759,1.16792,1.16716,1.16716,810,8,1.1668423645007973,1.1668255322085108,54.103244524977534
2026-08-25 21:00:00,1.16731,1.16746,1.16709,1.16724,670,20,1.1668802345483404,1.1668417858473927,54.94877297429635
2026-08-25 22:00:00,1.1672,1.16767,1.1672,1.16764,380,8,1.1669525931627842,1.1668730883631815,59.014439939322735
2026-08-25 23:00:00,1.16764,1.16765,1.16721,1.16738,439,8,1.1669932985758522,1.1668929672508999,55.50790589077434
2026-08-26 00:00:00,1.16737,1.16754,1.16706,1.16722,964,8,1.1670148891876757,1.1669057920645902,53.40493864332214
2026-08-26 01:00:00,1.16723,1.16738,1.16686,1.167,1341,8,1.167013471169802,1.1669094864934297,50.56805640113785
2026-08-26 02:00:00,1.167,1.1672500000000001,1.1666400000000001,1.16673,977,8,1.1669864739155351,1.166902447807413,47.25068737206252
2026-08-26 03:00:00,1.16673,1.16683,1.16634,1.16644,823,8,1.1669344287807222,1.1668843125992792,43.91811112588463
2026-08-26 04:00:00,1.16644,1.16647,1.16604,1.16617,664,8,1.166861626039701,1.166856300340484,41.017486952666395
2026-08-26 05:00:00,1.16617,1.1666400000000001,1.1660300000000001,1.1663999999999999,844,8,1.1668176616549675,1.1668384062094845,44.387042026602536
2026-08-26 06:00:00,1.16642,1.1667,1.16594,1.16666,1349,8,1.1668026462592562,1.1668314098875439,48.003267765499665
2026-08-26 07:00:00,1.16668,1.16726,1.1666400000000001,1.16704,1518,8,1.1668252513774224,1.166839589891954,52.83087863454748
2026-08-26 08:00:00,1.16702,1.16764,1.16692,1.1671,1524,8,1.166851417912906,1.1668498020530538,53.5639791752671
2026-08-26 09:00:00,1.1671,1.1671,1.16633,1.16659,1417,8,1.1668265209688196,1.1668396137372479,46.89262621566082
2026-08-26 10:00:00,1.16656,1.16661,1.16605,1.16617,1144,8,1.1667639951622653,1.166813354375003,42.22811076886917
2026-08-26 11:00:00,1.16617,1.16688,1.166,1.16685,1431,8,1.1667721860991924,1.1668147914583362,50.76702020129304
2026-08-26 12:00:00,1.16686,1.1675,1.16552,1.16558,2723,8,1.166658644565936,1.1667663682638918,39.13344068639932
2026-08-26 13:00:00,1.16559,1.16585,1.16511,1.16525,2879,8,1.1665244879406087,1.1667069028417782,36.775233131194504
2026-08-26 14:00:00,1.16524,1.16529,1.16416,1.16446,2458,8,1.166327870041503,1.1666187890048458,31.830180393769282
2026-08-26 15:00:00,1.16445,1.16539,1.16445,1.16499,2204,8,1.166200453847074,1.1665549149262244,37.86653226088795
2026-08-26 16:00:00,1.16499,1.1654,1.16486,1.16493,1532,8,1.1660794582425906,1.166491192772255,37.46211032349414
2026-08-26 17:00:00,1.16491,1.1654,1.16483,1.16524,1094,8,1.1659995098385343,1.1664421263890292,40.97000879787394
2026-08-26 18:00:00,1.16523,1.1654,1.16497,1.16509,741,8,1.165912889853912,1.1663891018247536,39.80649384565661
2026-08-26 19:00:00,1.16511,1.16534,1.16497,1.16531,778,8,1.165855471772587,1.166346784106136,42.39062857815482
2026-08-26 20:00:00,1.1653,1.16546,1.16513,1.16528,500,8,1.1658006649371024,1.166304949435307,42.12505233495877
2026-08-26 21:00:00,1.16528,1.1653,1.16475,1.1653,316,8,1.1657529825621404,1.1662655396535304,42.384204210193204
2026-08-26 22:00:00,1.16531,1.16549,1.16531,1.16538,444,8,1.165717460413365,1.1662308126082939,43.47452092754154
2026-08-26 23:00:00,1.16538,1.1656,1.16536,1.1655,570,8,1.1656967498978066,1.1662021532903217,45.151215866424266
2026-08-27 00:00:00,1.16551,1.1657899999999999,1.16534,1.16559,968,8,1.1656865832408725,1.1661781472789365,46.434552194685395
2026-08-27 01:00:00,1.1656,1.16588,1.1655,1.16577,1089,8,1.1656945276941226,1.1661621415032921,49.00447585352786
2026-08-27 02:00:00,1.16577,1.16593,1.16541,1.16551,679,8,1.1656769536280156,1.1661365673266926,45.60119906840736
2026-08-27 03:00:00,1.16553,1.16561,1.1653,1.16538,565,8,1.1656486723301094,1.1661068980197633,43.95740190676632
2026-08-27 04:00:00,1.16538,1.16556,1.16537,1.16551,481,8,1.1656354654415275,1.1660834902542825,46.05168103118641
2026-08-27 05:00:00,1.16552,1.16572,1.16515,1.16539,798,8,1.1656120877804297,1.1660562945580362,44.40221448949818
2026-08-27 06:00:00,1.16539,1.16555,1.16516,1.16529,1190,8,1.1655814127537223,1.1660262437910545,43.019394177744196
2026-08-27 07:00:00,1.16531,1.16561,1.16512,1.16544,1480,8,1.1655679448724152,1.1660032538384641,45.74867014242505
2026-08-27 08:00:00,1.16545,1.16578,1.16473,1.16479,1581,8,1.1654938548845661,1.1659556752565636,37.39085808194074
2026-08-27 09:00:00,1.1648100000000001,1.1648100000000001,1.16402,1.16407,1594,8,1.1653582496574646,1.1658817272072868,30.70032246216553
2026-08-27 10:00:00,1.16407,1.16478,1.16379,1.16394,1614,8,1.1652231782615157,1.1658055810422954,29.668082949700533
2026-08-27 11:00:00,1.1639599999999999,1.16441,1.16363,1.16408,1671,8,1.1651143041413712,1.1657379111974997,32.3077307367934
2026-08-27 12:00:00,1.1641,1.16454,1.16393,1.16408,2001,8,1.16501579898505,1.1656728950721076,32.3077307367934
2026-08-27 13:00:00,1.16408,1.16597,1.16395,1.16536,2640,8,1.1650485800340928,1.165660624677123,51.577992630831744
2026-08-27 14:00:00,1.16537,1.16577,1.16443,1.16446,2668,8,1.1649925247927506,1.1656135413564517,42.43150757325381
2026-08-27 15:00:00,1.16445,1.1654,1.16441,1.16527,1876,8,1.165018951002965,1.1656000691463948,50.8749573869258
2026-08-27 16:00:00,1.16528,1.16541,1.1649,1.16519,1271,8,1.165035241383635,1.165583988003399,50.093498587711316
2026-08-27 17:00:00,1.1651799999999999,1.16535,1.16465,1.16487,1149,8,1.165019504109003,1.1655559884738538,46.98462900397349
2026-08-27 18:00:00,1.16489,1.16498,1.16456,1.1648399999999999,877,8,1.1650024084795743,1.165527910494487,46.69206547553151
2026-08-27 19:00:00,1.1648399999999999,1.16502,1.16469,1.16489,772,8,1.164991702910091,1.1655028943966639,47.281265549018144
2026-08-27 20:00:00,1.16488,1.1652,1.16487,1.16509,387,8,1.1650010645377011,1.16548670245954,49.67722884132594
2026-08-27 21:00:00,1.16509,1.16523,1.16472,1.1651799999999999,420,20,1.165018106010301,1.165474674912107,50.761693707688885
2026-08-27 22:00:00,1.16521,1.1654200000000001,1.16514,1.1653,476,8,1.1650449530569391,1.165467824915554,52.2395848661773
2026-08-27 23:00:00,1.1653,1.16545,1.1651799999999999,1.16532,424,8,1.165071148003897,1.165462027860042,52.49550677586485
2026-08-28 00:00:00,1.16531,1.1654,1.16502,1.16529,851,8,1.165091991051145,1.1654552816694521,52.04500719618694
2026-08-28 01:00:00,1.16529,1.16551,1.16491,1.16494,899,8,1.165077515712941,1.16543507454516,46.9796138741863
2026-08-28 02:00:00,1.16494,1.16504,1.1646,1.16502,830,8,1.1650720380259942,1.1654187971120165,48.22012795847497
2026-08-28 03:00:00,1.16502,1.16511,1.16452,1.1646,540,8,1.1650270820235187,1.1653866874213492,42.586653677111634
2026-08-28 04:00:00,1.16461,1.16463,1.16444,1.16452,455,8,1.1649787884974694,1.1653526996793357,41.58995969308974
2026-08-28 05:00:00,1.16452,1.16456,1.16422,1.16441,658,8,1.164924618164377,1.1653157310644597,40.196904534279454
2026-08-28 06:00:00,1.1644,1.16487,1.16427,1.1648,1501,8,1.1649127497677698,1.165295506316834,46.97789846555122
2026-08-28 07:00:00,1.16478,1.16483,1.16415,1.1646,1605,8,1.1648829640756013,1.165268231559311,44.209459405999226
2026-08-28 08:00:00,1.1646,1.16485,1.16415,1.16442,1383,8,1.1648388722588774,1.165234967576593,41.820765227698075
2026-08-28 09:00:00,1.1644,1.16449,1.16394,1.1639599999999999,1286,8,1.1647551701389842,1.165184968848099,36.406990969569165
2026-08-28 10:00:00,1.16397,1.16488,1.16389,1.16486,1209,8,1.1647651539352715,1.1651722249717031,50.035271397835324
2026-08-28 11:00:00,1.16486,1.16492,1.16442,1.16448,1293,8,1.1647379964176265,1.1651450788943816,45.59252892901944
2026-08-28 12:00:00,1.1645,1.165,1.16388,1.16485,1760,8,1.1647486634254716,1.1651335071730333,50.226720150874684
2026-08-28 13:00:00,1.16483,1.16496,1.16367,1.1638600000000001,1873,8,1.164664028813522,1.1650835657152674,40.328710002737914
2026-08-28 14:00:00,1.16377,1.16595,1.1594,1.16171,8763,8,1.1643826927360437,1.164951269020551,27.605501076563527
2026-08-28 15:00:00,1.1617,1.1620300000000001,1.15961,1.15974,3927,8,1.1639405315230873,1.164746905529549,21.051830097591306
2026-08-28 16:00:00,1.15975,1.1598,1.15844,1.15865,2742,8,1.1634366713780315,1.1645078111950569,18.442896193439537
2026-08-28 17:00:00,1.15866,1.15887,1.1577600000000001,1.15806,1818,8,1.1629246074372666,1.1642549558540742,17.200328230737114
2026-08-28 18:00:00,1.15804,1.1584,1.15772,1.15801,1507,8,1.1624565495860983,1.1640100556245025,17.095212380670162
2026-08-28 19:00:00,1.158,1.15873,1.15792,1.15853,1312,8,1.1620825924826605,1.1637951514823652,22.40621404335471
2026-08-28 20:00:00,1.15853,1.15863,1.15791,1.15821,905,8,1.1617137741509787,1.1635761259340371,21.49370046282752
2026-08-30 21:00:00,1.15793,1.15793,1.15758,1.15778,141,20,1.1613391289937425,1.1633488268778005,20.297467224161565
2026-08-30 22:00:00,1.1578,1.15848,1.15775,1.15839,656,8,1.161058259565767,1.1631543630786711,26.54319128443595
2026-08-30 23:00:00,1.15839,1.1589,1.15833,1.15884,721,8,1.1608469967499797,1.1629851723697038,30.848269863516947
2026-08-31 00:00:00,1.15886,1.15933,1.15852,1.15918,1477,8,1.1606882351547434,1.162835949923833,33.99581236396537
2026-08-31 01:00:00,1.15918,1.15941,1.15867,1.15904,1771,8,1.1605312603781013,1.1626870891425063,33.323223973430515
2026-08-31 02:00:00,1.15903,1.1592500000000001,1.15879,1.15919,1270,8,1.1604035212944726,1.1625499483918198,34.81136381867756
2026-08-31 03:00:00,1.1592,1.15933,1.15889,1.1591,709,8,1.1602793764092847,1.162414656298023,34.31647487045066
2026-08-31 04:00:00,1.1590799999999999,1.15924,1.15881,1.15905,782,8,1.160162292941734,1.1622827089922183,34.02705836095295
2026-08-31 05:00:00,1.15905,1.15911,1.15869,1.159,1050,8,1.1600515983758546,1.1621539753062489,33.72078935559253
2026-08-31 06:00:00,1.15901,1.15912,1.15845,1.15884,1421,8,1.1599362080543445,1.1620240154903176,32.7063062866378
2026-08-31 07:00:00,1.15884,1.16028,1.15844,1.16022,2113,8,1.1599632358586927,1.1619532697848152,47.40385139957677
2026-08-31 08:00:00,1.16022,1.16056,1.15928,1.15939,1917,8,1.1599086419673887,1.161852749401097,41.52889675648848
2026-08-31 09:00:00,1.15939,1.16007,1.15939,1.15987,1430,8,1.1599049617800183,1.1617749945226226,45.71865817442791
2026-08-31 10:00:00,1.15989,1.16018,1.15962,1.1596899999999999,1382,8,1.1598844892295403,1.1616932300315392,44.43287317991362
2026-08-31 11:00:00,1.15968,1.16026,1.15952,1.15963,1609,8,1.1598602521600603,1.1616123190499104,43.98877380454038
2026-08-31 12:00:00,1.15962,1.1599599999999999,1.15911,1.1595,2260,8,1.1598259424305306,1.1615294830087375,42.986278383950044
2026-08-31 13:00:00,1.15951,1.16007,1.1593499999999999,1.15993,2185,8,1.1598358526752421,1.1614667581848654,47.267144241256624
2026-08-31 14:00:00,1.15991,1.16177,1.15948,1.16137,2851,8,1.1599819619442668,1.1614629637462435,58.50384479728785
2026-08-31 15:00:00,1.16135,1.1620300000000001,1.1611799999999999,1.16159,2067,8,1.1601351084257652,1.1614679455601162,59.90939073655507
2026-08-31 16:00:00,1.1616,1.16175,1.16135,1.16161,1365,8,1.160275574289978,1.1614735163224648,60.04189628180034
2026-08-31 17:00:00,1.1616,1.16175,1.16141,1.1615,1018,8,1.160392186262361,1.1614745548980545,58.88904501378601
2026-08-31 18:00:00,1.1615199999999999,1.16173,1.1614200000000001,1.16153,896,8,1.1605005494754694,1.161476729215778,59.11958561634223
2026-08-31 19:00:00,1.16153,1.1618,1.16143,1.1616,962,8,1.1606052590492344,1.1614815633641788,59.68763952968344
2026-08-31 20:00:00,1.16162,1.16175,1.16137,1.16163,554,8,1.1607028534254977,1.161487384408721,59.944527650748995
2026-08-31 21:00:00,1.16161,1.16176,1.16139,1.16175,308,20,1.1608025816706884,1.1614976830593595,61.01469429933647
2026-08-31 22:00:00,1.16184,1.16187,1.1614,1.16145,356,8,1.1608642405591942,1.1614958131354631,56.92037244173546
2026-08-31 23:00:00,1.16145,1.1617899999999999,1.16121,1.16178,563,8,1.1609514557440328,1.1615069577183863,60.092694793398934
2026-09-01 00:00:00,1.16177,1.16242,1.16155,1.1618,1388,8,1.1610322694826964,1.1615184495725674,60.283581720287835
2026-09-01 01:00:00,1.1617899999999999,1.16186,1.1607,1.16097,1388,8,1.161026339055773,1.1614969417461922,49.66619868348082
2026-09-01 02:00:00,1.16097,1.16103,1.16059,1.16096,983,8,1.161020021050461,1.161475885207126,49.55296004714208
2026-09-01 03:00:00,1.16097,1.16097,1.16051,1.16051,900,8,1.1609714476170838,1.1614380073558663,44.6225269824401
2026-09-01 04:00:00,1.16051,1.16066,1.16025,1.16055,609,8,1.1609313097487903,1.1614031835379892,45.144999974452716
2026-09-01 05:00:00,1.16055,1.16097,1.16052,1.16078,948,8,1.1609168992965244,1.161378744967872,48.172890885168876
2026-09-01 06:00:00,1.16076,1.16085,1.16,1.16044,1481,8,1.160871480315903,1.1613419314397202,44.28168749372601
2026-09-01 07:00:00,1.16044,1.16066,1.15916,1.15952,1711,8,1.1607427679048647,1.1612704831479665,35.844505621000124
2026-09-01 08:00:00,1.15951,1.15972,1.15877,1.15937,2174,8,1.1606120281044014,1.161195954397066,34.684146616687585
2026-09-01 09:00:00,1.15936,1.16007,1.15924,1.15929,1748,8,1.160486120665887,1.1611212110873772,34.051030380164036
2026-09-01 10:00:00,1.15928,1.15953,1.15897,1.1592,1479,8,1.1603636329834217,1.1610458694761077,33.314280486798864
2026-09-01 11:00:00,1.1592,1.1595900000000001,1.15896,1.15924,1599,8,1.160256620318334,1.16097505106528,33.99779919494368
2026-09-01 12:00:00,1.15922,1.15943,1.15876,1.15929,1750,8,1.1601645612403975,1.1609089706313476,34.89609485318152
2026-09-01 13:00:00,1.15929,1.16022,1.15887,1.16008,1960,8,1.1601565077889309,1.1608764619791379,47.13793669387776
2026-09-01 14:00:00,1.16011,1.16077,1.15941,1.1596,2621,8,1.160103507047128,1.1608264046466226,41.973597620792354
2026-09-01 15:00:00,1.15962,1.15985,1.15886,1.15919,1790,8,1.1600165063759729,1.1607622319153825,38.13080091113003
2026-09-01 16:00:00,1.1592,1.1593,1.15845,1.15851,2014,8,1.159873029578261,1.1606739090951714,32.77182736611837
2026-09-01 17:00:00,1.15853,1.15951,1.15846,1.15873,1480,8,1.1597641696184269,1.160597677365949,35.910121089513694
2026-09-01 18:00:00,1.15873,1.15904,1.1585,1.15899,1264,8,1.1596904391785767,1.1605346311947353,39.50431911484375
2026-09-01 19:00:00,1.15897,1.1592500000000001,1.15876,1.15894,979,8,1.159618968780617,1.160472096638079,39.050770858991044
2026-09-01 20:00:00,1.15894,1.15926,1.1587,1.15916,601,8,1.1595752574681775,1.1604206418679583,42.19546349339807
2026-09-01 21:00:00,1.15916,1.15916,1.15878,1.15915,427,8,1.1595347567569223,1.1603708127750971,42.08916129148871
2026-09-01 22:00:00,1.15916,1.15961,1.15916,1.15922,412,8,1.1595047799229297,1.1603256828623483,43.168477046004405
2026-09-01 23:00:00,1.15922,1.1593,1.15903,1.15903,344,8,1.1594595627874125,1.1602748717697071,40.93820567522792
2026-09-02 00:00:00,1.15903,1.15916,1.15828,1.15829,1526,8,1.159348175855278,1.1601970336610912,33.64698919238414
2026-09-02 01:00:00,1.1583,1.15842,1.15766,1.15788,1328,8,1.1592083495833467,1.1601061695959503,30.41482555727677
2026-09-02 02:00:00,1.15788,1.15826,1.15759,1.15814,1290,8,1.1591066020039802,1.1600290649059128,34.69875923773307
2026-09-02 03:00:00,1.15815,1.15822,1.15775,1.15796,823,8,1.158997401813125,1.159947925105681,33.17599115413758
2026-09-02 04:00:00,1.15796,1.15797,1.15737,1.15756,960,8,1.1588605064023512,1.1598542809838897,30.022846758973316
2026-09-02 05:00:00,1.15755,1.15815,1.15733,1.15797,1249,8,1.1587756962687938,1.1597803876119726,36.667261994397734
2026-09-02 06:00:00,1.15797,1.15844,1.1567,1.15675,2272,8,1.1585827728146232,1.1596615488820912,28.11321448758038
2026-09-02 07:00:00,1.15677,1.15786,1.15658,1.15773,1889,8,1.1585015563560876,1.1595858018671072,40.18459990995225
2026-09-02 08:00:00,1.15774,1.1582,1.15723,1.15731,1704,8,1.158388074798365,1.1594965547350637,37.29420425591444
2026-09-02 09:00:00,1.15731,1.1577600000000001,1.15703,1.15712,1614,8,1.1582673057699493,1.1594033565101594,36.03159174347914
2026-09-02 10:00:00,1.15714,1.15725,1.15667,1.15721,1545,8,1.158166609982335,1.1593173425293688,37.11759586396393
2026-09-02 11:00:00,1.15722,1.1578,1.15708,1.15769,1790,8,1.158121218555446,1.159253525175276,42.70448399331672
2026-09-02 12:00:00,1.15771,1.15852,1.1575199999999999,1.15779,2889,8,1.1580896739311177,1.1591961320311477,43.8242648744917
2026-09-02 13:00:00,1.15779,1.16089,1.1577600000000001,1.16041,4397,8,1.1583106573662494,1.159243734696593,63.79123298313141
2026-09-02 14:00:00,1.16038,1.16038,1.15883,1.15929,3569,8,1.1584039280932732,1.1592455490222167,54.820857910625364
2026-09-02 15:00:00,1.15931,1.15967,1.15885,1.15916,2416,8,1.158475934941533,1.1592421941586002,53.873884232622004
2026-09-02 16:00:00,1.15915,1.15938,1.15869,1.15869,1530,8,1.1584963220899585,1.159220539485714,50.4788751711903
2026-09-02 17:00:00,1.15869,1.15896,1.15832,1.15863,1454,8,1.1585090533194862,1.1591973810745095,50.04530037844544
2026-09-02 18:00:00,1.15863,1.15892,1.15842,1.15854,1139,8,1.1585120006223923,1.1591716014245288,49.36042867749447
2026-09-02 19:00:00,1.15855,1.15872,1.15823,1.15869,942,8,1.1585289529440694,1.1591527150941552,50.57446241513866
2026-09-02 20:00:00,1.15871,1.15896,1.15865,1.15879,723,8,1.1585538145684438,1.1591384909728157,51.41078541119937
2026-09-02 21:00:00,1.15877,1.15882,1.15868,1.15879,370,8,1.1585763084190681,1.1591248246601564,51.410785411199356
2026-09-02 22:00:00,1.1588,1.15893,1.15852,1.15869,448,8,1.1585871361886808,1.1591077727126995,50.421307492318675
2026-09-02 23:00:00,1.15869,1.15871,1.1584,1.15849,429,8,1.1585778851230921,1.1590835463318094,48.41433900169174
2026-09-03 00:00:00,1.15849,1.15906,1.15831,1.15892,1192,8,1.1586104674923217,1.1590771327501699,52.767369658935124
2026-09-03 01:00:00,1.15892,1.1593,1.15848,1.15859,1339,8,1.1586085182073387,1.1590580295050652,49.32720372903578
2026-09-03 02:00:00,1.1586,1.15946,1.15848,1.1591,1707,8,1.158655325997116,1.1590596754068274,54.28731681057301
2026-09-03 03:00:00,1.15909,1.15974,1.15905,1.15962,1211,8,1.1587471997116765,1.159081648920285,58.72375780919265
2026-09-03 04:00:00,1.15962,1.15999,1.15942,1.15954,938,8,1.1588227045010409,1.159099623472431,57.794458694219
2026-09-03 05:00:00,1.15953,1.16001,1.15933,1.15999,1336,8,1.1589338755009417,1.159134540199002,61.48646378436624
2026-09-03 06:00:00,1.15998,1.16079,1.15958,1.1604,2334,8,1.1590735064056141,1.1591841660735511,64.53084920486252
2026-09-03 07:00:00,1.16041,1.16144,1.16013,1.16035,2949,8,1.159195077224127,1.159229885051059,63.86781017493719
2026-09-03 08:00:00,1.16035,1.1611,1.15992,1.16087,2454,8,1.1593545936789722,1.1592942032843507,67.59669558205869
2026-09-03 09:00:00,1.16087,1.1611799999999999,1.16008,1.16053,2126,8,1.1594665371381176,1.159342665900651,63.0173330123304
2026-09-03 10:00:00,1.16052,1.16066,1.15976,1.16035,1732,8,1.1595506764582968,1.1593821691986648,60.673862577875774
2026-09-03 11:00:00,1.16035,1.16141,1.16015,1.16123,2301,8,1.159710612033697,1.1594546331516584,67.11288685376351
2026-09-03 12:00:00,1.16125,1.1629800000000001,1.16079,1.16253,4195,8,1.1599791251733451,1.1595752357731621,73.9091770074165
2026-09-03 13:00:00,1.16252,1.16284,1.1616900000000001,1.1626400000000001,3680,8,1.1602325418235027,1.1596954226055873,74.39141972469581
2026-09-03 14:00:00,1.16267,1.16272,1.1613,1.16181,3583,8,1.16038277593555,1.15977834720929,64.67736962283499
2026-09-03 15:00:00,1.16183,1.16272,1.1616900000000001,1.16224,2683,8,1.1605596544178787,1.1598748826128473,67.07600927744312
2026-09-03 16:00:00,1.16224,1.16409,1.16209,1.16363,1908,8,1.1608520682828427,1.160022142118226,73.37103240041073
2026-09-03 17:00:00,1.16363,1.16383,1.16324,1.16324,1283,8,1.1610794903511434,1.1601483326233937,69.36373286359292
2026-09-03 18:00:00,1.1632500000000001,1.1636199999999999,1.16313,1.16343,1177,8,1.1613033484129394,1.1602770254616919,70.21716098158421
2026-09-03 19:00:00,1.16343,1.16347,1.1625,1.16283,1441,8,1.1614487438021832,1.160377142110253,64.14074582761397
2026-09-03 20:00:00,1.16285,1.16299,1.16241,1.16244,628,8,1.1615431491543562,1.160458038498086,60.477261567288565
2026-09-03 21:00:00,1.16246,1.16265,1.16228,1.16265,416,8,1.161648563520608,1.160543997772671,61.744317113511514
2026-09-03 22:00:00,1.16266,1.16269,1.16225,1.16229,467,8,1.1617096527091215,1.1606124684482526,58.2941398112248
2026-09-03 23:00:00,1.16229,1.16282,1.16225,1.16278,698,8,1.161811590546348,1.160697469685576,61.45154058356778
2026-09-04 00:00:00,1.1628,1.16309,1.1625,1.16276,1499,8,1.1619019152562196,1.1607783532273181,61.24772322165086
2026-09-04 01:00:00,1.16275,1.16311,1.16266,1.1629800000000001,1394,8,1.1620045899937224,1.160864692316443,62.71275182124659
2026-09-04 02:00:00,1.16297,1.16327,1.16257,1.16272,943,8,1.1620727242800344,1.160937449480504,59.83382265243514
2026-09-04 03:00:00,1.16272,1.16282,1.16222,1.16227,1021,8,1.1620915124438407,1.1609897063636214,55.11765031782822
2026-09-04 04:00:00,1.16226,1.16272,1.16223,1.1626,1076,8,1.1621399398301415,1.1610528551336756,57.74778795825575
2026-09-04 05:00:00,1.1626,1.16285,1.16241,1.16277,893,8,1.1621999455606042,1.1611201941480414,59.07817364744987
2026-09-04 06:00:00,1.16275,1.16303,1.16265,1.16268,1428,8,1.162245665031023,1.1611813630049808,58.0363210945625
2026-09-04 07:00:00,1.1627,1.16295,1.16208,1.16221,1552,8,1.1622422683614015,1.1612217017106679,52.79970509883252
2026-09-04 08:00:00,1.16221,1.1625,1.16186,1.16247,1441,8,1.162263957088887,1.1612706545847593,55.20748336623275
2026-09-04 09:00:00,1.16247,1.16247,1.1616,1.1616900000000001,1484,8,1.162209294508993,1.161287099503004,47.3962178059097
2026-09-04 10:00:00,1.16168,1.16229,1.16164,1.16204,1328,8,1.1621931712224223,1.1613166250126903,50.76269626737767
2026-09-04 11:00:00,1.1620300000000001,1.16235,1.16191,1.1620300000000001,1310,8,1.1621776311060013,1.1613446005023886,50.66293410676501
2026-09-04 12:00:00,1.16205,1.16268,1.15846,1.16011,6409,8,1.1619807138578107,1.1612961847964127,36.024250345726855
2026-09-04 13:00:00,1.16009,1.16227,1.1596,1.161,4334,8,1.1618873125380191,1.1612845697063572,44.088862404080444
2026-09-04 14:00:00,1.16098,1.16212,1.16085,1.1615,3497,8,1.1618504256296365,1.1612930179531669,48.05083400325334
2026-09-04 15:00:00,1.16151,1.16229,1.1612,1.16173,2429,8,1.1618389565220522,1.161310154504023,49.81260790898486
2026-09-04 16:00:00,1.16173,1.16244,1.16173,1.16205,1465,8,1.1618590559009043,1.1613391680528848,52.2394830761884
2026-09-04 17:00:00,1.1620300000000001,1.1620300000000001,1.1611799999999999,1.16122,1388,8,1.1617981934341517,1.161334494795909,46.02305327469283
2026-09-04 18:00:00,1.16122,1.1613,1.16084,1.16104,1127,8,1.1617259845356611,1.161322945980383,44.77856326658143
2026-09-04 19:00:00,1.16102,1.16154,1.16099,1.1614,918,8,1.1616949383894075,1.1613259677066425,47.817724091342726
2026-09-04 20:00:00,1.16139,1.16151,1.16115,1.16135,481,8,1.1616620871142258,1.1613269101495194,47.42730895137886
2026-09-06 21:00:00,1.16117,1.16117,1.16044,1.16056,226,48,1.1615571264366806,1.161296835241695,41.64218078822819
2026-09-06 22:00:00,1.16075,1.16134,1.16075,1.16128,473,8,1.161530733442711,1.1612961750361384,47.88187585126525
2026-09-06 23:00:00,1.16128,1.16158,1.16126,1.16128,494,8,1.1615068540672147,1.1612955407209957,47.88187585126525
2026-09-07 00:00:00,1.16129,1.16198,1.16122,1.1618,1208,8,1.16153477272748,1.1613153234378195,52.16581148077538
2026-09-07 01:00:00,1.16182,1.16182,1.16127,1.16133,1306,8,1.1615152705629583,1.1613158989892776,48.30131997223359
2026-09-07 02:00:00,1.16133,1.16134,1.16072,1.1609,878,8,1.1614566733664862,1.1612995892249922,45.015641133249
2026-09-07 03:00:00,1.1609,1.1611799999999999,1.16079,1.16111,680,8,1.1614236568553922,1.161292154353424,46.91485824858031
2026-09-07 04:00:00,1.16112,1.16117,1.1608100000000001,1.16109,654,8,1.1613918800120213,1.1612842267317212,46.74924106340282
2026-09-07 05:00:00,1.16109,1.1614,1.16086,1.16139,795,8,1.1613917009632573,1.1612883747030263,49.622079294035125
2026-09-07 06:00:00,1.1614,1.1619,1.16101,1.16144,1488,8,1.1613963008715185,1.1612943207931037,50.10522031431662
2026-09-07 07:00:00,1.16144,1.16236,1.16109,1.16232,1772,8,1.1614842722170882,1.1613345435070996,57.77975082317122
2026-09-07 08:00:00,1.16232,1.16354,1.16207,1.16208,2811,8,1.161541008196413,1.1613637770950567,55.28230484970426
2026-09-07 09:00:00,1.16207,1.16257,1.16191,1.16201,1413,8,1.1615856740824688,1.1613891191697603,54.541810970657
2026-09-07 10:00:00,1.162,1.16265,1.16194,1.16242,1215,8,1.1616651336936623,1.1614295458689854,58.083352749044174
2026-09-07 11:00:00,1.1623999999999999,1.16254,1.16214,1.16225,1233,8,1.1617208352466468,1.1614617205407898,56.130676413947675
2026-09-07 12:00:00,1.16226,1.16279,1.16204,1.16246,1387,8,1.1617912318898234,1.1615008687548765,58.00866655693322
2026-09-07 13:00:00,1.16245,1.16292,1.16235,1.16283,1378,8,1.1618901621860307,1.1615529915488028,61.16325230331883
2026-09-07 14:00:00,1.16285,1.16324,1.16268,1.16307,1427,8,1.1620025276921229,1.1616124820763007,63.09970422596674
2026-09-07 15:00:00,1.16309,1.16315,1.1626,1.16275,1027,8,1.1620737155309682,1.1616570906223282,58.88386904690792
2026-09-07 16:00:00,1.1627399999999999,1.16296,1.16256,1.16283,534,8,1.1621457426232569,1.1617030870685114,59.61039412090716
2026-09-07 17:00:00,1.16283,1.16283,1.16241,1.16253,397,8,1.1621823385638992,1.161735515026609,55.63993326889449
2026-09-07 18:00:00,1.16253,1.16255,1.16226,1.16234,306,8,1.162197353938766,1.1617592203196834,53.222091414239436
2026-09-07 19:00:00,1.16234,1.16234,1.16208,1.16219,305,8,1.1621966535636454,1.16177611364048,51.325824081865576
2026-09-07 20:00:00,1.16219,1.16226,1.16211,1.16216,273,8,1.1621931627480602,1.1617911680075201,50.93494882469834
2026-09-07 21:00:00,1.16218,1.16233,1.1621,1.16232,382,8,1.16220524248634,1.1618119065170291,52.99114856712668
2026-09-07 22:00:00,1.16232,1.16258,1.16229,1.16253,429,8,1.1622361717733554,1.1618400670457731,55.6199902540134
2026-09-07 23:00:00,1.16253,1.1629800000000001,1.16252,1.16276,993,8,1.1622860601758929,1.1618761428478996,58.36614284466215
2026-09-08 00:00:00,1.16278,1.16309,1.16238,1.16263,1640,8,1.1623188163496174,1.1619057058734723,56.24758017699117
2026-09-08 01:00:00,1.16262,1.16329,1.16254,1.16329,1327,8,1.1624113100306062,1.1619599919176498,63.49269624491359
2026-09-08 02:00:00,1.16331,1.16343,1.16233,1.16234,1561,8,1.1624045185991199,1.1619748941953891,50.523785401669905
2026-09-08 03:00:00,1.16235,1.16268,1.16224,1.16241,910,8,1.1624050406372988,1.161991957168119,51.31292267604827
2026-09-08 04:00:00,1.16241,1.16252,1.16221,1.16247,868,8,1.1624112272432703,1.1620107039458398,52.01933817754733
2026-09-08 05:00:00,1.16247,1.16304,1.16229,1.16303,1111,8,1.1624701579820063,1.1620506763401206,58.12610497945544
2026-09-08 06:00:00,1.16302,1.16355,1.16204,1.16204,1951,8,1.1624291905551485,1.162050257660116,46.788610243877415
2026-09-08 07:00:00,1.16204,1.16229,1.16095,1.16126,1915,8,1.162317839073706,1.1620192671636407,40.14477313646217
2026-09-08 08:00:00,1.16126,1.1616,1.16083,1.16105,2044,8,1.1621970924952576,1.1619812566866352,38.557340599539884
2026-09-08 09:00:00,1.16106,1.1616,1.16088,1.16139,1789,8,1.1621202265433284,1.1619580701499046,42.5203464810853
2026-09-08 10:00:00,1.16139,1.16163,1.16085,1.16121,1500,8,1.1620335383011067,1.1619287340655946,41.01219154277711
2026-09-08 11:00:00,1.16123,1.16186,1.16075,1.16132,1941,8,1.1619655822724297,1.1619048621414536,42.35772694080979
2026-09-08 12:00:00,1.1613,1.16198,1.16103,1.16198,2158,8,1.161966955389341,1.1619078087241417,49.76227809069057
2026-09-08 13:00:00,1.16198,1.16273,1.16185,1.16217,2449,8,1.1619862929713085,1.1619180907349598,51.68635229057077
2026-09-08 14:00:00,1.16216,1.16309,1.16185,1.16305,2236,8,1.1620875984026124,1.1619624793335888,59.43546735794833
2026-09-08 15:00:00,1.16307,1.16337,1.16259,1.1626,1725,8,1.1621363985547446,1.1619874801440362,54.61173931130765
2026-09-08 16:00:00,1.16258,1.16263,1.16202,1.16232,1288,8,1.1621538844066737,1.1620005201383878,51.79494761298526
2026-09-08 17:00:00,1.16233,1.16269,1.1623,1.16259,822,8,1.1621954192250856,1.162023636995706,54.245655120740935
2026-09-08 18:00:00,1.16258,1.1630099999999999,1.16215,1.16284,1591,8,1.1622568078703157,1.1620556512311684,56.45323171300975
2026-09-08 19:00:00,1.16286,1.16299,1.16222,1.1623,1324,8,1.1622609214064763,1.1620652335358284,50.75664419080007
2026-09-08 20:00:00,1.1623,1.1625,1.16215,1.16229,535,8,1.1622636907963357,1.1620740479069724,50.65470605461009
2026-09-08 21:00:00,1.16228,1.16256,1.16201,1.16256,376,12,1.162291910720494,1.162093104851797,53.377340170183416
2026-09-08 22:00:00,1.16263,1.1627,1.1623999999999999,1.16256,421,8,1.162317443032828,1.162111414465452,53.37734017018343
2026-09-08 23:00:00,1.16254,1.16284,1.16248,1.16273,521,8,1.1623567341725587,1.162135672721709,55.18301962840476
2026-09-09 00:00:00,1.1627399999999999,1.1632,1.1627399999999999,1.16318,1150,8,1.1624351404418387,1.1621766267326223,59.63909735120076
2026-09-09 01:00:00,1.16319,1.1632,1.16272,1.16309,1050,8,1.1624975080188065,1.1622124452921274,58.38868419949938
2026-09-09 02:00:00,1.16309,1.16313,1.16276,1.16306,847,8,1.162551078683682,1.1622456827316519,57.95251181648394
2026-09-09 03:00:00,1.16306,1.16317,1.16286,1.16297,815,8,1.1625909759519026,1.1622740873304105,56.58682615548798
2026-09-09 04:00:00,1.1629800000000001,1.1633,1.16294,1.16326,757,8,1.1626546925279118,1.1623127505723552,59.868560311950475
2026-09-09 05:00:00,1.16326,1.16364,1.16315,1.16337,986,8,1.1627228170490629,1.1623542113342238,61.070654057824036
2026-09-09 06:00:00,1.1634,1.16445,1.1634,1.16377,1752,8,1.1628225487586759,1.162409732458372,65.15772428594775
2026-09-09 07:00:00,1.16379,1.16489,1.16369,1.1642299999999999,2003,8,1.16295659173404,1.1624811154992203,69.16673349264207
2026-09-09 08:00:00,1.16422,1.16428,1.16321,1.16326,1779,8,1.1629854877593695,1.162511659989447,54.83792339266504
2026-09-09 09:00:00,1.1632500000000001,1.16344,1.16222,1.16235,1592,8,1.1629249651156202,1.1625053203820177,45.3468681595432
2026-09-09 10:00:00,1.16234,1.16329,1.16215,1.1630099999999999,1292,8,1.1629330636760373,1.1625251117395856,51.855205617971265
2026-09-09 11:00:00,1.1630099999999999,1.16486,1.16296,1.16452,2145,8,1.1630842004687958,1.1626033426517588,62.77680713573997
2026-09-09 12:00:00,1.16451,1.16537,1.16421,1.1646,2216,8,1.1632285623289105,1.1626816429399252,63.25243066564169
2026-09-09 13:00:00,1.16462,1.16497,1.16442,1.16471,1925,8,1.163369651630919,1.1627611863540457,63.93480915091739
2026-09-09 14:00:00,1.16471,1.16524,1.16439,1.16475,2366,8,1.1635011133803554,1.162839179046044,64.19517870988906
2026-09-09 15:00:00,1.16476,1.16514,1.16197,1.16267,4391,8,1.1634219597250834,1.1628325445736503,45.71371038584143
2026-09-09 16:00:00,1.16269,1.16392,1.1626400000000001,1.16355,1929,8,1.1634341540369804,1.1628606800805659,52.00877146474259
2026-09-09 17:00:00,1.16354,1.16408,1.16346,1.16375,1374,8,1.163464234604887,1.1628955553715241,53.333263131303156
2026-09-09 18:00:00,1.16377,1.16391,1.16278,1.16291,1027,8,1.1634114503568023,1.1628961218275429,47.414481201351514
2026-09-09 19:00:00,1.16292,1.16314,1.16254,1.16308,997,8,1.1633798836561544,1.1629033327362668,48.656348674142066
2026-09-09 20:00:00,1.16308,1.16333,1.1627399999999999,1.16322,588,8,1.1633646566412825,1.162915751060335,49.709661673871466
2026-09-09 21:00:00,1.16324,1.16353,1.16296,1.16343,511,14,1.1633708798183033,1.16293591768542,51.32280221250737
2026-09-09 22:00:00,1.16349,1.1638,1.16332,1.16375,414,8,1.1634069865022745,1.1629678424820702,53.756963540130194
2026-09-09 23:00:00,1.16374,1.16379,1.16327,1.16337,467,8,1.1634034639782482,1.1629836133651263,50.52582552488406
2026-09-10 00:00:00,1.16337,1.16343,1.16293,1.16307,1239,8,1.1633717055041293,1.162987001076298,48.06935576356596
2026-09-10 01:00:00,1.16307,1.16395,1.16303,1.16391,1379,8,1.1634229716465931,1.1630231971125216,54.709104257975405
2026-09-10 02:00:00,1.16394,1.16408,1.16339,1.16393,1021,8,1.1634712600612034,1.1630587580100697,54.85710120448303
2026-09-10 03:00:00,1.16394,1.164,1.16358,1.16384,677,8,1.1635063781506125,1.1630893949508514,54.00193919780978
2026-09-10 04:00:00,1.16384,1.164,1.16358,1.16364,624,8,1.1635191040410304,1.1631109873057202,52.059757516111084
2026-09-10 05:00:00,1.16365,1.164,1.16365,1.16399,908,8,1.163563951275218,1.1631454583917704,55.1028949666226
2026-09-10 06:00:00,1.16397,1.16398,1.1636,1.16398,1072,8,1.1636035749632925,1.1631781855136618,54.99547995545221
2026-09-10 07:00:00,1.1639599999999999,1.16414,1.16351,1.16397,1312,8,1.1636384725858362,1.1632092370621456,54.88026960932308
2026-09-10 08:00:00,1.1639599999999999,1.16398,1.16339,1.16377,1325,8,1.1636509990062327,1.163231227765591,52.510921861709534
2026-09-10 09:00:00,1.16376,1.164,1.16309,1.16343,1414,8,1.1636299514818296,1.1632390227551757,48.66448747260577
2026-09-10 10:00:00,1.16342,1.16377,1.1623,1.16271,1720,8,1.1635423370549887,1.1632182767647765,41.69871038179485
2026-09-10 11:00:00,1.16272,1.16283,1.16148,1.16168,1784,8,1.1633649716211802,1.1631579521857658,34.16472519023135
2026-09-10 12:00:00,1.16166,1.16273,1.15917,1.16042,5213,8,1.1630844981334487,1.1630505815118142,27.596180987022393
2026-09-10 13:00:00,1.16044,1.16186,1.15973,1.16111,4339,8,1.162896450692168,1.1629744802760569,34.96962950626225
2026-09-10 14:00:00,1.1611,1.1629,1.1611,1.16289,3830,8,1.162895836340533,1.1629711673240546,49.310687039235745
2026-09-10 15:00:00,1.16288,1.16312,1.16238,1.16277,2688,8,1.162883851927149,1.162963278409386,48.53362867421003
2026-09-10 16:00:00,1.16278,1.16283,1.16183,1.16192,1869,8,1.1627920565055156,1.1629223655305865,43.32553396417886
2026-09-10 17:00:00,1.16192,1.16227,1.16161,1.16191,1562,8,1.162708051124038,1.162882664921544,43.26670980357765
2026-09-10 18:00:00,1.1619,1.16192,1.16124,1.16136,1609,8,1.162579665302701,1.1628229525716796,40.04622831791732
2026-09-10 19:00:00,1.16135,1.16135,1.16088,1.16099,1323,8,1.1624282686072056,1.1627510720786725,37.99722556915123
2026-09-10 20:00:00,1.161,1.16105,1.16051,1.16088,722,8,1.1622808144541383,1.1626776967030383,37.38480233987616
2026-09-10 21:00:00,1.1609,1.16096,1.16073,1.16094,459,12,1.1621531178394586,1.1626095517342918,37.97206225640849
2026-09-10 22:00:00,1.16099,1.16111,1.16063,1.161,595,8,1.1620432970928436,1.162546432058437,38.59229989664808
2026-09-10 23:00:00,1.16099,1.16109,1.16078,1.16109,672,8,1.161952506893525,1.1624893170757533,39.56843639157813
2026-09-11 00:00:00,1.16107,1.1615,1.16105,1.16147,1295,8,1.1619065538560465,1.1624493438570964,43.641952406104885
2026-09-11 01:00:00,1.16147,1.16171,1.16107,1.16123,1269,8,1.1618421201554705,1.162401526450936,41.72878208726948
2026-09-11 02:00:00,1.16122,1.16124,1.16051,1.16071,1061,8,1.1617342991882829,1.1623351920803109,37.85650226196166
2026-09-11 03:00:00,1.1607,1.16075,1.15994,1.16015,1072,8,1.1615834135513035,1.1622494982732399,34.178183457016544
2026-09-11 04:00:00,1.16015,1.16078,1.16,1.16041,1160,8,1.1614716598797508,1.162177361086054,37.22780670819675
2026-09-11 05:00:00,1.16041,1.16133,1.16039,1.16096,1530,8,1.1614229303673935,1.1621296214356207,43.22074793698377
2026-09-11 06:00:00,1.16099,1.16135,1.16082,1.16093,1888,8,1.161375984618118,1.1620825774577532,42.97971328766185
2026-09-11 07:00:00,1.16095,1.16107,1.16011,1.16051,1714,8,1.1612935098925827,1.1620209077535277,39.64620498597959
2026-09-11 08:00:00,1.16051,1.16079,1.15976,1.15988,1890,8,1.161158889902813,1.1619369505867227,35.23201111237394
2026-09-11 09:00:00,1.15989,1.16021,1.15948,1.1595900000000001,1616,8,1.1610094718168307,1.161844913308812,33.389131216680624
2026-09-11 10:00:00,1.1595900000000001,1.15991,1.15897,1.15919,1534,8,1.1608361887866563,1.1617407990614077,30.9819179190129
2026-09-11 11:00:00,1.15919,1.15953,1.15903,1.1591,1594,8,1.1606708374736414,1.1616372383139015,30.449976727837182
2026-09-11 12:00:00,1.15912,1.16035,1.15692,1.16028,5231,8,1.1606336148571041,1.1615840132819837,44.02079991127179
2026-09-11 13:00:00,1.16025,1.16131,1.15979,1.1611799999999999,4583,8,1.16068565153738,1.1615681696238667,51.753327281842736
2026-09-11 14:00:00,1.1612,1.16148,1.16054,1.16135,3715,8,1.1607489228195342,1.1615596139523425,53.07194358392742
2026-09-11 15:00:00,1.16137,1.1615,1.15999,1.16032,2437,8,1.1607080730271977,1.161511001640486,45.03997187729608
2026-09-11 16:00:00,1.16032,1.16068,1.15981,1.15993,1944,8,1.1606339708341311,1.1614490015761532,42.42202608448639
2026-09-11 17:00:00,1.15993,1.16006,1.15958,1.15979,1478,8,1.160553592659452,1.161383942690814,41.4897354597375
2026-09-11 18:00:00,1.15979,1.15994,1.15914,1.15954,1321,8,1.1604570600252182,1.161311631212743,39.807371082548165
2026-09-11 19:00:00,1.15955,1.15974,1.1593,1.15957,1111,8,1.1603725781180545,1.1612433319494981,40.1211464193947
2026-09-11 20:00:00,1.15956,1.15979,1.15915,1.15974,745,8,1.1603123325830018,1.1611843777554,41.9672703075
2026-09-13 21:00:00,1.15952,1.1597,1.15912,1.15947,212,20,1.1602321104322397,1.1611171472551882,39.865045506533185
2026-09-13 22:00:00,1.15953,1.15973,1.15892,1.15907,1232,8,1.1601214332482168,1.161036866970671,36.91485217268777
2026-09-13 23:00:00,1.15907,1.15939,1.15894,1.15931,894,8,1.1600441538912438,1.1609691466973113,39.79380992808522
2026-09-14 00:00:00,1.15931,1.15954,1.1584699999999999,1.15876,1536,8,1.159921853520649,1.1608825134934952,35.765619023888945
2026-09-14 01:00:00,1.15875,1.15884,1.15832,1.15858,1372,8,1.1597940579472539,1.1607922188466915,34.53356312396764
2026-09-14 02:00:00,1.15858,1.15882,1.15808,1.1581299999999999,972,8,1.1596355762379915,1.1606878181076055,31.602588768674195
2026-09-14 03:00:00,1.15811,1.15814,1.15686,1.15702,1196,8,1.1593864737391353,1.1605439821033856,25.78838856827265
2026-09-14 04:00:00,1.15702,1.15706,1.15619,1.15653,988,8,1.1591144286211224,1.160386571040508,23.714264346788013
2026-09-14 05:00:00,1.15653,1.15701,1.1562999999999999,1.15697,1069,8,1.1589101973238725,1.1602525878624488,29.219377094612952
2026-09-14 06:00:00,1.15699,1.15699,1.15504,1.15524,2742,8,1.158560654721599,1.1600560157894118,22.380669156409695
2026-09-14 07:00:00,1.15526,1.15574,1.15425,1.15443,2089,8,1.1581672590338277,1.1598353877192389,20.018270164636675
2026-09-14 08:00:00,1.15443,1.15446,1.1534,1.15375,2313,8,1.1577465676972727,1.1595967450635825,18.27433497922955
2026-09-14 09:00:00,1.15378,1.15455,1.1535,1.15414,2128,8,1.157403085059437,1.1593827550610891,22.447266716234367
2026-09-14 10:00:00,1.15412,1.15417,1.15367,1.15401,1743,8,1.1570799341013953,1.1591720587841836,22.043229410612497
2026-09-14 11:00:00,1.15401,1.15492,1.15397,1.15475,1567,8,1.1568580356155482,1.1589986447142155,29.790149859053088
2026-09-14 12:00:00,1.15473,1.15516,1.15292,1.15323,2708,8,1.1565125084140675,1.1587724233528738,24.421712172356862
2026-09-14 13:00:00,1.15322,1.15371,1.15228,1.15251,2494,8,1.1561313171365373,1.1585268381233493,22.365675572682974
2026-09-14 14:00:00,1.15251,1.15422,1.15234,1.15367,2952,8,1.1558969059806765,1.158336373883218,32.26047620732079
2026-09-14 15:00:00,1.15369,1.15495,1.15356,1.15476,3431,8,1.155788629220612,1.1581961239270133,39.99910777602335
2026-09-14 16:00:00,1.15476,1.1562999999999999,1.15473,1.15598,2504,8,1.1558068550091254,1.1581092171063463,47.261325393739355
2026-09-14 17:00:00,1.15597,1.15611,1.1554,1.15556,1386,8,1.1557833450082564,1.1580092478080584,45.231643124081316
2026-09-14 18:00:00,1.15557,1.15589,1.15543,1.15567,1156,8,1.1557725502455654,1.1579175125998993,45.887110326089584
2026-09-14 19:00:00,1.15566,1.15572,1.15466,1.15471,1216,8,1.155671354984083,1.1577917277920602,41.24749414281856
2026-09-14 20:00:00,1.15469,1.15502,1.15442,1.15494,657,8,1.155601702128456,1.1576798953296266,42.74123281439386
2026-09-14 21:00:00,1.15494,1.15502,1.15469,1.15495,594,14,1.1555396352590792,1.1575728406108177,42.80931451251448
2026-09-14 22:00:00,1.15499,1.15515,1.15485,1.15514,420,8,1.1555015747582145,1.1574774350966681,44.16766688977524
2026-09-14 23:00:00,1.15514,1.15518,1.15465,1.15476,543,8,1.1554309485907654,1.1573708690144457,42.01815993812979
2026-09-15 00:00:00,1.15477,1.15481,1.15428,1.15432,1108,8,1.1553251439630734,1.1572512270923105,39.61413830202195
2026-09-15 01:00:00,1.15431,1.1543700000000001,1.15369,1.15377,1069,8,1.1551770350142092,1.1571147083828082,36.78129195915445
2026-09-15 02:00:00,1.15377,1.15406,1.15353,1.15402,805,8,1.155066841203332,1.1569933472697569,38.9194402194237
2026-09-15 03:00:00,1.15402,1.15406,1.15367,1.15369,726,8,1.1549357134696814,1.1568638042395705,37.1340892983533
2026-09-15 04:00:00,1.15369,1.15381,1.15344,1.15365,737,8,1.154813264567807,1.1567377727007637,36.913050921184336
2026-09-15 05:00:00,1.15365,1.15379,1.1533,1.15349,820,8,1.1546872393708731,1.1566104090654397,35.99021597224923
2026-09-15 06:00:00,1.15349,1.15356,1.15265,1.15337,1427,8,1.1545617880022188,1.1564833342001284,35.27786771556545
2026-09-15 07:00:00,1.15336,1.15408,1.15316,1.15404,1733,8,1.1545120939067695,1.1563875171726723,42.16129478301426
2026-09-15 08:00:00,1.1540300000000001,1.1540300000000001,1.15318,1.15329,1990,8,1.1543957040108865,1.156266045910999,37.370066016223454
2026-09-15 09:00:00,1.15328,1.15383,1.15318,1.15373,1429,8,1.1543323036288975,1.1561665931301754,41.565513564471324
2026-09-15 10:00:00,1.15371,1.15397,1.1534200000000001,1.15347,1148,8,1.1542501794737643,1.1560608443799725,39.866076099553965
2026-09-15 11:00:00,1.15346,1.15426,1.15337,1.15392,1373,8,1.1542187338095964,1.1559768896984048,44.12421226863874
2026-09-15 12:00:00,1.15391,1.15491,1.15379,1.1546,1978,8,1.154255044875349,1.1559228940239576,49.89770595884961
2026-09-15 13:00:00,1.15459,1.1551,1.15387,1.15488,2096,8,1.15431456441103,1.1558819962190965,52.09278306817126
2026-09-15 14:00:00,1.15488,1.15518,1.15398,1.15426,2681,8,1.154309367800456,1.1558183885242301,47.16521811030852
2026-09-15 15:00:00,1.15425,1.15457,1.15384,1.1541299999999999,2043,8,1.1542922851527935,1.1557521772095545,46.17886059707056
2026-09-15 16:00:00,1.15415,1.15429,1.15387,1.15425,1372,8,1.1542882579953846,1.155693268299376,47.27496510246027
2026-09-15 17:00:00,1.15425,1.15433,1.15364,1.15372,1123,8,1.1542341381863004,1.1556158852288123,43.09997543671995
2026-09-15 18:00:00,1.15372,1.15433,1.15359,1.15424,1124,8,1.1542346964542718,1.1555619289453296,47.95626733040742
2026-09-15 19:00:00,1.15424,1.15427,1.15396,1.15407,853,8,1.1542190110776747,1.1555034219278657,46.55729123252435
2026-09-15 20:00:00,1.15405,1.15411,1.15383,1.15407,529,8,1.1542048195464676,1.1554472093032435,46.55729123252435
2026-09-15 21:00:00,1.15406,1.15407,1.15321,1.15395,755,12,1.1541805510182326,1.1553884952129203,45.471354546770165
2026-09-15 22:00:00,1.15394,1.15441,1.1538599999999999,1.15387,576,8,1.1541509747307819,1.155328946381041,44.722434151148036
2026-09-15 23:00:00,1.15387,1.15387,1.1534,1.15362,592,8,1.1541004057088027,1.155261928875902,42.37372563877936
2026-09-16 00:00:00,1.15362,1.15387,1.15334,1.1535,1122,8,1.1540432242127263,1.1551928336258668,41.253789001545336
2026-09-16 01:00:00,1.15351,1.1536,1.15316,1.15323,871,8,1.1539657742877047,1.1551158597581859,38.77083240029855
2026-09-16 02:00:00,1.15323,1.15422,1.1532,1.1542,1024,8,1.1539880814983996,1.1550799436892374,50.33573440218639
2026-09-16 03:00:00,1.1542,1.15433,1.15395,1.1541299999999999,767,8,1.154001597546171,1.155042690995542,49.607548351579986
2026-09-16 04:00:00,1.15412,1.15457,1.1541,1.15441,735,8,1.1540404930179642,1.1550178795839523,52.563666157143565
2026-09-16 05:00:00,1.15443,1.15514,1.15429,1.15493,920,8,1.1541252079686344,1.1550144333257581,57.54468631474123
2026-09-16 06:00:00,1.15495,1.15507,1.15438,1.15471,1574,8,1.154180902447812,1.1550024947639639,54.91732051571209
2026-09-16 07:00:00,1.1547,1.15562,1.15458,1.15473,1661,8,1.1542331974527824,1.1549918086947888,55.1179432127248
2026-09-16 08:00:00,1.15473,1.15494,1.1538,1.15394,1778,8,1.1542052738858508,1.1549505612949933,46.344835389157836
2026-09-16 09:00:00,1.15392,1.1543700000000001,1.15375,1.15387,1586,8,1.1541733430395793,1.1549081863422483,45.65145631228046
2026-09-16 10:00:00,1.15387,1.15398,1.15339,1.1537600000000001,1169,8,1.1541339770358099,1.1548631594268661,44.52414388513436
2026-09-16 11:00:00,1.15377,1.1540300000000001,1.15306,1.15346,1877,8,1.154069788746685,1.154808133566989,41.51328751487521
2026-09-16 12:00:00,1.15346,1.15384,1.15278,1.15353,1808,8,1.15401838029462,1.1547580106820092,42.49051441316536
2026-09-16 13:00:00,1.1535,1.15385,1.15312,1.1531500000000001,1925,8,1.153935677409418,1.1546949514395777,38.70935984417043
2026-09-16 14:00:00,1.1531500000000001,1.15409,1.15306,1.15388,1942,8,1.1539303747989973,1.1546629925595941,48.23867655311675
2026-09-16 15:00:00,1.1538599999999999,1.15425,1.15346,1.15371,2076,8,1.1539093867229022,1.1546256203023553,46.42833123788291
2026-09-16 16:00:00,1.15371,1.15382,1.15338,1.15343,1189,8,1.1538637308445305,1.1545787332316748,43.53062263185283
2026-09-16 17:00:00,1.1534200000000001,1.154,1.153,1.15389,1186,8,1.153866232668861,1.1545517240853347,49.14602668277452
2026-09-16 18:00:00,1.15392,1.1547,1.14697,1.14701,10842,8,1.1532132581289694,1.1542559701996353,18.889909891663578
2026-09-16 19:00:00,1.14703,1.14819,1.14621,1.14715,4518,8,1.1526358049738294,1.1539773047016104,19.969612072681755
2026-09-16 20:00:00,1.14716,1.14734,1.14607,1.14625,1529,8,1.15202763307156,1.1536742731446845,18.284561991042708
2026-09-16 21:00:00,1.14627,1.14632,1.14568,1.14625,744,12,1.15147738230284,1.1533831251782263,18.284561991042708
2026-09-16 22:00:00,1.14629,1.1468099999999999,1.14609,1.14665,662,8,1.1510176316073313,1.1531190810535898,21.690558210526717
2026-09-16 23:00:00,1.14663,1.14706,1.14652,1.1468,902,8,1.150615952406633,1.152871273953449,22.986903181266925
2026-09-17 00:00:00,1.1468,1.14726,1.14588,1.1459,1438,8,1.150166814082192,1.152597890661157,20.765696851753688
2026-09-17 01:00:00,1.1459,1.14644,1.14571,1.14583,1565,8,1.1497537841696022,1.1523324831842487,20.598974339326162
2026-09-17 02:00:00,1.14583,1.14625,1.14558,1.14577,1071,8,1.1493743761534496,1.1520751309025137,20.447435319647212
2026-09-17 03:00:00,1.14577,1.14611,1.14571,1.14598,901,8,1.1490511022340735,1.1518361061612385,22.593818461888432
2026-09-17 04:00:00,1.14597,1.14664,1.14592,1.1466,783,8,1.1488176639260665,1.1516307686647196,28.709460312293515
2026-09-17 05:00:00,1.14659,1.14678,1.14629,1.14664,1076,8,1.1486102673616791,1.1514350522464953,29.098661198842223
2026-09-17 06:00:00,1.14665,1.14831,1.14651,1.14795,1702,8,1.148547384755805,1.1512983835309465,40.546319351274086
2026-09-17 07:00:00,1.1479300000000001,1.14811,1.14698,1.1473200000000001,1755,8,1.148430490969538,1.1511423684905173,37.41743064433801
2026-09-17 08:00:00,1.1473200000000001,1.14734,1.1467100000000001,1.14725,1586,8,1.1483180632581533,1.1509897265889284,37.075086404566555
2026-09-17 09:00:00,1.14726,1.14777,1.14714,1.1472,1517,8,1.1482115810430913,1.1508411098599507,36.81597767305357
2026-09-17 10:00:00,1.14722,1.14801,1.1472,1.14779,1456,8,1.1481714304675588,1.1507214584928938,41.96970399912653
2026-09-17 11:00:00,1.1478,1.14785,1.14678,1.14729,2368,8,1.1480874847087437,1.1505868914931725,39.06186888282802
2026-09-17 12:00:00,1.14729,1.14955,1.14716,1.14909,3027,8,1.14818296235553,1.1505281898659894,51.96461918840125
2026-09-17 13:00:00,1.14907,1.14926,1.14845,1.14883,2740,8,1.1482445849883367,1.1504615941849703,50.30765632995713
2026-09-17 14:00:00,1.14884,1.14974,1.14848,1.14859,2625,8,1.148277481656114,1.1503881983345794,48.76201319464497
2026-09-17 15:00:00,1.14859,1.14876,1.14754,1.14781,2010,8,1.148232959593627,1.150287092517537,44.02757989775966
2026-09-17 16:00:00,1.14779,1.14795,1.14735,1.14759,1348,8,1.1481717253466148,1.1501813241835162,42.76633007110294
2026-09-17 17:00:00,1.14758,1.14776,1.14736,1.1476899999999999,1008,8,1.1481258467421753,1.1500836251959272,43.55781405911749
2026-09-17 18:00:00,1.1477,1.14776,1.1473,1.14748,864,8,1.1480643375286348,1.1499815222470673,42.23686463849931
2026-09-17 19:00:00,1.14747,1.14804,1.14746,1.14783,968,8,1.1480420196687648,1.1498971488256138,45.218714445835595
2026-09-17 20:00:00,1.14783,1.14792,1.1473200000000001,1.14751,597,8,1.1479913511288826,1.149803535146178,43.03151560977422
2026-09-17 21:00:00,1.1475,1.14765,1.14718,1.14764,443,8,1.147957889116608,1.1497186906306416,44.21207627926904
2026-09-17 22:00:00,1.1476600000000001,1.1478,1.14749,1.14775,377,8,1.1479380901531215,1.1496414870764988,45.246035081257006
2026-09-17 23:00:00,1.14775,1.14784,1.14747,1.14753,508,8,1.1478992244242527,1.1495586836617342,43.50919911264696
2026-09-18 00:00:00,1.14753,1.14801,1.1474,1.14791,1035,8,1.1479002506695621,1.1494940294004896,47.27405412010908
2026-09-18 01:00:00,1.14792,1.14822,1.14764,1.14819,1125,8,1.1479278458438895,1.1494428909926273,49.92239098815703
2026-09-18 02:00:00,1.14819,1.14821,1.14758,1.1479300000000001,959,8,1.1479280510016143,1.1493835619340929,47.53479692762898
2026-09-18 03:00:00,1.1479300000000001,1.14883,1.14784,1.14882,1378,8,1.14801299852527,1.1493614614660892,55.39832779900306
2026-09-18 04:00:00,1.14882,1.14914,1.14862,1.14863,939,8,1.1480717605704824,1.149332776702713,53.55298030003355
2026-09-18 05:00:00,1.14863,1.14874,1.14782,1.14785,1092,8,1.1480506405161508,1.1492746285967244,46.67871785575828
2026-09-18 06:00:00,1.14785,1.14844,1.14776,1.14834,1869,8,1.1480781985622317,1.149237976494892,50.93924062239221
2026-09-18 07:00:00,1.14832,1.14872,1.14777,1.1485,1965,8,1.1481183701277333,1.1492090362401903,52.28006151278059
2026-09-18 08:00:00,1.14851,1.14903,1.14774,1.14823,1851,8,1.1481290015441397,1.1491706426621437,49.80634656822308
2026-09-18 09:00:00,1.14822,1.1486399999999999,1.14805,1.14831,1444,8,1.1481462394923168,1.1491368919695109,50.552907449226545
2026-09-18 10:00:00,1.1482999999999999,1.1485,1.14706,1.14735,1426,8,1.148070407159715,1.149066817774628,42.40258667214274
2026-09-18 11:00:00,1.14735,1.14765,1.14568,1.14603,2426,8,1.1478760826683136,1.1489477268815054,34.230557359087555
2026-09-18 12:00:00,1.14605,1.14694,1.14543,1.14678,2264,8,1.14777169384276,1.1488627179841915,41.168339915396196
2026-09-18 13:00:00,1.14676,1.1469,1.14578,1.14584,2141,8,1.1475877230005924,1.1487441800240272,36.03735534868719
2026-09-18 14:00:00,1.14583,1.14651,1.1458,1.14614,2739,8,1.1474498446195835,1.1486420553172028,38.66475154567438
2026-09-18 15:00:00,1.14615,1.1469,1.14581,1.14632,2541,8,1.1473422403700995,1.1485509943243715,40.25062473589698
2026-09-18 16:00:00,1.14633,1.14747,1.14619,1.1473200000000001,1859,8,1.1473401222396138,1.1485027200371414,48.2551828710477
2026-09-18 17:00:00,1.1473200000000001,1.14849,1.1473200000000001,1.14805,1429,8,1.1474077296453649,1.1484849663101946,53.185675348592675
2026-09-18 18:00:00,1.14805,1.14835,1.14799,1.14829,944,8,1.1474917553934254,1.14847732057254,54.713471935234296
2026-09-18 19:00:00,1.1482999999999999,1.14899,1.1482,1.1486,1139,8,1.1475973024988135,1.1484821315304798,56.68004421421471
2026-09-18 20:00:00,1.14861,1.14886,1.14843,1.14856,753,8,1.147688987975117,1.1484851851959512,56.34007367965499
2026-09-20 21:00:00,1.14836,1.14838,1.14764,1.14779,351,48,1.1476986081679632,1.148457923031404,50.10926332390772
2026-09-20 22:00:00,1.1479300000000001,1.14847,1.1479,1.148,457,8,1.1477273121519667,1.1484399652654667,51.6788231643911
2026-09-20 23:00:00,1.14801,1.1480299999999999,1.14776,1.1478,474,8,1.1477342348041604,1.1484148685883895,50.06344547234435
2026-09-21 00:00:00,1.14779,1.1485,1.14765,1.14804,1007,8,1.147763355299002,1.148400167859433,52.00231114376821
2026-09-21 01:00:00,1.14807,1.14853,1.14799,1.14828,1003,8,1.1478125595562398,1.1483954553943574,53.928701449051076
2026-09-21 02:00:00,1.14828,1.14829,1.14763,1.14767,772,8,1.1477989824556456,1.148367006163206,48.59068114260192
2026-09-21 03:00:00,1.14767,1.14778,1.14741,1.14748,804,8,1.1477686031741556,1.1483322216077863,47.02920154782299
2026-09-21 04:00:00,1.14748,1.14773,1.14733,1.14746,766,8,1.1477392123956645,1.1482980168388537,46.858501829891125
2026-09-21 05:00:00,1.14746,1.1477,1.14715,1.14727,819,8,1.1476945255008393,1.1482577024530163,45.18075297446719
2026-09-21 06:00:00,1.14729,1.14786,1.1470799999999999,1.14744,1219,8,1.1476702849769498,1.148225635690153,47.00894219883656
2026-09-21 07:00:00,1.14744,1.14781,1.14707,1.1476,1535,8,1.1476635911696214,1.148201100957206,48.74158483762397
2026-09-21 08:00:00,1.14759,1.14858,1.1474199999999999,1.14797,1447,8,1.1476927729629907,1.1481920381745705,52.60116857917557
2026-09-21 09:00:00,1.14797,1.14809,1.14761,1.14798,1235,8,1.1477201279188964,1.1481837229520384,52.70481997054643
2026-09-21 10:00:00,1.14798,1.14838,1.14789,1.14801,1132,8,1.1477477347837632,1.1481769102872528,53.036617242682354
2026-09-21 11:00:00,1.148,1.14904,1.1479300000000001,1.14892,1428,8,1.1478593790900715,1.1482060510603016,61.79265472897286
2026-09-21 12:00:00,1.14892,1.14953,1.14834,1.14856,1890,8,1.1479261048910172,1.148219931410878,57.24554216390521
2026-09-21 13:00:00,1.1485400000000001,1.1486399999999999,1.14714,1.1472,1967,8,1.1478569520442539,1.1481799341006476,44.056110188156474
2026-09-21 14:00:00,1.1472,1.14755,1.14663,1.14721,2464,8,1.1477953375638488,1.1481418974692497,44.15799072644712
2026-09-21 15:00:00,1.14721,1.14735,1.14664,1.14678,1713,8,1.1476986387482442,1.1480884897253574,40.72368627257668
2026-09-21 16:00:00,1.14678,1.14723,1.14663,1.14691,1153,8,1.1476235302960305,1.1480422744420102,42.187582197579786
2026-09-21 17:00:00,1.1469,1.14702,1.14657,1.1466,866,8,1.1475260512202181,1.1479857146599708,39.67157716610976
2026-09-21 18:00:00,1.14661,1.14679,1.14616,1.14643,945,8,1.1474216653897211,1.1479247062419329,38.3218522293972
2026-09-21 19:00:00,1.14644,1.14689,1.14639,1.14643,920,8,1.1473272210668906,1.1478660903108768,38.3218522293972
2026-09-21 20:00:00,1.1464,1.14657,1.1463,1.14636,503,8,1.1472351047748057,1.1478070279457444,37.70917558034974
2026-09-21 21:00:00,1.14635,1.14666,1.14606,1.14666,609,8,1.147180332891491,1.1477620464576759,41.98970795837335
2026-09-21 22:00:00,1.14668,1.14674,1.14624,1.14645,395,8,1.1471107773780156,1.1477105936554142,39.92164000418021
2026-09-21 23:00:00,1.14645,1.1464699999999999,1.14623,1.14633,322,8,1.1470364176277283,1.147656452727751,38.74725754725563
2026-09-22 00:00:00,1.14633,1.14706,1.14632,1.147,892,8,1.1470329492822302,1.1476307094835256,47.95329362802016
2026-09-22 01:00:00,1.147,1.14704,1.14628,1.14631,1054,8,1.1469640969696369,1.14757891695476,41.102047591588295
2026-09-22 02:00:00,1.1463,1.1470799999999999,1.14627,1.14693,862,8,1.1469608496391954,1.147553469231044,48.255889376515746
2026-09-22 03:00:00,1.14692,1.14751,1.14685,1.1473,856,8,1.1469931496735577,1.1475435292611993,52.00261130674577
2026-09-22 04:00:00,1.1473,1.14776,1.14717,1.14773,663,8,1.1470633258951235,1.1475508418391915,55.99088189995816
2026-09-22 05:00:00,1.14773,1.14777,1.147,1.14709,762,8,1.1470658662860642,1.1475327696102036,49.410080702527
2026-09-22 06:00:00,1.14707,1.14711,1.1459,1.14645,1691,8,1.147007212354058,1.1474903080568624,43.85868990280348
2026-09-22 07:00:00,1.14644,1.14644,1.14461,1.14461,2203,8,1.1467789064155762,1.1473773547997306,32.53941685856715
2026-09-22 08:00:00,1.1446399999999999,1.14648,1.14334,1.14569,4325,8,1.1466752010426642,1.1473111840232706,42.001190919495166
2026-09-22 09:00:00,1.14567,1.14694,1.14473,1.14667,3298,8,1.1466747057052675,1.1472860395517699,48.992287946175914
2026-09-22 10:00:00,1.14667,1.14705,1.14598,1.14657,1974,8,1.146664733733337,1.1472579595693475,48.35181958107772
2026-09-22 11:00:00,1.14657,1.14663,1.14587,1.14616,2064,8,1.1466166638539717,1.147214902331334,45.71318078834509
2026-09-22 12:00:00,1.14618,1.14665,1.14546,1.14558,1853,8,1.1465179339631173,1.147150788514419,42.20441913132256
2026-09-22 13:00:00,1.14556,1.14599,1.14513,1.14532,2474,8,1.1464038450142489,1.1470789928864027,40.69642810122756
2026-09-22 14:00:00,1.14531,1.14548,1.14392,1.14426,2877,8,1.146199669298606,1.1469684441457595,35.177848560768325
2026-09-22 15:00:00,1.14426,1.1443699999999999,1.14304,1.14311,2130,8,1.1459054150796912,1.1468171326106316,30.36673343831697
2026-09-22 16:00:00,1.1431,1.14384,1.1429,1.14367,1725,8,1.145692518405435,1.1466937156455088,35.02673473056427
2026-09-22 17:00:00,1.14367,1.14417,1.14304,1.1439,1563,8,1.145521802366822,1.1465841581692144,36.89466156384691
2026-09-22 18:00:00,1.1439,1.14432,1.14372,1.14417,1519,8,1.1453930592842676,1.1464894852998335,39.1077944129623
2026-09-22 19:00:00,1.14417,1.14546,1.1441,1.14475,1652,8,1.1453318155429086,1.1464212701900363,43.677344282547445
2026-09-22 20:00:00,1.14475,1.14509,1.14466,1.14473,658,8,1.1452744997769173,1.1463549458688584,43.555964588665994
2026-09-22 21:00:00,1.14473,1.14492,1.1444,1.14487,480,13,1.1452359759886395,1.1462967126975308,44.71417204137914
2026-09-22 22:00:00,1.14489,1.14494,1.14455,1.14463,462,8,1.1451782639897214,1.1462313514152749,43.08212270850345
2026-09-22 23:00:00,1.14462,1.14486,1.14453,1.14475,429,8,1.145137476943081,1.1461732592029112,44.179203981708596
2026-09-23 00:00:00,1.14474,1.1448800000000001,1.14443,1.1446,1003,8,1.1450862886627877,1.1461115627635814,43.061883337126076
2026-09-23 01:00:00,1.1446,1.1446,1.14373,1.14389,1034,8,1.144972356409189,1.1460244426552058,38.144404004570205
2026-09-23 02:00:00,1.14389,1.14389,1.14325,1.14335,882,8,1.1448178462749803,1.14591956255108,34.881771555071865
2026-09-23 03:00:00,1.14335,1.14339,1.14266,1.14267,850,8,1.144613289486887,1.1457921287255475,31.256223561538803
2026-09-23 04:00:00,1.14267,1.14299,1.14252,1.14264,772,8,1.1444253571548024,1.1456685158343496,31.10263131851221
2026-09-23 05:00:00,1.14262,1.14288,1.1423,1.14255,784,8,1.144246751711488,1.1455462210957477,30.61656538338289
2026-09-23 06:00:00,1.14255,1.14282,1.14221,1.14234,1350,8,1.1440651563103938,1.1454204869351303,29.45968714382029
2026-09-23 07:00:00,1.14235,1.1427,1.14157,1.14179,2105,8,1.143848474757023,1.1452781148984588,26.622381253134876
2026-09-23 08:00:00,1.14176,1.14227,1.14091,1.14174,1943,8,1.1436476676373066,1.1451393652945976,26.373701110605055
2026-09-23 09:00:00,1.14173,1.14189,1.14075,1.14078,1523,8,1.1433745564337536,1.1449684097928488,22.104382980400942
2026-09-23 10:00:00,1.14078,1.1416,1.14067,1.14158,1748,8,1.1432036462972057,1.144835530977443,31.98522867515159
2026-09-23 11:00:00,1.14158,1.14194,1.14041,1.14113,2025,8,1.1430061561736622,1.144690216037151,29.70285621446415
2026-09-23 12:00:00,1.14113,1.1412200000000001,1.13993,1.1408,2007,8,1.142796046061885,1.1445376585454983,28.118284191018745
2026-09-23 13:00:00,1.14079,1.14154,1.1390500000000001,1.13967,3608,8,1.1424983273893246,1.1443467699750864,23.49599779517665
2026-09-23 14:00:00,1.13969,1.14049,1.13832,1.14017,4552,8,1.1422765819236744,1.1441829750741026,29.053447910989718
2026-09-23 15:00:00,1.14019,1.14024,1.13872,1.13928,2568,8,1.141991193169039,1.143990701541785,25.502251967916422
2026-09-23 16:00:00,1.13926,1.13952,1.13754,1.1378,2280,8,1.1415920319148447,1.1437479289323034,20.922457027665246
2026-09-23 17:00:00,1.13779,1.13925,1.1369799999999999,1.1391499999999999,3395,8,1.1413594574467643,1.1435676179937817,32.7806507469855
2026-09-23 18:00:00,1.1391499999999999,1.13933,1.13801,1.13866,1702,8,1.1411023662613582,1.1433751623861825,30.96558777567813
2026-09-23 19:00:00,1.13867,1.13886,1.13822,1.13839,1467,8,1.1408440456650384,1.1431796658220184,29.98052100444052
2026-09-23 20:00:00,1.13842,1.1387,1.13806,1.13826,733,8,1.1405979460778919,1.1429867377505667,29.49401907194317
2026-09-23 21:00:00,1.13824,1.13853,1.1379,1.13805,616,14,1.140355284546664,1.142793140191721,28.684271155841117
2026-09-23 22:00:00,1.13816,1.13861,1.13816,1.13845,333,8,1.1401738288755532,1.1426228209685163,32.48644723076694
