time,open,high,low,close,tick_volume,spread,ema20,ema50,rsi14
2026-07-28 07:00:00,1.13683,1.1373199999999999,1.13629,1.13643,1578,8,1.13643,1.13643,
2026-07-28 08:00:00,1.13643,1.13723,1.13643,1.1372,1524,8,1.1365033333333334,1.1364601960784315,100.0
2026-07-28 09:00:00,1.1372,1.13729,1.13556,1.13562,1308,8,1.1364192063492065,1.1364272472126107,86.36755823986162
2026-07-28 10:00:00,1.13562,1.13625,1.13529,1.13603,1423,8,1.1363821390778535,1.1364116688905475,86.86784732433964
2026-07-28 11:00:00,1.13602,1.13674,1.13564,1.13648,1562,8,1.1363914591656767,1.1364143485418985,87.41380041762275
2026-07-28 12:00:00,1.13651,1.1368,1.13605,1.13654,1621,8,1.1364056059118028,1.1364192760500593,87.48848872192087
2026-07-28 13:00:00,1.13655,1.13737,1.13655,1.13718,1980,8,1.1364793577297263,1.1364491083618218,88.2869285367195
2026-07-28 14:00:00,1.13716,1.13861,1.13709,1.13852,2271,8,1.1366737046126094,1.1365303197986132,89.76035012361416
2026-07-28 15:00:00,1.13855,1.14017,1.13834,1.13999,3012,8,1.1369895422685514,1.136665993532001,91.08519572392096
2026-07-28 16:00:00,1.14001,1.14049,1.13954,1.13957,1736,8,1.137235300147737,1.1367798761385892,87.5978867378681
2026-07-28 17:00:00,1.13955,1.13977,1.1388,1.13889,1395,8,1.1373928906098576,1.1368626260939387,82.11618143279084
2026-07-28 18:00:00,1.13891,1.13912,1.13858,1.13865,916,8,1.1375126153136805,1.136932719188294,80.20839870041796
2026-07-28 19:00:00,1.13865,1.1391499999999999,1.1386,1.1387,841,8,1.1376256995695206,1.1370020243181649,80.3110268928362
2026-07-28 20:00:00,1.1387,1.13889,1.13841,1.13841,528,8,1.137700394848614,1.1370572390507858,77.79143497870893
2026-07-28 21:00:00,1.13832,1.13901,1.13814,1.13897,522,20,1.1378213096249365,1.1371322492840883,79.15163195363712
2026-07-28 22:00:00,1.139,1.1390500000000001,1.13835,1.13849,763,8,1.1378849944225615,1.1371854944102027,74.91622555063722
2026-07-28 23:00:00,1.13849,1.13862,1.1381999999999999,1.13858,710,8,1.1379511854299365,1.1372401809039203,75.1843563572298
2026-07-29 00:00:00,1.1386,1.13909,1.13826,1.1390500000000001,1193,8,1.1380558344366092,1.137311154201806,76.59158867284376
2026-07-29 01:00:00,1.1390500000000001,1.13921,1.13851,1.13912,1497,8,1.1381571835378843,1.1373820893311468,76.80258009770057
2026-07-29 02:00:00,1.13911,1.13955,1.13898,1.13943,1017,8,1.1382784041533238,1.1374623995534547,77.75867680604578
2026-07-29 03:00:00,1.13943,1.14002,1.1394,1.13967,861,8,1.1384109370911026,1.1375489721199858,78.49757369548507
2026-07-29 04:00:00,1.13967,1.14034,1.13958,1.14006,1081,8,1.1385679907014739,1.1376474438015551,79.67899924321259
2026-07-29 05:00:00,1.14005,1.14025,1.13972,1.13978,872,8,1.1386834201584763,1.1377310734563961,76.43207147096429
2026-07-29 06:00:00,1.13981,1.14004,1.13896,1.13917,1454,8,1.1387297610957643,1.1377875019483021,69.7623689543334
2026-07-29 07:00:00,1.13917,1.14008,1.13899,1.13973,1527,8,1.1388250219437868,1.1378636783424865,72.1638689064237
2026-07-29 08:00:00,1.13973,1.14002,1.13928,1.13962,1424,8,1.1389007341396165,1.1379325537016047,70.97150674449506
2026-07-29 09:00:00,1.1396,1.13968,1.13914,1.13914,1264,8,1.1389235213644149,1.137979904536836,65.85787634796543
2026-07-29 10:00:00,1.13912,1.13924,1.1383,1.13851,1349,8,1.1388841383773278,1.138000692594215,59.77067757043064
2026-07-29 11:00:00,1.13853,1.1388099999999999,1.13799,1.13817,1358,8,1.1388161251985347,1.1380073321003243,56.72351285283163
2026-07-29 12:00:00,1.1381999999999999,1.13827,1.13742,1.13781,1975,8,1.1387203037510554,1.1379995935865863,53.60721293844276
2026-07-29 13:00:00,1.1378300000000001,1.13919,1.13762,1.13914,1987,8,1.1387602748223835,1.1380443154067201,61.92880562096237
2026-07-29 14:00:00,1.13913,1.13967,1.13805,1.13805,2489,8,1.138692629601204,1.1380445383319469,53.46467322513422
2026-07-29 15:00:00,1.13804,1.13852,1.13775,1.13824,1951,8,1.1386495220201371,1.1380522034954001,54.628751699169825
2026-07-29 16:00:00,1.13827,1.13857,1.13764,1.13846,1331,8,1.1386314723039335,1.1380681955151883,56.00119415216789
2026-07-29 17:00:00,1.13846,1.13994,1.1384,1.13956,1715,8,1.1387199035130826,1.1381266976518476,62.16393695708164
2026-07-29 18:00:00,1.13951,1.14518,1.13894,1.14514,10792,8,1.1393313412737416,1.138401729116481,78.56523193334864
2026-07-29 19:00:00,1.1451500000000001,1.14662,1.14395,1.14478,7432,8,1.1398502611524328,1.1386518573864228,76.26819153746794
2026-07-29 20:00:00,1.14475,1.14706,1.14465,1.14648,2337,8,1.1404816648522011,1.138958843371269,79.34003401781584
2026-07-29 21:00:00,1.14643,1.14657,1.1452499999999999,1.14613,780,20,1.141019601532944,1.1392400651998467,77.12655283264348
2026-07-29 22:00:00,1.14616,1.14709,1.146,1.1470799999999999,888,8,1.14159678233933,1.1395475136233821,78.85123366080803
2026-07-29 23:00:00,1.1470799999999999,1.14746,1.1464,1.14664,944,8,1.1420770887832032,1.1398256503440338,75.9932110160054
2026-07-30 00:00:00,1.14662,1.14677,1.14556,1.14579,1837,8,1.142430699375279,1.1400595464089736,70.6646457242796
2026-07-30 01:00:00,1.14578,1.14607,1.14521,1.14529,1460,8,1.1427030137204905,1.1402646622360726,67.65927138040966
2026-07-30 02:00:00,1.14529,1.1455,1.14511,1.14524,805,8,1.1429446314613962,1.1404597735209325,67.35079366923149
2026-07-30 03:00:00,1.14524,1.14538,1.14475,1.14495,903,8,1.1431356189412634,1.1406358608338372,65.48588799144304
2026-07-30 04:00:00,1.14495,1.14537,1.14487,1.14507,691,8,1.143319845708762,1.1408097486442748,65.90656889201765
2026-07-30 05:00:00,1.14507,1.14564,1.14485,1.14497,1192,8,1.1434770032603085,1.140972895756264,65.19344748176616
2026-07-30 06:00:00,1.14496,1.14511,1.1443,1.14467,1902,8,1.143590621997422,1.1411178802364104,62.99142306289953
2026-07-30 07:00:00,1.14466,1.14507,1.1434,1.14372,2476,8,1.1436029437119533,1.141219924148708,56.48505304436062
2026-07-30 08:00:00,1.14372,1.14551,1.14368,1.1448,2192,8,1.1437169490727197,1.1413603192801312,61.370070175381066
2026-07-30 09:00:00,1.14479,1.1467100000000001,1.14478,1.14642,1837,8,1.1439743824943656,1.1415587381318908,67.30002050170896
2026-07-30 10:00:00,1.14642,1.14839,1.14609,1.14725,3126,8,1.1442863460663308,1.1417819248718166,69.85338844914709
2026-07-30 11:00:00,1.14723,1.14776,1.1464699999999999,1.14756,2003,8,1.1445981226314421,1.142008516053314,70.77138785714487
2026-07-30 12:00:00,1.14755,1.14831,1.1469,1.14719,3341,8,1.1448449680951143,1.1422117115022035,68.10568359595706
2026-07-30 13:00:00,1.14722,1.15235,1.14691,1.15233,7086,8,1.145557828276532,1.142608507129568,79.60080160137878
2026-07-30 14:00:00,1.15234,1.15365,1.15023,1.15026,9309,8,1.1460056541549575,1.1429085656735065,68.84025107367871
2026-07-30 15:00:00,1.15029,1.15246,1.14982,1.15205,3399,8,1.1465813061401997,1.1432670532941533,72.32429136357842
2026-07-30 16:00:00,1.15205,1.15302,1.15205,1.1528100000000001,2444,8,1.1471745150792283,1.1436412864983043,73.67039591406882
2026-07-30 17:00:00,1.15283,1.15306,1.15134,1.15294,3184,8,1.1477236088812064,1.1440059419297435,73.90420693903881
2026-07-30 18:00:00,1.15292,1.15351,1.1527,1.1535,1703,8,1.1482737413687105,1.1443782579324986,74.93670257102976
2026-07-30 19:00:00,1.1535,1.1535199999999999,1.15275,1.15307,1437,8,1.148730527905024,1.1447191105625967,72.56262015463884
2026-07-30 20:00:00,1.15309,1.15323,1.1526,1.15272,894,8,1.149110477628355,1.1450328709326911,70.60196035417624
2026-07-30 21:00:00,1.15271,1.15272,1.15217,1.15249,352,8,1.1494323369018449,1.1453253073667031,69.27723960724096
2026-07-30 22:00:00,1.15249,1.15309,1.15248,1.15282,908,8,1.1497549714826214,1.1456192168817345,70.1428582384613
2026-07-30 23:00:00,1.15282,1.15306,1.15219,1.15224,1035,8,1.1499916408652289,1.145878855435392,66.59158218922192
2026-07-31 00:00:00,1.15226,1.15262,1.15151,1.15174,2097,8,1.1501581512590167,1.1461087042418472,63.60207927293217
2026-07-31 01:00:00,1.15175,1.15212,1.15097,1.15097,1943,8,1.1502354701867294,1.1462993432911865,59.19481852624975
2026-07-31 02:00:00,1.151,1.1515900000000001,1.1509800000000001,1.15117,1365,8,1.1503244730260886,1.1464903494366303,59.97070700858469
2026-07-31 03:00:00,1.15117,1.15131,1.1506,1.1513,1443,8,1.1504173803569373,1.1466789631842136,60.4965033624357
2026-07-31 04:00:00,1.15129,1.15139,1.15041,1.15076,1144,8,1.1504500107991338,1.1468390038436562,57.13906629551288
2026-07-31 05:00:00,1.15078,1.15094,1.15043,1.15059,1285,8,1.1504633431039781,1.1469861017321403,56.083817131578165
2026-07-31 06:00:00,1.15062,1.15219,1.1505,1.15167,2724,8,1.1505782628083612,1.1471697840171544,61.01024271151275
2026-07-31 07:00:00,1.1516899999999999,1.15245,1.15111,1.15141,2522,8,1.1506574758742316,1.147336066996874,59.28601786858712
2026-07-31 08:00:00,1.15141,1.15257,1.15038,1.15215,2916,8,1.1507996210290667,1.1475248486832712,62.53164638818253
2026-07-31 09:00:00,1.15214,1.15246,1.15028,1.15049,3367,8,1.1507701333120126,1.1476411291270645,52.433822337326
2026-07-31 10:00:00,1.15049,1.15079,1.15008,1.15015,1824,8,1.150711072996583,1.147739516220121,50.63041057737037
2026-07-31 11:00:00,1.15015,1.15017,1.14842,1.14848,2198,8,1.1504985898540514,1.147768554799724,42.83704390341912
2026-07-31 12:00:00,1.14849,1.14905,1.14811,1.14881,2022,8,1.1503377717727132,1.1478093957879703,44.65010570768884
2026-07-31 13:00:00,1.14881,1.15033,1.14547,1.14666,7687,8,1.1499875077943598,1.147764321443344,36.52242340410206
2026-07-31 14:00:00,1.14666,1.1506,1.14621,1.15041,5870,8,1.1500277451472778,1.147868073543605,52.696375092699554
2026-07-31 15:00:00,1.15042,1.15185,1.14967,1.15176,4180,8,1.150192721799918,1.1480206981105225,56.949081568004985
2026-07-31 16:00:00,1.15177,1.15189,1.15119,1.15168,2270,8,1.1503343673427828,1.148164200145404,56.62420825999851
2026-07-31 17:00:00,1.15168,1.15371,1.15165,1.15329,3684,8,1.1506158561672797,1.1483652119044079,61.3969652886729
2026-07-31 18:00:00,1.15331,1.15359,1.1524,1.15303,2189,8,1.150845774627539,1.1485481447709016,60.244125985618375
2026-07-31 19:00:00,1.15304,1.15358,1.15267,1.1531,1631,8,1.1510604627582495,1.148726648897533,60.459391564759386
2026-07-31 20:00:00,1.15312,1.1547,1.15235,1.15284,4428,8,1.151229942495559,1.1488879567839043,59.1776773720738
2026-08-02 21:00:00,1.15467,1.1547399999999999,1.15433,1.1546,406,48,1.1515509003531248,1.149111958478653,64.64203032263734
2026-08-02 22:00:00,1.15492,1.15573,1.15451,1.15479,2034,8,1.1518593860337796,1.149334626773608,65.18384093463789
2026-08-02 23:00:00,1.15477,1.15507,1.15417,1.15433,1605,8,1.1520946826019909,1.1495305237628783,62.679604391386185
2026-08-03 00:00:00,1.15435,1.1555900000000001,1.15347,1.15422,4426,8,1.1522970937827535,1.1497144247917852,62.065551813381624
2026-08-03 01:00:00,1.15424,1.15456,1.15297,1.15319,2646,8,1.1523821324701102,1.149850721858774,56.48541485922228
2026-08-03 02:00:00,1.15319,1.15351,1.15282,1.15305,1398,8,1.1524457389015283,1.149976183746665,55.751699113792654
2026-08-03 03:00:00,1.15306,1.15306,1.15266,1.15294,1141,8,1.1524928113870971,1.1500924118350313,55.14558886478768
2026-08-03 04:00:00,1.15295,1.15358,1.15285,1.15337,1109,8,1.1525763531597546,1.1502209447042457,57.108606192942005
2026-08-03 05:00:00,1.15338,1.15373,1.15312,1.15368,1152,8,1.1526814623826351,1.1503565939315303,58.51807603083226
2026-08-03 06:00:00,1.15367,1.15385,1.15234,1.1526399999999999,2133,8,1.152677513584289,1.1504461392675487,52.30783186990101
2026-08-03 07:00:00,1.15262,1.15319,1.15204,1.15258,2585,8,1.1526682265762616,1.150529820080586,51.96519523663417
2026-08-03 08:00:00,1.1526,1.15274,1.15205,1.15222,1865,8,1.1526255383309034,1.1505961016460533,49.85505085324229
2026-08-03 09:00:00,1.15221,1.15299,1.15195,1.15218,1899,8,1.1525831061089127,1.1506582153069924,49.61397936744103
2026-08-03 10:00:00,1.15217,1.15244,1.15165,1.15217,1796,8,1.1525437626699686,1.150717500981228,49.54947332237723
2026-08-03 11:00:00,1.15218,1.15324,1.15202,1.15321,1599,8,1.1526072138442571,1.1508152460407877,55.962164703460836
2026-08-03 12:00:00,1.15321,1.15347,1.15223,1.15277,2137,8,1.1526227172876613,1.150891903058796,52.89862816088945
2026-08-03 13:00:00,1.15278,1.15348,1.15214,1.15271,3031,8,1.1526310299269316,1.150963200978059,52.4767579951572
2026-08-03 14:00:00,1.1526399999999999,1.15271,1.1509800000000001,1.15137,3447,8,1.1525109318386524,1.1509791538808802,44.03112153946245
2026-08-03 15:00:00,1.15135,1.15139,1.14998,1.1509,2950,8,1.1523575097587808,1.1509760498071202,41.50779862998979
2026-08-03 16:00:00,1.15093,1.15102,1.1503700000000001,1.15066,1788,8,1.1521958421627065,1.150963655697037,40.23966362211796
2026-08-03 17:00:00,1.15066,1.15066,1.15009,1.15016,1207,8,1.152001952432925,1.1509321397873495,37.65835138595861
2026-08-03 18:00:00,1.15017,1.15143,1.15012,1.15131,1322,8,1.151936052201218,1.1509469578349045,46.20576047371607
2026-08-03 19:00:00,1.1513200000000001,1.15144,1.15091,1.151,978,8,1.1518469043725306,1.1509490379198104,44.43707656798981
2026-08-03 20:00:00,1.15101,1.15106,1.15054,1.15054,701,8,1.1517224372894326,1.1509329972170728,41.87556899663648
2026-08-03 21:00:00,1.15055,1.15099,1.15054,1.15099,522,20,1.1516526813571055,1.1509352326203248,45.20326909430629
2026-08-03 22:00:00,1.1510799999999999,1.1510799999999999,1.15063,1.15084,511,8,1.1515752831326191,1.1509314980077632,44.29297085186912
2026-08-03 23:00:00,1.15084,1.151,1.15058,1.15066,616,8,1.151488113310465,1.1509208510270665,43.169512609082965
2026-08-04 00:00:00,1.15066,1.15147,1.15042,1.1505,1583,8,1.151394007280897,1.1509043470652207,42.14618991590455
2026-08-04 01:00:00,1.15048,1.15143,1.15017,1.1512,1498,8,1.1513755303970021,1.150915941297957,47.958490737229454
2026-08-04 02:00:00,1.1512,1.15136,1.15074,1.15079,1166,8,1.1513197655972875,1.1509110024235274,45.100455703186746
2026-08-04 03:00:00,1.15078,1.15138,1.1507100000000001,1.15079,1123,8,1.1512693117308792,1.1509062572304478,45.10045570318674
2026-08-04 04:00:00,1.15078,1.15106,1.15054,1.151,829,8,1.151243662994605,1.1509099334174893,46.97746879569185
2026-08-04 05:00:00,1.151,1.151,1.15035,1.15069,1071,8,1.1511909331855952,1.1509013085775879,44.555719902269566
2026-08-04 06:00:00,1.15067,1.15102,1.15034,1.15068,1848,8,1.1511422728822052,1.1508926298098394,44.47606933277234
2026-08-04 07:00:00,1.1507,1.15167,1.15058,1.15104,1884,8,1.1511325326077095,1.150898409032983,48.07481113982833
2026-08-04 08:00:00,1.15105,1.1514,1.15058,1.15077,1832,8,1.1510980056926896,1.1508933733846307,45.683292188750336
2026-08-04 09:00:00,1.15076,1.1511,1.15028,1.15076,1547,8,1.1510658146743382,1.1508881430558215,45.59282862422461
2026-08-04 10:00:00,1.15078,1.15185,1.1507100000000001,1.15135,1900,8,1.151092879943449,1.1509062550928482,51.67333592934352
2026-08-04 11:00:00,1.15136,1.15232,1.15112,1.15158,2296,8,1.151139272329787,1.1509326764617562,53.839134762429715
2026-08-04 12:00:00,1.15158,1.15231,1.15131,1.15144,1970,8,1.1511679130602837,1.1509525715024718,52.30261007252611
2026-08-04 13:00:00,1.15145,1.15258,1.15088,1.15231,3106,8,1.1512766832450185,1.1510058039925708,59.95157711755457
2026-08-04 14:00:00,1.15234,1.15306,1.15186,1.15227,2685,8,1.151371284840731,1.1510553803065877,59.479297257187525
2026-08-04 15:00:00,1.15226,1.15261,1.1513,1.15259,2332,8,1.1514873529511374,1.1511155614710353,62.05462403930271
2026-08-04 16:00:00,1.1526,1.15262,1.1516,1.15183,1427,8,1.15151998600341,1.1511435786682498,53.377738943226234
2026-08-04 17:00:00,1.15183,1.1526,1.15183,1.15235,1275,8,1.1515990349554661,1.1511908893087106,57.7325578449296
2026-08-04 18:00:00,1.15235,1.15333,1.15222,1.15323,1265,8,1.1517543649597075,1.1512708544338592,63.88113798549614
2026-08-04 19:00:00,1.1532499999999999,1.15332,1.1529099999999999,1.15302,990,8,1.1518749016302117,1.1513394483776294,61.57904364702961
2026-08-04 20:00:00,1.15302,1.15337,1.15302,1.15307,627,8,1.1519887205225725,1.151407313147134,61.930814178084454
2026-08-04 21:00:00,1.15311,1.15317,1.1524,1.15295,635,8,1.1520802709489943,1.1514678106707759,60.499165061291514
2026-08-04 22:00:00,1.15294,1.15324,1.15292,1.15323,420,8,1.152189768953852,1.1515369161346671,62.66774526713763
2026-08-04 23:00:00,1.15323,1.15327,1.15294,1.1531500000000001,598,8,1.1522812195296757,1.1516001743254647,61.6267350015809
2026-08-05 00:00:00,1.15314,1.15351,1.15293,1.1531,1155,8,1.1523591986220876,1.1516589910185837,60.94531330501578
2026-08-05 01:00:00,1.15312,1.15314,1.15265,1.15268,1107,8,1.1523897511342698,1.1516990305864825,55.40354549793174
2026-08-05 02:00:00,1.15268,1.15402,1.1526399999999999,1.15345,1669,8,1.1524907272167204,1.1517676960536791,62.191296662726494
2026-08-05 03:00:00,1.15346,1.15401,1.15343,1.15368,961,8,1.1526039912913186,1.1518426883652997,63.95603350135896
2026-08-05 04:00:00,1.15368,1.15399,1.1534200000000001,1.15359,953,8,1.1526978968826216,1.1519112103901898,62.72233303423917
2026-08-05 05:00:00,1.15359,1.15378,1.1531500000000001,1.1535199999999999,1093,8,1.1527761924176099,1.1519743001788099,61.72502414444199
2026-08-05 06:00:00,1.15354,1.15453,1.15321,1.15442,1832,8,1.1529327455206948,1.1520702099757194,68.63115974728869
2026-08-05 07:00:00,1.15441,1.15463,1.15337,1.15375,2119,8,1.1530105792806287,1.1521360840943187,59.95787883058949
2026-08-05 08:00:00,1.15374,1.15441,1.15307,1.15351,2026,8,1.153058143158664,1.1521899631494434,57.170749734925636
2026-08-05 09:00:00,1.15353,1.15421,1.15332,1.15392,1734,8,1.1531402247626008,1.1522578077318182,60.544949042249975
2026-08-05 10:00:00,1.15393,1.15406,1.15348,1.1539,1535,8,1.1532125843090197,1.1523222074286097,60.2954060911846
2026-08-05 11:00:00,1.1539,1.15548,1.1539,1.15522,1929,8,1.1534037667557797,1.152435846352978,69.29151010141013
2026-08-05 12:00:00,1.15522,1.1556899999999999,1.15445,1.15454,2117,8,1.1535119794457056,1.152518362182273,61.55418318474008
2026-08-05 13:00:00,1.15456,1.15537,1.15398,1.15433,3072,8,1.1535898861651621,1.152589406802576,59.350102642658584
2026-08-05 14:00:00,1.15431,1.15567,1.15418,1.1553200000000001,3443,8,1.1537546589113372,1.1526964888887494,65.60311863817306
2026-08-05 15:00:00,1.15531,1.15561,1.15426,1.15454,2640,8,1.1538294533007338,1.1527687834421319,58.02919806146112
2026-08-05 16:00:00,1.15455,1.15489,1.15423,1.15457,1638,8,1.1538999815578066,1.1528394193855778,58.228946331679026
2026-08-05 17:00:00,1.15459,1.15571,1.15424,1.15557,1269,8,1.1540590309332535,1.1529465009783002,64.32397374452438
2026-08-05 18:00:00,1.15558,1.15592,1.15528,1.15534,1380,8,1.1541810279872293,1.1530403636850335,62.08026582882504
2026-08-05 19:00:00,1.15533,1.15545,1.15472,1.15505,1182,8,1.1542637872265409,1.1531191729522872,59.27286626345887
2026-08-05 20:00:00,1.15505,1.15536,1.15488,1.15514,703,8,1.1543472360621083,1.1531984210718054,59.87925186162618
2026-08-05 21:00:00,1.15505,1.1553200000000001,1.15501,1.1553200000000001,518,8,1.1544398802466695,1.15328162024546,61.12588933404485
2026-08-05 22:00:00,1.15533,1.15546,1.15503,1.15543,534,8,1.1545341773660345,1.1533658704319127,61.90490304409576
2026-08-05 23:00:00,1.15543,1.15574,1.15537,1.15564,474,8,1.1546394938073645,1.1534550519836024,63.41231134352447
2026-08-06 00:00:00,1.15566,1.15594,1.15544,1.1556,1167,8,1.1547309705876154,1.1535391675920885,62.90174767084578
2026-08-06 01:00:00,1.1556,1.15573,1.15533,1.15544,1299,8,1.1547984971983187,1.1536137100394575,60.79323480611852
2026-08-06 02:00:00,1.15545,1.15577,1.15522,1.1553200000000001,963,8,1.1548481641318122,1.1536806233712433,59.190680258276046
2026-08-06 03:00:00,1.1553200000000001,1.15536,1.15466,1.15486,819,8,1.154849291357354,1.153726873435116,53.38156324147345
2026-08-06 04:00:00,1.15486,1.15495,1.15465,1.15487,676,8,1.1548512636090347,1.1537717019278566,53.488430493004486
2026-08-06 05:00:00,1.15488,1.155,1.15442,1.1549,802,8,1.154855905170079,1.153815948911078,53.83036998812146
2026-08-06 06:00:00,1.15491,1.15512,1.15429,1.15446,1422,8,1.1548181999157858,1.153841205816526,48.229943169334376
2026-08-06 07:00:00,1.15445,1.15463,1.15407,1.1543700000000001,1624,8,1.1547755142095204,1.153861942843329,47.14939434161578
2026-08-06 08:00:00,1.1543700000000001,1.1545,1.15384,1.1543,1645,8,1.154730227141947,1.1538791215553552,46.280894772970065
2026-08-06 09:00:00,1.15428,1.15436,1.15361,1.15382,1265,8,1.154643538842714,1.1538768030629885,40.73929812475637
2026-08-06 10:00:00,1.15383,1.15423,1.15361,1.15406,1157,8,1.1545879637148364,1.1538839872565967,44.32867771862438
2026-08-06 11:00:00,1.15407,1.15464,1.15372,1.15446,1611,8,1.1545757766943758,1.153906575991632,49.78748776453032
2026-08-06 12:00:00,1.15448,1.15453,1.15365,1.15383,1852,8,1.1545047503425305,1.153903573011568,42.687853111610025
2026-08-06 13:00:00,1.15385,1.15445,1.15353,1.15426,2165,8,1.1544814407860993,1.1539175505405264,48.125174751077836
2026-08-06 14:00:00,1.15425,1.15438,1.15301,1.15346,2432,8,1.1543841607112326,1.1538996073820742,40.43848372476644
2026-08-06 15:00:00,1.15347,1.15354,1.15187,1.15204,2514,8,1.1541609073101629,1.153826681602385,30.979832510446073
2026-08-06 16:00:00,1.15204,1.15225,1.15144,1.15202,1578,8,1.1539570113758617,1.1537558313434682,30.870310431322594
2026-08-06 17:00:00,1.15204,1.15226,1.15172,1.15226,1152,8,1.1537953912448273,1.1536971712907833,33.8906211258888
2026-08-06 18:00:00,1.15226,1.15245,1.15212,1.15233,882,8,1.1536558301738915,1.1536435567303605,34.785578074652236
2026-08-06 19:00:00,1.15236,1.15253,1.15168,1.15229,1402,8,1.1535257511097115,1.153590476074268,34.498181291716406
2026-08-06 20:00:00,1.15228,1.15236,1.15186,1.15216,675,8,1.1533956795754532,1.1535343789733163,33.52863924135255
2026-08-06 21:00:00,1.1522000000000001,1.15234,1.15171,1.15195,457,20,1.1532579958063625,1.1534722464645588,31.965791951476064
2026-08-06 22:00:00,1.15196,1.15223,1.15196,1.15214,374,8,1.1531515200152804,1.1534200015051645,34.92147139282926
2026-08-06 23:00:00,1.15214,1.1524,1.15213,1.15239,263,8,1.1530789942995394,1.1533796092892759,38.69540385589748
2026-08-07 00:00:00,1.15238,1.15238,1.15178,1.15188,962,8,1.15296480436625,1.1533208010818532,34.32267652633355
2026-08-07 01:00:00,1.15188,1.15253,1.15181,1.15213,1006,8,1.152885299188512,1.153274103000212,38.020093622885874
2026-08-07 02:00:00,1.15212,1.1522999999999999,1.15202,1.15212,676,8,1.1528124135515108,1.1532288440590273,37.92811457109633
2026-08-07 03:00:00,1.15211,1.1522999999999999,1.15195,1.1522999999999999,554,8,1.1527636122608906,1.1531924188018103,40.70862456149649
2026-08-07 04:00:00,1.1522999999999999,1.15239,1.15211,1.15231,666,8,1.1527204110931868,1.1531578141429157,40.867103245156855
2026-08-07 05:00:00,1.1522999999999999,1.15249,1.1520299999999999,1.15221,765,8,1.1526718005128833,1.1531206449608407,39.72366343903143
2026-08-07 06:00:00,1.15219,1.15245,1.15207,1.15218,1254,8,1.1526249623687992,1.1530837569231607,39.36779743027433
2026-08-07 07:00:00,1.15219,1.15238,1.15173,1.15219,1366,8,1.1525835373812945,1.1530487076320564,39.56215863704713
2026-08-07 08:00:00,1.15221,1.1525,1.15178,1.15229,1432,8,1.1525555814402189,1.1530189543915836,41.578946906006905
2026-08-07 09:00:00,1.15231,1.15308,1.15225,1.15285,1348,8,1.1525836213030551,1.1530123287291687,51.36622734997674
2026-08-07 10:00:00,1.15285,1.15288,1.15251,1.15267,1226,8,1.1525918478456214,1.152998904073123,48.55071496108663
2026-08-07 11:00:00,1.15267,1.15329,1.1526,1.15327,1290,8,1.152656433765086,1.1530095352859417,57.00962546995918
2026-08-07 12:00:00,1.15329,1.15808,1.15267,1.15724,6078,8,1.1530929638826968,1.1531754358629638,80.20286395497082
2026-08-07 13:00:00,1.15722,1.15751,1.15563,1.15575,3993,8,1.1533460149414876,1.1532763991624553,65.84490288515391
2026-08-07 14:00:00,1.15576,1.1564,1.15501,1.15529,3410,8,1.1535311563756316,1.1533553639011824,62.14600487927666
2026-08-07 15:00:00,1.15528,1.15633,1.15499,1.1558,2618,8,1.1537472367208095,1.153451231983489,64.52539056822182
2026-08-07 16:00:00,1.1558,1.15668,1.15571,1.15586,2013,8,1.1539484522712087,1.153545693474333,64.80567022699026
2026-08-07 17:00:00,1.15588,1.15631,1.15573,1.15608,1195,8,1.1541514568168079,1.1536450780439669,65.87045199915352
2026-08-07 18:00:00,1.15608,1.1565699999999999,1.15585,1.15647,990,8,1.1543722704533024,1.1537558592971446,67.73407733880083
2026-08-07 19:00:00,1.15648,1.15697,1.15606,1.15614,1487,8,1.154540625648226,1.153849355010982,64.5235220590124
2026-08-07 20:00:00,1.15613,1.15615,1.15552,1.15581,872,8,1.154661518443633,1.1539262430497672,61.38984558525646
2026-08-09 21:00:00,1.15609,1.15633,1.15584,1.1559300000000001,231,48,1.1547823262109063,1.154004821753698,62.11046727619347
2026-08-09 22:00:00,1.15612,1.15618,1.15545,1.1555,644,8,1.1548506760955817,1.1540634561947294,57.937567605873795
2026-08-09 23:00:00,1.1555,1.1558,1.15538,1.15551,656,8,1.1549134688483835,1.1541201834027792,58.0082243487795
2026-08-10 00:00:00,1.15553,1.15589,1.15537,1.15578,1206,8,1.154995995624728,1.1541852742497292,59.96373949514021
2026-08-10 01:00:00,1.15579,1.15588,1.15516,1.15538,1542,8,1.155032567469992,1.154232126239936,55.816665865965454
2026-08-10 02:00:00,1.15537,1.15548,1.15506,1.15513,788,8,1.1550418467585641,1.154267336975625,53.33398021845774
2026-08-10 03:00:00,1.15513,1.15526,1.15483,1.15487,811,8,1.1550254804006057,1.154290970819718,50.803130598955235
2026-08-10 04:00:00,1.15488,1.15522,1.15477,1.15509,673,8,1.1550316251243575,1.1543223052973761,52.842280516149394
2026-08-10 05:00:00,1.15511,1.1555900000000001,1.15497,1.15544,950,8,1.1550705179696568,1.1543661364621849,55.96907639364861
2026-08-10 06:00:00,1.15543,1.15571,1.15519,1.15545,1404,8,1.1551066591154038,1.1544086409146481,56.0587234522467
2026-08-10 07:00:00,1.15547,1.15651,1.15516,1.15605,1735,8,1.155196501104413,1.154473007937603,61.16742334458101
2026-08-10 08:00:00,1.15607,1.15652,1.1559,1.15607,1348,8,1.1552796914754213,1.154535635077305,61.328817795654636
2026-08-10 09:00:00,1.15608,1.15634,1.15563,1.15565,1286,8,1.1553149589539526,1.154579335662509,56.05959762964025
2026-08-10 10:00:00,1.15565,1.15576,1.15539,1.1555,1379,8,1.155332581910719,1.1546154401463322,54.26635499507548
2026-08-10 11:00:00,1.1555,1.15561,1.15486,1.15522,1297,8,1.1553218598239838,1.1546391483758878,50.98762738088232
2026-08-10 12:00:00,1.15522,1.15547,1.1544699999999999,1.15467,1730,8,1.1552597779359854,1.1546403582435,45.20942189753493
2026-08-10 13:00:00,1.15469,1.15534,1.15434,1.1544699999999999,2218,8,1.1551845609897011,1.1546336775280688,43.288317887728105
2026-08-10 14:00:00,1.15448,1.15554,1.15439,1.15516,2166,8,1.155182221847825,1.1546543176250073,51.02108396626782
2026-08-10 15:00:00,1.15515,1.1553200000000001,1.15459,1.15512,1851,8,1.155176295957556,1.1546725796789286,50.590432116879676
2026-08-10 16:00:00,1.15513,1.15539,1.15445,1.15468,1439,8,1.155129029675884,1.1546728706719118,45.991744717017994
2026-08-10 17:00:00,1.15468,1.1547399999999999,1.15407,1.15425,1120,8,1.155045312563895,1.1546562875083075,41.975992261004166
2026-08-10 18:00:00,1.15427,1.15445,1.15397,1.15417,1046,8,1.1549619494625718,1.1546372174099424,41.25428295321862
2026-08-10 19:00:00,1.15417,1.15428,1.15399,1.15412,934,8,1.1548817637994697,1.1546169343742585,40.782330684880485
2026-08-10 20:00:00,1.15414,1.15428,1.15411,1.1542,397,8,1.1548168339138059,1.1546005840066405,41.927072173021365
2026-08-10 21:00:00,1.15419,1.15425,1.15398,1.15425,295,8,1.1547628497315385,1.1545868356142233,42.67297154914978
2026-08-10 22:00:00,1.15426,1.15438,1.15418,1.15436,372,8,1.1547244830904395,1.15457794009994,44.365961849632384
2026-08-10 23:00:00,1.15435,1.15462,1.15418,1.15456,428,8,1.154708818034207,1.1545772365666092,47.40715297437336
2026-08-11 00:00:00,1.15456,1.15493,1.15448,1.15457,897,8,1.1546955972690447,1.1545769527796834,47.561503477528746
2026-08-11 01:00:00,1.15457,1.15494,1.15428,1.15461,987,8,1.1546874451481832,1.1545782487491076,48.216170116388795
2026-08-11 02:00:00,1.15461,1.15461,1.15383,1.15395,1017,8,1.1546172122769276,1.1545536115432604,39.46195517876847
2026-08-11 03:00:00,1.15395,1.15446,1.1539,1.15424,758,8,1.1545812872981727,1.154541313051368,44.25152219157012
2026-08-11 04:00:00,1.15424,1.15449,1.15389,1.15424,902,8,1.1545487837459658,1.154529496853275,44.25152219157012
2026-08-11 05:00:00,1.15425,1.15428,1.15382,1.15408,942,8,1.1545041376749214,1.1545118695256957,42.11926307908614
2026-08-11 06:00:00,1.1541,1.15431,1.15327,1.15366,1648,8,1.1544237436106433,1.1544784628776292,37.069791837636515
2026-08-11 07:00:00,1.15367,1.15396,1.1531500000000001,1.15317,1655,8,1.1543043394572485,1.1544271506079182,32.21709665896172
2026-08-11 08:00:00,1.15318,1.15384,1.15311,1.15357,1481,8,1.154234402366082,1.1543935368585883,39.21268752763252
2026-08-11 09:00:00,1.15359,1.1537,1.1532499999999999,1.15367,1070,8,1.1541806497597884,1.1543651628641338,40.85607167795393
2026-08-11 10:00:00,1.15366,1.15381,1.1533,1.15363,1317,8,1.1541282069255228,1.1543363329478933,40.385745737368254
2026-08-11 11:00:00,1.15362,1.15433,1.15343,1.1536,2145,8,1.1540779015040443,1.154307457146015,40.01369944716268
2026-08-11 12:00:00,1.15362,1.15438,1.15335,1.15412,1873,8,1.1540819108846117,1.154300105885387,48.81554471824098
2026-08-11 13:00:00,1.15412,1.15481,1.15388,1.15436,1893,8,1.1541083955622677,1.1543024546741953,52.29475264481983
2026-08-11 14:00:00,1.15435,1.15439,1.15374,1.15421,1828,8,1.154118072175385,1.1542988290006975,50.00685525272622
2026-08-11 15:00:00,1.15423,1.15444,1.1536,1.15427,1755,8,1.154132541492015,1.1542976984516506,50.93160653866768
2026-08-11 16:00:00,1.15429,1.15432,1.15388,1.15393,1045,8,1.1541132518261088,1.1542832789045272,45.76548192583565
2026-08-11 17:00:00,1.15393,1.15399,1.1534,1.1537600000000001,922,8,1.154079608795051,1.1542627581631733,43.39533517339093
2026-08-11 18:00:00,1.1537600000000001,1.15419,1.15351,1.15401,976,8,1.1540729793859985,1.154252846078343,47.68605757576428
2026-08-11 19:00:00,1.154,1.15426,1.15395,1.15422,866,8,1.1540869813492367,1.1542515579968393,51.0430945349547
2026-08-11 20:00:00,1.15424,1.15433,1.15392,1.15418,411,8,1.154095840268357,1.1542487518008848,50.37992951844842
2026-08-11 21:00:00,1.15418,1.15421,1.15375,1.15401,362,8,1.1540876650047038,1.154239388985164,47.55225546732605
2026-08-11 22:00:00,1.15401,1.1543,1.15401,1.15429,406,8,1.1541069350042559,1.1542413737308441,52.300960738608204
2026-08-11 23:00:00,1.15431,1.15434,1.15409,1.1543,374,8,1.1541253221467078,1.1542436728002228,52.46649006045999
2026-08-12 00:00:00,1.1543,1.15445,1.15393,1.15405,870,8,1.154118148608926,1.1542360777884493,47.9833664801059
2026-08-12 01:00:00,1.15406,1.15406,1.15364,1.15381,857,8,1.1540888011223618,1.1542193688555689,44.088604117247044
2026-08-12 02:00:00,1.15381,1.15398,1.15348,1.15382,830,8,1.15406320101547,1.1542037073318212,44.29150554979052
2026-08-12 03:00:00,1.15382,1.15383,1.15346,1.1535199999999999,556,8,1.1540114675854252,1.154176895279593,39.64353766126212
2026-08-12 04:00:00,1.1535199999999999,1.15361,1.1532499999999999,1.15355,534,8,1.1539675182915752,1.1541523111509815,40.31801999991213
2026-08-12 05:00:00,1.15355,1.15355,1.15319,1.15338,693,8,1.153911564168568,1.1541220244391783,37.74402684322887
2026-08-12 06:00:00,1.15336,1.15368,1.15331,1.15368,1177,8,1.1538895104382283,1.1541046901474459,44.48019805358292
2026-08-12 07:00:00,1.15368,1.1539,1.15354,1.15371,1000,8,1.153872414206016,1.1540892121024482,45.11968745355906
2026-08-12 08:00:00,1.15371,1.15397,1.15343,1.15371,1166,8,1.1538569461863952,1.1540743410396073,45.11968745355906
2026-08-12 09:00:00,1.15371,1.15494,1.1534200000000001,1.15359,2105,8,1.1538315227400717,1.1540553472733481,42.83106740702838
2026-08-12 10:00:00,1.15358,1.15389,1.15319,1.15346,1396,8,1.1537961396219696,1.1540320003214521,40.4380564928465
2026-08-12 11:00:00,1.15345,1.15451,1.15335,1.1543,1354,8,1.1538441263246393,1.1540425101127676,57.11210691159881
2026-08-12 12:00:00,1.15433,1.15625,1.15323,1.15589,5268,8,1.1540389714365786,1.1541149606965806,72.6942886799514
2026-08-12 13:00:00,1.15589,1.15625,1.15457,1.15515,4081,8,1.154144783680714,1.1541555504731853,61.495824569787096
2026-08-12 14:00:00,1.15517,1.1554,1.15385,1.15426,2764,8,1.1541557566635032,1.1541596465330606,51.26673854215356
2026-08-12 15:00:00,1.15424,1.15436,1.15348,1.15392,2006,8,1.1541333036479315,1.1541502486298032,47.983115896114676
2026-08-12 16:00:00,1.15392,1.15398,1.15242,1.15278,1747,8,1.1540044175862236,1.1540965133894188,38.97027607570296
2026-08-12 17:00:00,1.15278,1.15303,1.15209,1.15212,1336,8,1.1538249492446784,1.154019003060422,34.884879664938154
2026-08-12 18:00:00,1.15212,1.1526399999999999,1.15194,1.15209,985,8,1.1536597159832804,1.153943355881582,34.706774310989246
2026-08-12 19:00:00,1.15208,1.15243,1.15197,1.15222,913,8,1.153522600175349,1.1538757732979905,36.2262319757429
2026-08-12 20:00:00,1.15221,1.15258,1.1521,1.15242,565,8,1.1534175906348394,1.1538186841490499,38.59380820559741
2026-08-12 21:00:00,1.15242,1.15243,1.15197,1.15221,329,8,1.15330258200295,1.1537555984961458,37.038937106724475
2026-08-12 22:00:00,1.15222,1.1526399999999999,1.15222,1.15263,320,8,1.1532385265740976,1.15371145737865,42.06611324582102
2026-08-12 23:00:00,1.1526399999999999,1.15275,1.15258,1.15274,389,8,1.153191047852755,1.1536733610108598,43.34208401442522
2026-08-13 00:00:00,1.15274,1.1531,1.15263,1.15284,925,8,1.153157614723921,1.1536406801869046,44.53798628708634
2026-08-13 01:00:00,1.15284,1.15306,1.15232,1.15246,1006,8,1.1530911752264048,1.1535943790031042,40.996765770150034
2026-08-13 02:00:00,1.15246,1.15253,1.15194,1.15214,737,8,1.1530005871096043,1.1535373445323944,38.23945833783192
2026-08-13 03:00:00,1.15214,1.15239,1.15198,1.15222,896,8,1.1529262454801181,1.1534856839624965,39.33790181566712
2026-08-13 04:00:00,1.15222,1.15265,1.15196,1.1525400000000001,780,8,1.1528894601962973,1.1534485983169085,43.654766872860506
2026-08-13 05:00:00,1.1525400000000001,1.1527,1.15229,1.15245,825,8,1.152847606844269,1.1534094375985984,42.73368423398993
2026-08-13 06:00:00,1.15245,1.15258,1.15115,1.15179,1630,8,1.1527468823829101,1.1533459302417906,36.63002537707442
2026-08-13 07:00:00,1.15176,1.15274,1.15164,1.15252,1473,8,1.1527252745369188,1.153313540820544,45.84369343048435
2026-08-13 08:00:00,1.15252,1.1528100000000001,1.15223,1.15238,1368,8,1.1526923912476883,1.1532769313766011,44.50719303225042
2026-08-13 09:00:00,1.15239,1.15345,1.15227,1.15339,1262,8,1.15275883017648,1.1532813654402638,54.755137956305944
2026-08-13 10:00:00,1.15338,1.15381,1.15333,1.15354,1073,8,1.1528332273025295,1.1532915079720183,56.05316070505879
2026-08-13 11:00:00,1.15353,1.15383,1.15321,1.15337,1191,8,1.1528843485118125,1.1532945860907626,54.156853035771036
2026-08-13 12:00:00,1.15337,1.1544,1.15253,1.15434,2457,8,1.153022981986878,1.1533355827146543,62.046657212082536
2026-08-13 13:00:00,1.15434,1.15449,1.15301,1.15341,2876,8,1.1530598408452708,1.1533385010395698,52.68459825271954
2026-08-13 14:00:00,1.1534200000000001,1.1545,1.15312,1.15433,2914,8,1.1531808083838164,1.1533773833517436,59.237106153486984
2026-08-13 15:00:00,1.15434,1.1545,1.15297,1.15303,2295,8,1.153166445680596,1.1533637604752045,48.92639840724215
2026-08-13 16:00:00,1.15305,1.1532499999999999,1.1524,1.1529,1440,8,1.1531410699014915,1.1533455737899023,48.02616070782922
2026-08-13 17:00:00,1.1529,1.1531,1.1525400000000001,1.15274,1054,8,1.153102872768016,1.1533218257981415,46.882785761493786
2026-08-13 18:00:00,1.15274,1.15318,1.1526,1.15284,948,8,1.1530778372663002,1.1533029306688027,47.72052094215181
2026-08-13 19:00:00,1.15284,1.15311,1.15273,1.15285,853,8,1.1530561384790334,1.1532851686817909,47.8091651556599
2026-08-13 20:00:00,1.15285,1.15296,1.15259,1.15287,486,8,1.15303841100484,1.153268887557015,47.999073871547075
2026-08-13 21:00:00,1.15286,1.15286,1.15237,1.15272,425,20,1.1530080861472363,1.1532473625547792,46.628666777240404
2026-08-13 22:00:00,1.15279,1.15313,1.15279,1.15311,372,8,1.153017792228452,1.1532419757879253,50.57944279941493
2026-08-13 23:00:00,1.15311,1.15339,1.15309,1.15334,381,8,1.1530484786828852,1.1532458198746733,52.798546717918015
2026-08-14 00:00:00,1.15332,1.15387,1.1533,1.15378,933,8,1.1531181473797532,1.1532667681148823,56.79532678824683
2026-08-14 01:00:00,1.1537600000000001,1.15378,1.15318,1.15337,1038,8,1.1531421333435863,1.1532708164241026,52.3473223100954
2026-08-14 02:00:00,1.15337,1.15371,1.15332,1.1534,756,8,1.1531666920727686,1.1532758824466869,52.639596247724164
2026-08-14 03:00:00,1.1534,1.1539,1.15335,1.15367,754,8,1.1532146261610763,1.153291338037013,55.297052555200864
2026-08-14 04:00:00,1.15367,1.154,1.15363,1.15383,652,8,1.1532732331933546,1.1533124620355615,56.84247827719105
2026-08-14 05:00:00,1.15383,1.15426,1.15378,1.15412,775,8,1.1533538776511305,1.1533441301910297,59.57064842263868
2026-08-14 06:00:00,1.15414,1.15441,1.1538599999999999,1.1544,1209,8,1.153453508351023,1.153385536850205,62.06414915550044
2026-08-14 07:00:00,1.15442,1.15509,1.15426,1.15503,1475,8,1.1536036504128302,1.1534500256011773,66.99636131575946
2026-08-14 08:00:00,1.15502,1.15571,1.15499,1.15552,1624,8,1.1537861598973225,1.1535312010677978,70.23752643948389
2026-08-14 09:00:00,1.15549,1.15564,1.15507,1.15543,1288,8,1.1539427160975775,1.1536056637710215,68.89913177946951
2026-08-14 10:00:00,1.15543,1.1556,1.15516,1.1555,980,8,1.154091028850189,1.1536799514662757,69.38772873179927
2026-08-14 11:00:00,1.15552,1.15714,1.15551,1.15651,1788,8,1.1543214070549328,1.1537909337617158,75.39424828499085
2026-08-14 12:00:00,1.15652,1.15783,1.15624,1.15655,2877,8,1.1545336540020819,1.153899132437727,75.59845404350293
2026-08-14 13:00:00,1.15656,1.15842,1.15617,1.15799,3006,8,1.1548628298114074,1.1540595586166398,81.53845561926289
2026-08-14 14:00:00,1.15797,1.15852,1.15769,1.15801,2779,8,1.155162560305559,1.1542144778865755,81.60543035933375
2026-08-14 15:00:00,1.15802,1.15848,1.15767,1.15796,2306,8,1.155428983133601,1.1543613611067098,80.81608779336088
2026-08-14 16:00:00,1.15798,1.15815,1.157,1.15708,1468,8,1.1555862228351628,1.1544679743966428,68.29522747130139
2026-08-14 17:00:00,1.15709,1.15711,1.15627,1.15644,1194,8,1.1556675349460996,1.1545453087340294,60.904795520961606
2026-08-14 18:00:00,1.15646,1.15665,1.15629,1.15649,872,8,1.155745864951233,1.1546215711366166,61.2575248268137
2026-08-14 19:00:00,1.15649,1.15688,1.15641,1.15682,999,8,1.1558481635273061,1.1547077840332198,63.59227398713573
2026-08-14 20:00:00,1.15684,1.15701,1.15668,1.15699,694,8,1.155956909858039,1.154797282698584,64.77010734307176
2026-08-16 21:00:00,1.15644,1.15652,1.15618,1.15652,264,8,1.1560105374906067,1.154864840239816,59.079474827090955
2026-08-16 22:00:00,1.1565,1.15748,1.15648,1.15745,658,8,1.156147629158168,1.154966219053941,65.53252657353099
2026-08-16 23:00:00,1.15746,1.15754,1.15721,1.15732,419,8,1.1562592835240568,1.1550585241890805,64.0129011646467
2026-08-17 00:00:00,1.15732,1.15805,1.15732,1.15798,1127,8,1.1564231612836704,1.1551730918679401,68.06211782646743
2026-08-17 01:00:00,1.15798,1.15832,1.1577600000000001,1.1583,1206,8,1.156601907828083,1.1552957157162562,69.83437688746002
2026-08-17 02:00:00,1.1583,1.1584,1.15788,1.15795,790,8,1.156730297558742,1.155399805296011,65.54991787564725
2026-08-17 03:00:00,1.15795,1.15834,1.15781,1.1583,756,8,1.156879793029338,1.1555135384216577,67.68500456142795
2026-08-17 04:00:00,1.15832,1.15875,1.15821,1.15843,866,8,1.1570274317884486,1.1556279094639457,68.46673001180983
2026-08-17 05:00:00,1.15844,1.15888,1.15824,1.15869,1198,8,1.1571857716181202,1.1557479914457518,70.0283504260825
2026-08-17 06:00:00,1.15871,1.15963,1.15833,1.15951,1770,8,1.1574071267021089,1.1558955211929773,74.34378249805067
2026-08-17 07:00:00,1.15952,1.16115,1.15924,1.16062,2399,8,1.1577131146352413,1.1560807948716842,78.7947196921354
2026-08-17 08:00:00,1.1606,1.16137,1.15952,1.15987,2195,8,1.1579185322890277,1.156229391151226,69.96291057611934
2026-08-17 09:00:00,1.1598600000000001,1.16021,1.15956,1.15966,1663,8,1.1580843863567394,1.1563639248315702,67.67558853437929
2026-08-17 10:00:00,1.15966,1.15983,1.15891,1.15903,1692,8,1.1581744447989546,1.1564684767989597,61.21027332392837
2026-08-17 11:00:00,1.15902,1.15951,1.15873,1.1592,1328,8,1.1582721167228638,1.1565755953558632,62.258064849198945
2026-08-17 12:00:00,1.15917,1.15973,1.15867,1.15973,2307,8,1.1584109627492576,1.1566992974987704,65.39634537820686
2026-08-17 13:00:00,1.15975,1.15995,1.15875,1.15945,2290,8,1.1585099186778998,1.156807168185093,62.44232485868514
2026-08-17 14:00:00,1.15945,1.1599,1.15856,1.15865,2439,8,1.1585232597561952,1.1568794360994032,54.82264610877967
2026-08-17 15:00:00,1.15865,1.1589800000000001,1.1581299999999999,1.15897,1919,8,1.1585658064460813,1.156961418997466,57.07882669230524
2026-08-17 16:00:00,1.15897,1.15915,1.1584699999999999,1.15878,1134,8,1.1585862058321688,1.1570327358995263,55.31252510762579
2026-08-17 17:00:00,1.15879,1.15892,1.15759,1.1577,1408,8,1.1585018052767242,1.157058903119153,46.50345818657338
2026-08-17 18:00:00,1.15771,1.15783,1.15705,1.15722,1286,8,1.158379728583703,1.157065220643892,43.209713188962475
2026-08-17 19:00:00,1.15722,1.15801,1.1571799999999999,1.15785,1027,8,1.158329278242398,1.1570959963049159,48.377750538002125
2026-08-17 20:00:00,1.15783,1.15794,1.15768,1.15791,431,8,1.158289346981217,1.1571279180184486,48.85511400687168
2026-08-17 21:00:00,1.15789,1.15792,1.15758,1.15777,384,8,1.1582398853639582,1.1571530977039997,47.7456641885004
2026-08-17 22:00:00,1.15778,1.15799,1.15773,1.15782,432,8,1.1581998962816764,1.1571792507352154,48.19811342632758
2026-08-17 23:00:00,1.15782,1.15834,1.15779,1.15824,437,8,1.1582037156834215,1.1572208487455993,51.96087408920304
2026-08-18 00:00:00,1.15824,1.15846,1.15772,1.1582,1076,8,1.15820336180881,1.1572592468340073,51.57662809482123
2026-08-18 01:00:00,1.1582,1.15855,1.15783,1.15792,1126,8,1.1581763749698757,1.1572851587228699,48.85324319975089
2026-08-18 02:00:00,1.15793,1.15801,1.15747,1.15798,974,8,1.1581576725917921,1.1573124074004044,49.46897570693551
2026-08-18 03:00:00,1.15799,1.15799,1.15712,1.15728,861,8,1.1580740847259072,1.1573111365219573,42.96966339478661
2026-08-18 04:00:00,1.15727,1.15745,1.15695,1.15711,835,8,1.1579822671329638,1.157303248815214,41.54221726926166
2026-08-18 05:00:00,1.15711,1.15739,1.15689,1.15728,905,8,1.1579153845488719,1.1573023370969704,43.56132399289607
2026-08-18 06:00:00,1.15728,1.15745,1.15663,1.15719,1774,8,1.1578463003061221,1.1572979317206187,42.72006995305274
2026-08-18 07:00:00,1.1571799999999999,1.15771,1.15692,1.15736,1750,8,1.1577999859912533,1.1573003657707905,44.885206887032425
2026-08-18 08:00:00,1.15737,1.15772,1.15686,1.15759,1421,8,1.1577799873254195,1.1573117239758575,47.76215318380959
2026-08-18 09:00:00,1.15759,1.15797,1.15722,1.15787,1350,8,1.1577885599610938,1.1573336171532749,51.108073561664256
2026-08-18 10:00:00,1.15787,1.15788,1.15734,1.15756,1195,8,1.1577667923457513,1.15734249491197,47.481914101202975
2026-08-18 11:00:00,1.15757,1.15765,1.1572,1.15763,1098,8,1.1577537645032987,1.1573537696213045,48.37266873964309
2026-08-18 12:00:00,1.15763,1.15791,1.15713,1.1574200000000001,1809,8,1.1577219774077465,1.1573563668910571,45.859704033902965
2026-08-18 13:00:00,1.1574,1.15845,1.15698,1.15802,2514,8,1.1577503605117705,1.1573823917188588,53.32115191908086
2026-08-18 14:00:00,1.158,1.15881,1.158,1.15807,2738,8,1.1577808023677925,1.1574093567494919,53.891431161649514
2026-08-18 15:00:00,1.15807,1.15859,1.15761,1.15788,2264,8,1.1577902497613362,1.157427813347551,51.32536550238475
2026-08-18 16:00:00,1.15787,1.15852,1.1578,1.15793,1305,8,1.1578035593078755,1.157447506941765,51.97344836769383
2026-08-18 17:00:00,1.15793,1.15801,1.1574,1.15762,1178,8,1.1577860774690303,1.1574542713754212,47.730208843272806
2026-08-18 18:00:00,1.15762,1.15782,1.1574,1.15754,786,8,1.1577626415195987,1.1574576332822675,46.67125156656794
2026-08-18 19:00:00,1.15755,1.15804,1.15736,1.15744,1105,8,1.1577319137558273,1.1574569417810021,45.31778214592855
2026-08-18 20:00:00,1.15743,1.15757,1.1571500000000001,1.1574,644,8,1.1577003029219388,1.1574547087699825,44.75864212553175
2026-08-18 21:00:00,1.1575199999999999,1.15755,1.15704,1.15741,481,8,1.1576726550246115,1.1574529554848851,44.941536652234035
2026-08-18 22:00:00,1.1574,1.15764,1.15736,1.15759,386,8,1.1576647831175055,1.1574583297795955,48.262032315420434
2026-08-18 23:00:00,1.15759,1.1578,1.15728,1.15759,545,8,1.1576576609158382,1.1574634933176506,48.262032315420434
2026-08-19 00:00:00,1.15761,1.15812,1.1573,1.1574,1454,8,1.1576331217809963,1.1574610033836252,44.943854826367094
2026-08-19 01:00:00,1.15739,1.15775,1.15696,1.15768,1280,8,1.1576375863732824,1.1574695914862283,50.360276577105665
2026-08-19 02:00:00,1.15768,1.15867,1.15761,1.15821,1578,8,1.1576921019567792,1.1574986271142194,58.65230049275279
2026-08-19 03:00:00,1.15821,1.15844,1.15806,1.15807,804,8,1.1577280922466098,1.157521033894054,55.99162965047358
2026-08-19 04:00:00,1.15808,1.1586400000000001,1.1580300000000001,1.15855,888,8,1.157806369175504,1.157561385506052,62.30532954906188
2026-08-19 05:00:00,1.15855,1.15892,1.15841,1.1588,1121,8,1.1579010006825987,1.1576099586234618,65.11269843594813
2026-08-19 06:00:00,1.1588,1.15983,1.15871,1.15941,1726,8,1.1580447149033035,1.1576805484813653,70.82273205271615
2026-08-19 07:00:00,1.1594,1.15973,1.15912,1.1596,1463,8,1.1581928372934651,1.1577558210899392,72.34122465984393
2026-08-19 08:00:00,1.1596,1.16049,1.15951,1.15979,1890,8,1.1583449480274208,1.1578355928119024,73.80914477410968
2026-08-19 09:00:00,1.15979,1.1608,1.1595900000000001,1.16058,1370,8,1.1585578101200473,1.1579432166232004,78.83814245130706
2026-08-19 10:00:00,1.16059,1.16115,1.16046,1.16062,1291,8,1.1587542091562333,1.15804818852033,79.05741268192115
2026-08-19 11:00:00,1.16061,1.16083,1.15992,1.16024,1474,8,1.1588957130461157,1.1581341419116897,71.48003504060469
2026-08-19 12:00:00,1.16024,1.16433,1.16022,1.16351,4548,8,1.1593351689464857,1.1583449598759372,84.89592206458366
2026-08-19 13:00:00,1.16353,1.16594,1.16351,1.16559,5665,8,1.1599308671420585,1.1586290790964888,88.57684509718459
2026-08-19 14:00:00,1.1656,1.16769,1.16534,1.1663000000000001,4891,8,1.1605374512237674,1.1589298995240775,89.51606350822932
2026-08-19 15:00:00,1.1663000000000001,1.16678,1.16562,1.16635,3274,8,1.1610910272976944,1.1592208838564668,89.58103182004172
2026-08-19 16:00:00,1.16637,1.16717,1.16632,1.16681,2064,8,1.1616356913645807,1.1595184962542524,90.18372519688815
2026-08-19 17:00:00,1.16682,1.16717,1.16583,1.16589,1957,8,1.162040863615573,1.1597683591462427,80.19247153943675
2026-08-19 18:00:00,1.16591,1.16747,1.16584,1.16729,2838,8,1.1625407813664708,1.1600633254542332,83.23610077739256
2026-08-19 19:00:00,1.16731,1.1679,1.16694,1.16767,2014,8,1.1630292783791878,1.1603616264168122,83.95670256997408
2026-08-19 20:00:00,1.16769,1.16789,1.16746,1.16773,707,8,1.1634769661525983,1.160650582243604,84.07311609721901
2026-08-19 21:00:00,1.16773,1.16773,1.16731,1.16758,388,8,1.1638677312809225,1.160922324116404,82.46213996468025
2026-08-19 22:00:00,1.1676,1.168,1.16741,1.16748,607,8,1.1642117568732155,1.1611794878765451,81.34309870748729
2026-08-19 23:00:00,1.16748,1.16771,1.16722,1.16738,700,8,1.1645134943138618,1.1614226452147198,80.17145398409261
2026-08-20 00:00:00,1.16738,1.16795,1.1672,1.16739,1596,8,1.164787447236351,1.161656659127868,80.20216383004326
2026-08-20 01:00:00,1.16738,1.16826,1.16696,1.1676199999999999,2304,8,1.1650572141662225,1.1618905156326578,80.9335863027753
2026-08-20 02:00:00,1.1676199999999999,1.16836,1.16724,1.16747,1603,8,1.165287003293249,1.162109318941181,78.88665980618427
2026-08-20 03:00:00,1.16747,1.16797,1.16738,1.16789,1159,8,1.1655349077415111,1.162336012316037,80.38273888613682
2026-08-20 04:00:00,1.16791,1.168,1.16714,1.16727,951,8,1.1657001546232721,1.1625295020291335,72.24451611631491
2026-08-20 05:00:00,1.16729,1.1677,1.16699,1.16756,1405,8,1.165877282754389,1.1627267764593636,73.59132029436626
2026-08-20 06:00:00,1.16756,1.16881,1.16728,1.16876,2095,8,1.166151827253971,1.1629633734609572,78.286510640871
2026-08-20 07:00:00,1.16875,1.16934,1.16779,1.16922,2585,8,1.1664440341821642,1.163208731364449,79.77120735048837
2026-08-20 08:00:00,1.16923,1.16995,1.16883,1.16982,2183,8,1.1667655547362439,1.1634679968011372,81.54387288386435
2026-08-20 09:00:00,1.16983,1.17094,1.16951,1.1706699999999999,2288,8,1.1671374066661253,1.1637504282991318,83.72035068486349
2026-08-20 10:00:00,1.17065,1.17103,1.16938,1.16968,1995,8,1.1673795584122086,1.1639829605226952,72.93248278788
2026-08-20 11:00:00,1.1696900000000001,1.1698,1.16824,1.16845,2380,8,1.1674815052300935,1.164158138541413,62.20738782713257
2026-08-20 12:00:00,1.16846,1.16899,1.16773,1.16881,3372,8,1.1676080285415131,1.1643405644809655,63.881527159501
2026-08-20 13:00:00,1.16883,1.16942,1.16747,1.16751,3692,8,1.1675986924899404,1.164464856069947,54.49385792729135
2026-08-20 14:00:00,1.16751,1.1684700000000001,1.16705,1.16827,3279,8,1.1676626265385175,1.1646140774005374,58.34755775406987
2026-08-20 15:00:00,1.16827,1.16933,1.1672,1.16785,4710,8,1.1676804716300873,1.1647409763260066,55.54795555528002
2026-08-20 16:00:00,1.16787,1.16797,1.16687,1.16729,2232,8,1.1676432838557933,1.1648409380387124,51.96757249326684
2026-08-20 17:00:00,1.16729,1.16748,1.16698,1.16743,1336,8,1.1676229711076225,1.1649424698803315,52.78688347431656
2026-08-20 18:00:00,1.16743,1.16763,1.16704,1.16754,1227,8,1.1676150690973728,1.165044333806593,53.458625893469325
2026-08-20 19:00:00,1.16754,1.16781,1.1673,1.16775,1108,8,1.1676279196595278,1.1651504383631972,54.78134917630351
2026-08-20 20:00:00,1.16777,1.16794,1.16756,1.16783,575,8,1.1676471654062395,1.1652555192116993,55.30250590343234
2026-08-20 21:00:00,1.16782,1.16782,1.16745,1.16774,358,8,1.1676560067961215,1.1653529498308484,54.54093467252005
2026-08-20 22:00:00,1.16776,1.16839,1.16776,1.16829,468,8,1.1677163871012528,1.1654681282688544,58.31851546009493
2026-08-20 23:00:00,1.16829,1.16876,1.16829,1.16871,694,8,1.1678110169011335,1.1655952604936053,60.98475337359088
2026-08-21 00:00:00,1.16871,1.16893,1.16825,1.16828,1414,8,1.1678556819581685,1.1657005443958168,56.96700307175732
2026-08-21 01:00:00,1.16831,1.16928,1.16827,1.169,1535,8,1.167964664628819,1.1658299348116672,61.53641353229934
2026-08-21 02:00:00,1.169,1.17005,1.16875,1.16955,1311,8,1.1681156489498838,1.1659758197210135,64.62637473334185
2026-08-21 03:00:00,1.16956,1.16981,1.16913,1.16938,1029,8,1.1682360633356093,1.1661093169868562,62.94322347865379
2026-08-21 04:00:00,1.16939,1.16951,1.16905,1.16929,828,8,1.1683364382560275,1.1662340496540384,62.0222666845407
2026-08-21 05:00:00,1.16929,1.16989,1.16898,1.16975,1118,8,1.168471063184025,1.1663719300597626,64.85287686438677
2026-08-21 06:00:00,1.16977,1.1698,1.16899,1.16977,1731,8,1.1685947714522131,1.1665051877044779,64.97510879350094
2026-08-21 07:00:00,1.16974,1.17002,1.16864,1.16905,2501,8,1.1686381265520023,1.1666049842650867,57.25543755490813
2026-08-21 08:00:00,1.16905,1.1706,1.16886,1.1705,2351,8,1.168815447832764,1.1667577299801812,66.01302513839903
2026-08-21 09:00:00,1.1705,1.1711,1.16998,1.17,2202,8,1.1689282623248816,1.1668848778240957,61.34563638779983
2026-08-21 10:00:00,1.17,1.17103,1.16987,1.17016,1849,8,1.1690455706748928,1.1670133139878567,62.26507449250331
2026-08-21 11:00:00,1.17018,1.17095,1.16957,1.17005,2586,8,1.1691412306106173,1.1671323997138232,61.187507891959925
2026-08-21 12:00:00,1.1700599999999999,1.17028,1.16846,1.16901,2534,8,1.1691287324572253,1.167206031097595,52.02100489796097
2026-08-21 13:00:00,1.16901,1.16909,1.16784,1.1683,2658,8,1.169049805556537,1.1672489318388657,46.859800618918264
2026-08-21 14:00:00,1.1683,1.1683,1.16685,1.16729,2746,8,1.168882205027343,1.1672505423549886,40.6772015128876
2026-08-21 15:00:00,1.16728,1.16835,1.16704,1.16827,2425,8,1.1688238997866436,1.1672905210861655,47.86490575530923
2026-08-21 16:00:00,1.16827,1.16872,1.16791,1.1681300000000001,1818,8,1.1687578140926775,1.1673234418278846,46.98901181141379
2026-08-21 17:00:00,1.1681300000000001,1.16827,1.16768,1.168,1253,8,1.1686856413219462,1.1673499735209087,46.14459827841152
2026-08-21 18:00:00,1.168,1.16838,1.1679599999999999,1.1682299999999999,915,8,1.1686422469103321,1.167384484363226,47.92753598072904
2026-08-21 19:00:00,1.1682299999999999,1.16828,1.16774,1.16785,868,8,1.168566794823634,1.1674027398783935,45.26144040710718
2026-08-21 20:00:00,1.16785,1.16789,1.16738,1.16763,747,8,1.1684775762690023,1.1674116520400253,43.7442659824093
2026-08-23 21:00:00,1.16749,1.16777,1.1673499999999999,1.16777,158,8,1.1684101880529068,1.167425704901201,45.00754785983256
2026-08-23 22:00:00,1.16778,1.1679599999999999,1.16723,1.1675200000000001,734,8,1.1683254082383443,1.1674294027482126,43.144370232122256
2026-08-23 23:00:00,1.1675200000000001,1.1682,1.16742,1.1682,574,8,1.1683134645965974,1.167459622248283,49.29315240271032
2026-08-24 00:00:00,1.1682,1.16869,1.16815,1.16846,1586,8,1.1683274203493024,1.1674988527483503,51.45492462364368
2026-08-24 01:00:00,1.1684700000000001,1.1686,1.16763,1.16815,1529,8,1.1683105231731783,1.1675243879346895,48.784395740665936
2026-08-24 02:00:00,1.16814,1.16844,1.1679,1.16816,1069,8,1.1682961876328757,1.167549313898035,48.87657077331208
2026-08-24 03:00:00,1.16817,1.16818,1.16776,1.16795,857,8,1.1682632173821257,1.1675650270785043,46.96500455923599
2026-08-24 04:00:00,1.16795,1.16825,1.1675,1.1682299999999999,1117,8,1.1682600538219232,1.1675911044479748,49.784982164879914
2026-08-24 05:00:00,1.1682299999999999,1.16827,1.16758,1.16801,1051,8,1.1682362391722163,1.167607531724525,47.6415094033153
2026-08-24 06:00:00,1.16801,1.16803,1.1673499999999999,1.16773,1715,8,1.1681880259177193,1.1676123344019946,44.986755202931306
2026-08-24 07:00:00,1.16773,1.16802,1.16644,1.16667,2277,8,1.1680434520207936,1.1675753801117204,36.658625214234256
2026-08-24 08:00:00,1.16667,1.16683,1.1660300000000001,1.16629,2100,8,1.1678764565902418,1.1675249730485155,34.21338628596435
2026-08-24 09:00:00,1.16629,1.16666,1.16601,1.16641,1412,8,1.1677367940578376,1.1674812486152404,35.67261496797474
2026-08-24 10:00:00,1.16641,1.16667,1.16615,1.16638,1381,8,1.1676075755761388,1.167438062395035,35.46084731379972
2026-08-24 11:00:00,1.16636,1.16734,1.16623,1.16666,2404,8,1.1675173302831732,1.1674075501442491,39.094967758627035
2026-08-24 12:00:00,1.16666,1.16737,1.16616,1.1669100000000001,2594,8,1.1674594893038233,1.1673880383738866,42.22318096981482
2026-08-24 13:00:00,1.16692,1.16745,1.16633,1.16646,2606,8,1.1673642998463163,1.1673516447121657,38.399946155076286
2026-08-24 14:00:00,1.16646,1.16717,1.16627,1.16652,2592,8,1.1672838903371432,1.1673190311940416,39.19057802910129
2026-08-24 15:00:00,1.16653,1.16721,1.16634,1.16643,2173,8,1.1672025674478914,1.1672841672256478,38.394531340334574
2026-08-24 16:00:00,1.16644,1.16693,1.16623,1.16644,1888,8,1.1671299419766636,1.1672510626285635,38.54390156374244
2026-08-24 17:00:00,1.16644,1.16663,1.1655,1.16591,1938,8,1.1670137570265053,1.1671984719372475,33.85825156534871
2026-08-24 18:00:00,1.1659,1.16652,1.16567,1.16637,1349,8,1.1669524468335046,1.167165982841669,40.606900088159215
2026-08-24 19:00:00,1.16638,1.16638,1.1659,1.1661,860,8,1.16687126142079,1.167124179592976,38.14660261767693
2026-08-24 20:00:00,1.1661,1.16643,1.16601,1.16637,510,8,1.1668235222378573,1.1670946039226633,41.935256884319934
2026-08-24 21:00:00,1.16637,1.16638,1.16599,1.16629,419,20,1.1667727105961565,1.167063050827657,41.13135083668484
2026-08-24 22:00:00,1.16634,1.16649,1.1663000000000001,1.16641,301,8,1.1667381667298558,1.1670374409912783,42.89959060003916
2026-08-24 23:00:00,1.16643,1.16683,1.16638,1.16678,389,8,1.1667421508508218,1.1670273452661302,48.07818729527496
2026-08-25 00:00:00,1.16677,1.16706,1.16669,1.16684,1195,8,1.1667514698174102,1.1670199983929486,48.8877162071344
2026-08-25 01:00:00,1.16684,1.16685,1.16614,1.16628,1139,8,1.1667065679300377,1.166990978848127,42.264357858719194
2026-08-25 02:00:00,1.16628,1.16645,1.16585,1.1660300000000001,1061,8,1.1666421328890817,1.1669532934031024,39.67980903087334
2026-08-25 03:00:00,1.16604,1.1662,1.16582,1.16601,772,8,1.166581929756788,1.1669163015049415,39.47185246087955
2026-08-25 04:00:00,1.16601,1.16601,1.16546,1.16555,766,8,1.166483650732332,1.1668627210537674,34.936648418328716
2026-08-25 05:00:00,1.16555,1.16565,1.16527,1.16535,797,8,1.1663756839959194,1.1668033986595021,33.153078918367314
2026-08-25 06:00:00,1.16532,1.16589,1.16507,1.16524,1394,8,1.1662675236153557,1.166742088908149,32.18001273020262
2026-08-25 07:00:00,1.16523,1.16624,1.16522,1.16584,1736,8,1.16622680708056,1.1667067128725352,42.15333963070937
2026-08-25 08:00:00,1.16585,1.1667399999999999,1.1657,1.1667,2310,8,1.1662718730728876,1.1667064496226318,52.85497410849413
2026-08-25 09:00:00,1.16669,1.16733,1.16654,1.16676,2025,8,1.1663183613516601,1.1667085496374308,53.501297889121055
2026-08-25 10:00:00,1.16676,1.16679,1.1659,1.1662,1472,8,1.1663070888419782,1.1666886065143944,47.02188373522145
2026-08-25 11:00:00,1.1662,1.16646,1.16581,1.16595,1645,8,1.1662730803808374,1.1666596415530455,44.434682730751874
2026-08-25 12:00:00,1.16595,1.16662,1.16595,1.16658,1767,8,1.1663023108207577,1.166656518354887,51.65370772149501
2026-08-25 13:00:00,1.16658,1.16751,1.1663999999999999,1.16737,2534,8,1.1664039955044951,1.1666844980272442,58.86986665063042
2026-08-25 14:00:00,1.1673499999999999,1.16745,1.16658,1.16693,2626,8,1.1664540911707337,1.1666941255555876,54.032507761306476
2026-08-25 15:00:00,1.16695,1.16756,1.16667,1.1672500000000001,2240,8,1.1665298920116163,1.1667159245534076,56.81196915067563
2026-08-25 16:00:00,1.16727,1.16738,1.16676,1.16709,1383,8,1.1665832356295576,1.166730594178764,55.02058101343988
2026-08-25 17:00:00,1.16709,1.16741,1.16688,1.16737,1247,8,1.1666581655695996,1.1667556689168517,57.54357384899068
2026-08-25 18:00:00,1.16738,1.16749,1.16714,1.1674,880,8,1.166728816467733,1.1667809368024653,57.816592140653746
2026-08-25 19:00:00,1.1674,1.16785,1.16685,1.16757,1434,8,1.1668089291850916,1.1668118804572707,59.40948026091325
2026-08-25 20:00:00,1.16759,1.16792,1.16716,1.16716,810,8,1.1668423645007973,1.1668255322040444,54.10324452497755
2026-08-25 21:00:00,1.16731,1.16746,1.16709,1.16724,670,20,1.1668802345483404,1.1668417858431015,54.94877297429635
2026-08-25 22:00:00,1.1672,1.16767,1.1672,1.16764,380,8,1.1669525931627842,1.1668730883590583,59.014439939322735
2026-08-25 23:00:00,1.16764,1.16765,1.16721,1.16738,439,8,1.1669932985758522,1.1668929672469384,55.50790589077434
2026-08-26 00:00:00,1.16737,1.16754,1.16706,1.16722,964,8,1.1670148891876757,1.166905792060784,53.40493864332216
2026-08-26 01:00:00,1.16723,1.16738,1.16686,1.167,1341,8,1.167013471169802,1.1669094864897729,50.56805640113785
2026-08-26 02:00:00,1.167,1.1672500000000001,1.1666400000000001,1.16673,977,8,1.1669864739155351,1.1669024478038994,47.25068737206252
2026-08-26 03:00:00,1.16673,1.16683,1.16634,1.16644,823,8,1.1669344287807222,1.1668843125959034,43.91811112588463
2026-08-26 04:00:00,1.16644,1.16647,1.16604,1.16617,664,8,1.166861626039701,1.1668563003372405,41.017486952666395
2026-08-26 05:00:00,1.16617,1.1666400000000001,1.1660300000000001,1.1663999999999999,844,8,1.1668176616549675,1.1668384062063684,44.387042026602536
2026-08-26 06:00:00,1.16642,1.1667,1.16594,1.16666,1349,8,1.1668026462592562,1.16683140988455,48.003267765499665
2026-08-26 07:00:00,1.16668,1.16726,1.1666400000000001,1.16704,1518,8,1.1668252513774224,1.1668395898890775,52.83087863454748
2026-08-26 08:00:00,1.16702,1.16764,1.16692,1.1671,1524,8,1.166851417912906,1.1668498020502902,53.5639791752671
2026-08-26 09:00:00,1.1671,1.1671,1.16633,1.16659,1417,8,1.1668265209688196,1.1668396137345927,46.89262621566082
2026-08-26 10:00:00,1.16656,1.16661,1.16605,1.16617,1144,8,1.1667639951622653,1.166813354372452,42.22811076886917
2026-08-26 11:00:00,1.16617,1.16688,1.166,1.16685,1431,8,1.1667721860991924,1.1668147914558853,50.76702020129304
2026-08-26 12:00:00,1.16686,1.1675,1.16552,1.16558,2723,8,1.166658644565936,1.1667663682615368,39.13344068639932
2026-08-26 13:00:00,1.16559,1.16585,1.16511,1.16525,2879,8,1.1665244879406087,1.1667069028395156,36.775233131194504
2026-08-26 14:00:00,1.16524,1.16529,1.16416,1.16446,2458,8,1.166327870041503,1.166618789002672,31.830180393769282
2026-08-26 15:00:00,1.16445,1.16539,1.16445,1.16499,2204,8,1.166200453847074,1.1665549149241359,37.86653226088795
2026-08-26 16:00:00,1.16499,1.1654,1.16486,1.16493,1532,8,1.1660794582425906,1.1664911927702484,37.46211032349414
2026-08-26 17:00:00,1.16491,1.1654,1.16483,1.16524,1094,8,1.1659995098385343,1.1664421263871012,40.97000879787394
2026-08-26 18:00:00,1.16523,1.1654,1.16497,1.16509,741,8,1.165912889853912,1.1663891018229013,39.80649384565661
2026-08-26 19:00:00,1.16511,1.16534,1.16497,1.16531,778,8,1.165855471772587,1.1663467841043562,42.39062857815482
2026-08-26 20:00:00,1.1653,1.16546,1.16513,1.16528,500,8,1.1658006649371024,1.166304949433597,42.12505233495877
2026-08-26 21:00:00,1.16528,1.1653,1.16475,1.1653,316,8,1.1657529825621404,1.1662655396518875,42.384204210193204
2026-08-26 22:00:00,1.16531,1.16549,1.16531,1.16538,444,8,1.165717460413365,1.1662308126067154,43.47452092754154
2026-08-26 23:00:00,1.16538,1.1656,1.16536,1.1655,570,8,1.1656967498978066,1.1662021532888052,45.151215866424266
2026-08-27 00:00:00,1.16551,1.1657899999999999,1.16534,1.16559,968,8,1.1656865832408725,1.1661781472774795,46.434552194685395
2026-08-27 01:00:00,1.1656,1.16588,1.1655,1.16577,1089,8,1.1656945276941226,1.1661621415018921,49.00447585352786
2026-08-27 02:00:00,1.16577,1.16593,1.16541,1.16551,679,8,1.1656769536280156,1.1661365673253474,45.60119906840736
2026-08-27 03:00:00,1.16553,1.16561,1.1653,1.16538,565,8,1.1656486723301094,1.166106898018471,43.95740190676632
2026-08-27 04:00:00,1.16538,1.16556,1.16537,1.16551,481,8,1.1656354654415275,1.1660834902530408,46.05168103118641
2026-08-27 05:00:00,1.16552,1.16572,1.16515,1.16539,798,8,1.1656120877804297,1.1660562945568431,44.40221448949818
2026-08-27 06:00:00,1.16539,1.16555,1.16516,1.16529,1190,8,1.1655814127537223,1.166026243789908,43.019394177744196
2026-08-27 07:00:00,1.16531,1.16561,1.16512,1.16544,1480,8,1.1655679448724152,1.1660032538373626,45.74867014242505
2026-08-27 08:00:00,1.16545,1.16578,1.16473,1.16479,1581,8,1.1654938548845661,1.1659556752555054,37.39085808194074
2026-08-27 09:00:00,1.1648100000000001,1.1648100000000001,1.16402,1.16407,1594,8,1.1653582496574646,1.16588172720627,30.70032246216553
2026-08-27 10:00:00,1.16407,1.16478,1.16379,1.16394,1614,8,1.1652231782615157,1.1658055810413184,29.668082949700533
2026-08-27 11:00:00,1.1639599999999999,1.16441,1.16363,1.16408,1671,8,1.1651143041413712,1.165737911196561,32.3077307367934
2026-08-27 12:00:00,1.1641,1.16454,1.16393,1.16408,2001,8,1.16501579898505,1.1656728950712056,32.3077307367934
2026-08-27 13:00:00,1.16408,1.16597,1.16395,1.16536,2640,8,1.1650485800340928,1.1656606246762564,51.577992630831744
2026-08-27 14:00:00,1.16537,1.16577,1.16443,1.16446,2668,8,1.1649925247927506,1.165613541355619,42.43150757325381
2026-08-27 15:00:00,1.16445,1.1654,1.16441,1.16527,1876,8,1.165018951002965,1.1656000691455948,50.8749573869258
2026-08-27 16:00:00,1.16528,1.16541,1.1649,1.16519,1271,8,1.165035241383635,1.1655839880026304,50.093498587711316
2026-08-27 17:00:00,1.1651799999999999,1.16535,1.16465,1.16487,1149,8,1.165019504109003,1.1655559884731155,46.98462900397349
2026-08-27 18:00:00,1.16489,1.16498,1.16456,1.1648399999999999,877,8,1.1650024084795743,1.1655279104937777,46.69206547553151
2026-08-27 19:00:00,1.1648399999999999,1.16502,1.16469,1.16489,772,8,1.164991702910091,1.1655028943959826,47.281265549018144
2026-08-27 20:00:00,1.16488,1.1652,1.16487,1.16509,387,8,1.1650010645377011,1.1654867024588853,49.67722884132594
2026-08-27 21:00:00,1.16509,1.16523,1.16472,1.1651799999999999,420,20,1.165018106010301,1.1654746749114782,50.761693707688885
2026-08-27 22:00:00,1.16521,1.1654200000000001,1.16514,1.1653,476,8,1.1650449530569391,1.1654678249149497,52.2395848661773
2026-08-27 23:00:00,1.1653,1.16545,1.1651799999999999,1.16532,424,8,1.165071148003897,1.1654620278594616,52.49550677586485
2026-08-28 00:00:00,1.16531,1.1654,1.16502,1.16529,851,8,1.165091991051145,1.1654552816688946,52.04500719618694
2026-08-28 01:00:00,1.16529,1.16551,1.16491,1.16494,899,8,1.165077515712941,1.1654350745446242,46.9796138741863
2026-08-28 02:00:00,1.16494,1.16504,1.1646,1.16502,830,8,1.1650720380259942,1.1654187971115018,48.22012795847497
2026-08-28 03:00:00,1.16502,1.16511,1.16452,1.1646,540,8,1.1650270820235187,1.1653866874208547,42.586653677111634
2026-08-28 04:00:00,1.16461,1.16463,1.16444,1.16452,455,8,1.1649787884974694,1.1653526996788606,41.58995969308974
2026-08-28 05:00:00,1.16452,1.16456,1.16422,1.16441,658,8,1.164924618164377,1.1653157310640032,40.196904534279454
2026-08-28 06:00:00,1.1644,1.16487,1.16427,1.1648,1501,8,1.1649127497677698,1.1652955063163954,46.97789846555122
2026-08-28 07:00:00,1.16478,1.16483,1.16415,1.1646,1605,8,1.1648829640756013,1.1652682315588898,44.209459405999226
2026-08-28 08:00:00,1.1646,1.16485,1.16415,1.16442,1383,8,1.1648388722588774,1.1652349675761882,41.820765227698075
2026-08-28 09:00:00,1.1644,1.16449,1.16394,1.1639599999999999,1286,8,1.1647551701389842,1.16518496884771,36.406990969569165
2026-08-28 10:00:00,1.16397,1.16488,1.16389,1.16486,1209,8,1.1647651539352715,1.1651722249713292,50.035271397835324
2026-08-28 11:00:00,1.16486,1.16492,1.16442,1.16448,1293,8,1.1647379964176265,1.1651450788940223,45.59252892901944
2026-08-28 12:00:00,1.1645,1.165,1.16388,1.16485,1760,8,1.1647486634254716,1.165133507172688,50.226720150874684
2026-08-28 13:00:00,1.16483,1.16496,1.16367,1.1638600000000001,1873,8,1.164664028813522,1.1650835657149357,40.328710002737914
2026-08-28 14:00:00,1.16377,1.16595,1.1594,1.16171,8763,8,1.1643826927360437,1.1649512690202322,27.605501076563527
2026-08-28 15:00:00,1.1617,1.1620300000000001,1.15961,1.15974,3927,8,1.1639405315230873,1.1647469055292428,21.051830097591306
2026-08-28 16:00:00,1.15975,1.1598,1.15844,1.15865,2742,8,1.1634366713780315,1.1645078111947627,18.442896193439537
2026-08-28 17:00:00,1.15866,1.15887,1.1577600000000001,1.15806,1818,8,1.1629246074372666,1.1642549558537916,17.200328230737114
2026-08-28 18:00:00,1.15804,1.1584,1.15772,1.15801,1507,8,1.1624565495860983,1.164010055624231,17.095212380670162
2026-08-28 19:00:00,1.158,1.15873,1.15792,1.15853,1312,8,1.1620825924826605,1.1637951514821043,22.40621404335471
2026-08-28 20:00:00,1.15853,1.15863,1.15791,1.15821,905,8,1.1617137741509787,1.1635761259337865,21.49370046282752
2026-08-30 21:00:00,1.15793,1.15793,1.15758,1.15778,141,20,1.1613391289937425,1.1633488268775596,20.297467224161565
2026-08-30 22:00:00,1.1578,1.15848,1.15775,1.15839,656,8,1.161058259565767,1.1631543630784398,26.54319128443595
2026-08-30 23:00:00,1.15839,1.1589,1.15833,1.15884,721,8,1.1608469967499797,1.1629851723694813,30.848269863516947
2026-08-31 00:00:00,1.15886,1.15933,1.15852,1.15918,1477,8,1.1606882351547434,1.1628359499236194,33.99581236396537
2026-08-31 01:00:00,1.15918,1.15941,1.15867,1.15904,1771,8,1.1605312603781013,1.162687089142301,33.323223973430515
2026-08-31 02:00:00,1.15903,1.1592500000000001,1.15879,1.15919,1270,8,1.1604035212944726,1.1625499483916224,34.81136381867756
2026-08-31 03:00:00,1.1592,1.15933,1.15889,1.1591,709,8,1.1602793764092847,1.1624146562978335,34.31647487045066
2026-08-31 04:00:00,1.1590799999999999,1.15924,1.15881,1.15905,782,8,1.160162292941734,1.162282708992036,34.02705836095295
2026-08-31 05:00:00,1.15905,1.15911,1.15869,1.159,1050,8,1.1600515983758546,1.1621539753060737,33.72078935559253
2026-08-31 06:00:00,1.15901,1.15912,1.15845,1.15884,1421,8,1.1599362080543445,1.1620240154901493,32.7063062866378
2026-08-31 07:00:00,1.15884,1.16028,1.15844,1.16022,2113,8,1.1599632358586927,1.1619532697846533,47.40385139957677
2026-08-31 08:00:00,1.16022,1.16056,1.15928,1.15939,1917,8,1.1599086419673887,1.1618527494009416,41.52889675648848
2026-08-31 09:00:00,1.15939,1.16007,1.15939,1.15987,1430,8,1.1599049617800183,1.1617749945224733,45.71865817442791
2026-08-31 10:00:00,1.15989,1.16018,1.15962,1.1596899999999999,1382,8,1.1598844892295403,1.1616932300313958,44.43287317991362
2026-08-31 11:00:00,1.15968,1.16026,1.15952,1.15963,1609,8,1.1598602521600603,1.1616123190497725,43.98877380454038
2026-08-31 12:00:00,1.15962,1.1599599999999999,1.15911,1.1595,2260,8,1.1598259424305306,1.161529483008605,42.986278383950044
2026-08-31 13:00:00,1.15951,1.16007,1.1593499999999999,1.15993,2185,8,1.1598358526752421,1.1614667581847382,47.267144241256624
2026-08-31 14:00:00,1.15991,1.16177,1.15948,1.16137,2851,8,1.1599819619442668,1.1614629637461211,58.50384479728785
2026-08-31 15:00:00,1.16135,1.1620300000000001,1.1611799999999999,1.16159,2067,8,1.1601351084257652,1.1614679455599988,59.90939073655507
2026-08-31 16:00:00,1.1616,1.16175,1.16135,1.16161,1365,8,1.160275574289978,1.1614735163223517,60.04189628180034
2026-08-31 17:00:00,1.1616,1.16175,1.16141,1.1615,1018,8,1.160392186262361,1.161474554897946,58.88904501378601
2026-08-31 18:00:00,1.1615199999999999,1.16173,1.1614200000000001,1.16153,896,8,1.1605005494754694,1.1614767292156736,59.11958561634223
2026-08-31 19:00:00,1.16153,1.1618,1.16143,1.1616,962,8,1.1606052590492344,1.1614815633640785,59.68763952968344
2026-08-31 20:00:00,1.16162,1.16175,1.16137,1.16163,554,8,1.1607028534254977,1.1614873844086244,59.944527650748995
2026-08-31 21:00:00,1.16161,1.16176,1.16139,1.16175,308,20,1.1608025816706884,1.1614976830592667,61.01469429933647
2026-08-31 22:00:00,1.16184,1.16187,1.1614,1.16145,356,8,1.1608642405591942,1.1614958131353739,56.92037244173546
2026-08-31 23:00:00,1.16145,1.1617899999999999,1.16121,1.16178,563,8,1.1609514557440328,1.1615069577183004,60.092694793398934
2026-09-01 00:00:00,1.16177,1.16242,1.16155,1.1618,1388,8,1.1610322694826964,1.1615184495724848,60.283581720287835
2026-09-01 01:00:00,1.1617899999999999,1.16186,1.1607,1.16097,1388,8,1.161026339055773,1.1614969417461127,49.66619868348082
2026-09-01 02:00:00,1.16097,1.16103,1.16059,1.16096,983,8,1.161020021050461,1.1614758852070497,49.55296004714208
2026-09-01 03:00:00,1.16097,1.16097,1.16051,1.16051,900,8,1.1609714476170838,1.1614380073557928,44.6225269824401
2026-09-01 04:00:00,1.16051,1.16066,1.16025,1.16055,609,8,1.1609313097487903,1.1614031835379186,45.144999974452716
2026-09-01 05:00:00,1.16055,1.16097,1.16052,1.16078,948,8,1.1609168992965244,1.1613787449678041,48.172890885168876
2026-09-01 06:00:00,1.16076,1.16085,1.16,1.16044,1481,8,1.160871480315903,1.161341931439655,44.28168749372601
2026-09-01 07:00:00,1.16044,1.16066,1.15916,1.15952,1711,8,1.1607427679048647,1.161270483147904,35.844505621000124
2026-09-01 08:00:00,1.15951,1.15972,1.15877,1.15937,2174,8,1.1606120281044014,1.1611959543970058,34.684146616687585
2026-09-01 09:00:00,1.15936,1.16007,1.15924,1.15929,1748,8,1.160486120665887,1.1611212110873192,34.051030380164036
2026-09-01 10:00:00,1.15928,1.15953,1.15897,1.1592,1479,8,1.1603636329834217,1.161045869476052,33.314280486798864
2026-09-01 11:00:00,1.1592,1.1595900000000001,1.15896,1.15924,1599,8,1.160256620318334,1.1609750510652264,33.99779919494368
2026-09-01 12:00:00,1.15922,1.15943,1.15876,1.15929,1750,8,1.1601645612403975,1.1609089706312958,34.89609485318152
2026-09-01 13:00:00,1.15929,1.16022,1.15887,1.16008,1960,8,1.1601565077889309,1.1608764619790883,47.13793669387776
2026-09-01 14:00:00,1.16011,1.16077,1.15941,1.1596,2621,8,1.160103507047128,1.160826404646575,41.973597620792354
2026-09-01 15:00:00,1.15962,1.15985,1.15886,1.15919,1790,8,1.1600165063759729,1.1607622319153368,38.13080091113003
2026-09-01 16:00:00,1.1592,1.1593,1.15845,1.15851,2014,8,1.159873029578261,1.1606739090951275,32.77182736611837
2026-09-01 17:00:00,1.15853,1.15951,1.15846,1.15873,1480,8,1.1597641696184269,1.1605976773659068,35.910121089513694
2026-09-01 18:00:00,1.15873,1.15904,1.1585,1.15899,1264,8,1.1596904391785767,1.1605346311946947,39.50431911484375
2026-09-01 19:00:00,1.15897,1.1592500000000001,1.15876,1.15894,979,8,1.159618968780617,1.1604720966380402,39.050770858991044
2026-09-01 20:00:00,1.15894,1.15926,1.1587,1.15916,601,8,1.1595752574681775,1.160420641867921,42.19546349339807
2026-09-01 21:00:00,1.15916,1.15916,1.15878,1.15915,427,8,1.1595347567569223,1.1603708127750614,42.08916129148871
2026-09-01 22:00:00,1.15916,1.15961,1.15916,1.15922,412,8,1.1595047799229297,1.1603256828623139,43.168477046004405
2026-09-01 23:00:00,1.15922,1.1593,1.15903,1.15903,344,8,1.1594595627874125,1.160274871769674,40.93820567522792
2026-09-02 00:00:00,1.15903,1.15916,1.15828,1.15829,1526,8,1.159348175855278,1.1601970336610594,33.64698919238414
2026-09-02 01:00:00,1.1583,1.15842,1.15766,1.15788,1328,8,1.1592083495833467,1.1601061695959198,30.41482555727677
2026-09-02 02:00:00,1.15788,1.15826,1.15759,1.15814,1290,8,1.1591066020039802,1.1600290649058838,34.69875923773307
2026-09-02 03:00:00,1.15815,1.15822,1.15775,1.15796,823,8,1.158997401813125,1.159947925105653,33.17599115413758
2026-09-02 04:00:00,1.15796,1.15797,1.15737,1.15756,960,8,1.1588605064023512,1.1598542809838626,30.022846758973316
2026-09-02 05:00:00,1.15755,1.15815,1.15733,1.15797,1249,8,1.1587756962687938,1.1597803876119466,36.667261994397734
2026-09-02 06:00:00,1.15797,1.15844,1.1567,1.15675,2272,8,1.1585827728146232,1.1596615488820663,28.11321448758038
2026-09-02 07:00:00,1.15677,1.15786,1.15658,1.15773,1889,8,1.1585015563560876,1.1595858018670833,40.18459990995225
2026-09-02 08:00:00,1.15774,1.1582,1.15723,1.15731,1704,8,1.158388074798365,1.1594965547350407,37.29420425591444
2026-09-02 09:00:00,1.15731,1.1577600000000001,1.15703,1.15712,1614,8,1.1582673057699493,1.1594033565101372,36.03159174347914
2026-09-02 10:00:00,1.15714,1.15725,1.15667,1.15721,1545,8,1.158166609982335,1.1593173425293475,37.11759586396393
2026-09-02 11:00:00,1.15722,1.1578,1.15708,1.15769,1790,8,1.158121218555446,1.1592535251752556,42.70448399331672
2026-09-02 12:00:00,1.15771,1.15852,1.1575199999999999,1.15779,2889,8,1.1580896739311177,1.159196132031128,43.8242648744917
2026-09-02 13:00:00,1.15779,1.16089,1.1577600000000001,1.16041,4397,8,1.1583106573662494,1.1592437346965738,63.79123298313141
2026-09-02 14:00:00,1.16038,1.16038,1.15883,1.15929,3569,8,1.1584039280932732,1.1592455490221985,54.820857910625364
2026-09-02 15:00:00,1.15931,1.15967,1.15885,1.15916,2416,8,1.158475934941533,1.1592421941585829,53.873884232622004
2026-09-02 16:00:00,1.15915,1.15938,1.15869,1.15869,1530,8,1.1584963220899585,1.1592205394856974,50.4788751711903
2026-09-02 17:00:00,1.15869,1.15896,1.15832,1.15863,1454,8,1.1585090533194862,1.1591973810744935,50.04530037844544
2026-09-02 18:00:00,1.15863,1.15892,1.15842,1.15854,1139,8,1.1585120006223923,1.1591716014245135,49.36042867749447
2026-09-02 19:00:00,1.15855,1.15872,1.15823,1.15869,942,8,1.1585289529440694,1.1591527150941405,50.57446241513866
2026-09-02 20:00:00,1.15871,1.15896,1.15865,1.15879,723,8,1.1585538145684438,1.1591384909728017,51.41078541119937
2026-09-02 21:00:00,1.15877,1.15882,1.15868,1.15879,370,8,1.1585763084190681,1.1591248246601429,51.410785411199356
2026-09-02 22:00:00,1.1588,1.15893,1.15852,1.15869,448,8,1.1585871361886808,1.1591077727126864,50.421307492318675
2026-09-02 23:00:00,1.15869,1.15871,1.1584,1.15849,429,8,1.1585778851230921,1.1590835463317968,48.41433900169174
2026-09-03 00:00:00,1.15849,1.15906,1.15831,1.15892,1192,8,1.1586104674923217,1.1590771327501577,52.767369658935124
2026-09-03 01:00:00,1.15892,1.1593,1.15848,1.15859,1339,8,1.1586085182073387,1.1590580295050534,49.32720372903578
2026-09-03 02:00:00,1.1586,1.15946,1.15848,1.1591,1707,8,1.158655325997116,1.159059675406816,54.28731681057301
2026-09-03 03:00:00,1.15909,1.15974,1.15905,1.15962,1211,8,1.1587471997116765,1.1590816489202742,58.72375780919265
2026-09-03 04:00:00,1.15962,1.15999,1.15942,1.15954,938,8,1.1588227045010409,1.1590996234724205,57.794458694219
2026-09-03 05:00:00,1.15953,1.16001,1.15933,1.15999,1336,8,1.1589338755009417,1.159134540198992,61.48646378436624
2026-09-03 06:00:00,1.15998,1.16079,1.15958,1.1604,2334,8,1.1590735064056141,1.1591841660735416,64.53084920486252
2026-09-03 07:00:00,1.16041,1.16144,1.16013,1.16035,2949,8,1.159195077224127,1.1592298850510498,63.86781017493719
2026-09-03 08:00:00,1.16035,1.1611,1.15992,1.16087,2454,8,1.1593545936789722,1.159294203284342,67.59669558205869
2026-09-03 09:00:00,1.16087,1.1611799999999999,1.16008,1.16053,2126,8,1.1594665371381176,1.1593426659006425,63.0173330123304
2026-09-03 10:00:00,1.16052,1.16066,1.15976,1.16035,1732,8,1.1595506764582968,1.1593821691986566,60.673862577875774
2026-09-03 11:00:00,1.16035,1.16141,1.16015,1.16123,2301,8,1.159710612033697,1.1594546331516504,67.11288685376351
2026-09-03 12:00:00,1.16125,1.1629800000000001,1.16079,1.16253,4195,8,1.1599791251733451,1.1595752357731546,73.9091770074165
2026-09-03 13:00:00,1.16252,1.16284,1.1616900000000001,1.1626400000000001,3680,8,1.1602325418235027,1.15969542260558,74.39141972469581
2026-09-03 14:00:00,1.16267,1.16272,1.1613,1.16181,3583,8,1.16038277593555,1.1597783472092829,64.67736962283499
2026-09-03 15:00:00,1.16183,1.16272,1.1616900000000001,1.16224,2683,8,1.1605596544178787,1.1598748826128404,67.07600927744312
2026-09-03 16:00:00,1.16224,1.16409,1.16209,1.16363,1908,8,1.1608520682828427,1.1600221421182193,73.37103240041073
2026-09-03 17:00:00,1.16363,1.16383,1.16324,1.16324,1283,8,1.1610794903511434,1.1601483326233872,69.36373286359292
2026-09-03 18:00:00,1.1632500000000001,1.1636199999999999,1.16313,1.16343,1177,8,1.1613033484129394,1.1602770254616859,70.21716098158421
2026-09-03 19:00:00,1.16343,1.16347,1.1625,1.16283,1441,8,1.1614487438021832,1.1603771421102471,64.14074582761397
2026-09-03 20:00:00,1.16285,1.16299,1.16241,1.16244,628,8,1.1615431491543562,1.1604580384980805,60.477261567288565
2026-09-03 21:00:00,1.16246,1.16265,1.16228,1.16265,416,8,1.161648563520608,1.1605439977726657,61.744317113511514
2026-09-03 22:00:00,1.16266,1.16269,1.16225,1.16229,467,8,1.1617096527091215,1.1606124684482475,58.2941398112248
2026-09-03 23:00:00,1.16229,1.16282,1.16225,1.16278,698,8,1.161811590546348,1.1606974696855712,61.45154058356778
2026-09-04 00:00:00,1.1628,1.16309,1.1625,1.16276,1499,8,1.1619019152562196,1.1607783532273135,61.24772322165086
2026-09-04 01:00:00,1.16275,1.16311,1.16266,1.1629800000000001,1394,8,1.1620045899937224,1.1608646923164383,62.71275182124659
2026-09-04 02:00:00,1.16297,1.16327,1.16257,1.16272,943,8,1.1620727242800344,1.1609374494804996,59.83382265243514
2026-09-04 03:00:00,1.16272,1.16282,1.16222,1.16227,1021,8,1.1620915124438407,1.1609897063636172,55.11765031782822
2026-09-04 04:00:00,1.16226,1.16272,1.16223,1.1626,1076,8,1.1621399398301415,1.1610528551336714,57.74778795825575
2026-09-04 05:00:00,1.1626,1.16285,1.16241,1.16277,893,8,1.1621999455606042,1.1611201941480374,59.07817364744987
2026-09-04 06:00:00,1.16275,1.16303,1.16265,1.16268,1428,8,1.162245665031023,1.161181363004977,58.0363210945625
2026-09-04 07:00:00,1.1627,1.16295,1.16208,1.16221,1552,8,1.1622422683614015,1.1612217017106643,52.79970509883252
2026-09-04 08:00:00,1.16221,1.1625,1.16186,1.16247,1441,8,1.162263957088887,1.161270654584756,55.20748336623275
2026-09-04 09:00:00,1.16247,1.16247,1.1616,1.1616900000000001,1484,8,1.162209294508993,1.1612870995030007,47.3962178059097
2026-09-04 10:00:00,1.16168,1.16229,1.16164,1.16204,1328,8,1.1621931712224223,1.161316625012687,50.76269626737767
2026-09-04 11:00:00,1.1620300000000001,1.16235,1.16191,1.1620300000000001,1310,8,1.1621776311060013,1.1613446005023855,50.66293410676501
2026-09-04 12:00:00,1.16205,1.16268,1.15846,1.16011,6409,8,1.1619807138578107,1.1612961847964098,36.024250345726855
2026-09-04 13:00:00,1.16009,1.16227,1.1596,1.161,4334,8,1.1618873125380191,1.1612845697063545,44.088862404080444
2026-09-04 14:00:00,1.16098,1.16212,1.16085,1.1615,3497,8,1.1618504256296365,1.1612930179531642,48.05083400325334
2026-09-04 15:00:00,1.16151,1.16229,1.1612,1.16173,2429,8,1.1618389565220522,1.1613101545040205,49.81260790898486
2026-09-04 16:00:00,1.16173,1.16244,1.16173,1.16205,1465,8,1.1618590559009043,1.1613391680528826,52.2394830761884
2026-09-04 17:00:00,1.1620300000000001,1.1620300000000001,1.1611799999999999,1.16122,1388,8,1.1617981934341517,1.161334494795907,46.02305327469283
2026-09-04 18:00:00,1.16122,1.1613,1.16084,1.16104,1127,8,1.1617259845356611,1.1613229459803813,44.77856326658143
2026-09-04 19:00:00,1.16102,1.16154,1.16099,1.1614,918,8,1.1616949383894075,1.1613259677066408,47.817724091342726
2026-09-04 20:00:00,1.16139,1.16151,1.16115,1.16135,481,8,1.1616620871142258,1.1613269101495176,47.42730895137886
2026-09-06 21:00:00,1.16117,1.16117,1.16044,1.16056,226,48,1.1615571264366806,1.1612968352416932,41.64218078822819
2026-09-06 22:00:00,1.16075,1.16134,1.16075,1.16128,473,8,1.161530733442711,1.1612961750361366,47.88187585126525
2026-09-06 23:00:00,1.16128,1.16158,1.16126,1.16128,494,8,1.1615068540672147,1.161295540720994,47.88187585126525
2026-09-07 00:00:00,1.16129,1.16198,1.16122,1.1618,1208,8,1.16153477272748,1.1613153234378177,52.16581148077538
2026-09-07 01:00:00,1.16182,1.16182,1.16127,1.16133,1306,8,1.1615152705629583,1.161315898989276,48.30131997223359
2026-09-07 02:00:00,1.16133,1.16134,1.16072,1.1609,878,8,1.1614566733664862,1.1612995892249907,45.015641133249
2026-09-07 03:00:00,1.1609,1.1611799999999999,1.16079,1.16111,680,8,1.1614236568553922,1.1612921543534225,46.91485824858031
2026-09-07 04:00:00,1.16112,1.16117,1.1608100000000001,1.16109,654,8,1.1613918800120213,1.1612842267317198,46.74924106340282
2026-09-07 05:00:00,1.16109,1.1614,1.16086,1.16139,795,8,1.1613917009632573,1.1612883747030252,49.622079294035125
2026-09-07 06:00:00,1.1614,1.1619,1.16101,1.16144,1488,8,1.1613963008715185,1.1612943207931026,50.10522031431662
2026-09-07 07:00:00,1.16144,1.16236,1.16109,1.16232,1772,8,1.1614842722170882,1.1613345435070985,57.77975082317122
2026-09-07 08:00:00,1.16232,1.16354,1.16207,1.16208,2811,8,1.161541008196413,1.1613637770950556,55.28230484970426
2026-09-07 09:00:00,1.16207,1.16257,1.16191,1.16201,1413,8,1.1615856740824688,1.1613891191697592,54.541810970657
2026-09-07 10:00:00,1.162,1.16265,1.16194,1.16242,1215,8,1.1616651336936623,1.1614295458689843,58.083352749044174
2026-09-07 11:00:00,1.1623999999999999,1.16254,1.16214,1.16225,1233,8,1.1617208352466468,1.1614617205407889,56.130676413947675
2026-09-07 12:00:00,1.16226,1.16279,1.16204,1.16246,1387,8,1.1617912318898234,1.1615008687548756,58.00866655693322
2026-09-07 13:00:00,1.16245,1.16292,1.16235,1.16283,1378,8,1.1618901621860307,1.1615529915488019,61.16325230331883
2026-09-07 14:00:00,1.16285,1.16324,1.16268,1.16307,1427,8,1.1620025276921229,1.1616124820762999,63.09970422596674
2026-09-07 15:00:00,1.16309,1.16315,1.1626,1.16275,1027,8,1.1620737155309682,1.1616570906223274,58.88386904690792
2026-09-07 16:00:00,1.1627399999999999,1.16296,1.16256,1.16283,534,8,1.1621457426232569,1.1617030870685106,59.61039412090716
2026-09-07 17:00:00,1.16283,1.16283,1.16241,1.16253,397,8,1.1621823385638992,1.1617355150266082,55.63993326889449
2026-09-07 18:00:00,1.16253,1.16255,1.16226,1.16234,306,8,1.162197353938766,1.1617592203196825,53.222091414239436
2026-09-07 19:00:00,1.16234,1.16234,1.16208,1.16219,305,8,1.1621966535636454,1.1617761136404794,51.325824081865576
2026-09-07 20:00:00,1.16219,1.16226,1.16211,1.16216,273,8,1.1621931627480602,1.1617911680075195,50.93494882469834
2026-09-07 21:00:00,1.16218,1.16233,1.1621,1.16232,382,8,1.16220524248634,1.1618119065170285,52.99114856712668
2026-09-07 22:00:00,1.16232,1.16258,1.16229,1.16253,429,8,1.1622361717733554,1.1618400670457727,55.6199902540134
2026-09-07 23:00:00,1.16253,1.1629800000000001,1.16252,1.16276,993,8,1.1622860601758929,1.1618761428478994,58.36614284466215
2026-09-08 00:00:00,1.16278,1.16309,1.16238,1.16263,1640,8,1.1623188163496174,1.161905705873472,56.24758017699117
2026-09-08 01:00:00,1.16262,1.16329,1.16254,1.16329,1327,8,1.1624113100306062,1.1619599919176495,63.49269624491359
2026-09-08 02:00:00,1.16331,1.16343,1.16233,1.16234,1561,8,1.1624045185991199,1.161974894195389,50.523785401669905
2026-09-08 03:00:00,1.16235,1.16268,1.16224,1.16241,910,8,1.1624050406372988,1.1619919571681188,51.31292267604827
2026-09-08 04:00:00,1.16241,1.16252,1.16221,1.16247,868,8,1.1624112272432703,1.1620107039458396,52.01933817754733
2026-09-08 05:00:00,1.16247,1.16304,1.16229,1.16303,1111,8,1.1624701579820063,1.1620506763401204,58.12610497945544
2026-09-08 06:00:00,1.16302,1.16355,1.16204,1.16204,1951,8,1.1624291905551485,1.1620502576601157,46.788610243877415
2026-09-08 07:00:00,1.16204,1.16229,1.16095,1.16126,1915,8,1.162317839073706,1.1620192671636405,40.14477313646217
2026-09-08 08:00:00,1.16126,1.1616,1.16083,1.16105,2044,8,1.1621970924952576,1.161981256686635,38.557340599539884
2026-09-08 09:00:00,1.16106,1.1616,1.16088,1.16139,1789,8,1.1621202265433284,1.1619580701499044,42.5203464810853
2026-09-08 10:00:00,1.16139,1.16163,1.16085,1.16121,1500,8,1.1620335383011067,1.1619287340655944,41.01219154277711
2026-09-08 11:00:00,1.16123,1.16186,1.16075,1.16132,1941,8,1.1619655822724297,1.1619048621414534,42.35772694080979
2026-09-08 12:00:00,1.1613,1.16198,1.16103,1.16198,2158,8,1.161966955389341,1.1619078087241415,49.76227809069057
2026-09-08 13:00:00,1.16198,1.16273,1.16185,1.16217,2449,8,1.1619862929713085,1.1619180907349596,51.68635229057077
2026-09-08 14:00:00,1.16216,1.16309,1.16185,1.16305,2236,8,1.1620875984026124,1.1619624793335888,59.43546735794833
2026-09-08 15:00:00,1.16307,1.16337,1.16259,1.1626,1725,8,1.1621363985547446,1.1619874801440362,54.61173931130765
2026-09-08 16:00:00,1.16258,1.16263,1.16202,1.16232,1288,8,1.1621538844066737,1.1620005201383878,51.79494761298526
2026-09-08 17:00:00,1.16233,1.16269,1.1623,1.16259,822,8,1.1621954192250856,1.162023636995706,54.245655120740935
2026-09-08 18:00:00,1.16258,1.1630099999999999,1.16215,1.16284,1591,8,1.1622568078703157,1.1620556512311684,56.45323171300975
2026-09-08 19:00:00,1.16286,1.16299,1.16222,1.1623,1324,8,1.1622609214064763,1.1620652335358284,50.75664419080007
2026-09-08 20:00:00,1.1623,1.1625,1.16215,1.16229,535,8,1.1622636907963357,1.1620740479069724,50.65470605461009
2026-09-08 21:00:00,1.16228,1.16256,1.16201,1.16256,376,12,1.162291910720494,1.162093104851797,53.377340170183416
2026-09-08 22:00:00,1.16263,1.1627,1.1623999999999999,1.16256,421,8,1.162317443032828,1.162111414465452,53.37734017018343
2026-09-08 23:00:00,1.16254,1.16284,1.16248,1.16273,521,8,1.1623567341725587,1.162135672721709,55.18301962840476
2026-09-09 00:00:00,1.1627399999999999,1.1632,1.1627399999999999,1.16318,1150,8,1.1624351404418387,1.1621766267326223,59.63909735120076
2026-09-09 01:00:00,1.16319,1.1632,1.16272,1.16309,1050,8,1.1624975080188065,1.1622124452921274,58.38868419949938
2026-09-09 02:00:00,1.16309,1.16313,1.16276,1.16306,847,8,1.162551078683682,1.1622456827316519,57.95251181648394
2026-09-09 03:00:00,1.16306,1.16317,1.16286,1.16297,815,8,1.1625909759519026,1.1622740873304105,56.58682615548798
2026-09-09 04:00:00,1.1629800000000001,1.1633,1.16294,1.16326,757,8,1.1626546925279118,1.1623127505723552,59.868560311950475
2026-09-09 05:00:00,1.16326,1.16364,1.16315,1.16337,986,8,1.1627228170490629,1.1623542113342238,61.070654057824036
2026-09-09 06:00:00,1.1634,1.16445,1.1634,1.16377,1752,8,1.1628225487586759,1.162409732458372,65.15772428594775
2026-09-09 07:00:00,1.16379,1.16489,1.16369,1.1642299999999999,2003,8,1.16295659173404,1.1624811154992203,69.16673349264207
2026-09-09 08:00:00,1.16422,1.16428,1.16321,1.16326,1779,8,1.1629854877593695,1.162511659989447,54.83792339266504
2026-09-09 09:00:00,1.1632500000000001,1.16344,1.16222,1.16235,1592,8,1.1629249651156202,1.1625053203820177,45.3468681595432
2026-09-09 10:00:00,1.16234,1.16329,1.16215,1.1630099999999999,1292,8,1.1629330636760373,1.1625251117395856,51.855205617971265
2026-09-09 11:00:00,1.1630099999999999,1.16486,1.16296,1.16452,2145,8,1.1630842004687958,1.1626033426517588,62.77680713573997
2026-09-09 12:00:00,1.16451,1.16537,1.16421,1.1646,2216,8,1.1632285623289105,1.1626816429399252,63.25243066564169
2026-09-09 13:00:00,1.16462,1.16497,1.16442,1.16471,1925,8,1.163369651630919,1.1627611863540457,63.93480915091739
2026-09-09 14:00:00,1.16471,1.16524,1.16439,1.16475,2366,8,1.1635011133803554,1.162839179046044,64.19517870988906
2026-09-09 15:00:00,1.16476,1.16514,1.16197,1.16267,4391,8,1.1634219597250834,1.1628325445736503,45.71371038584143
2026-09-09 16:00:00,1.16269,1.16392,1.1626400000000001,1.16355,1929,8,1.1634341540369804,1.1628606800805659,52.00877146474259
2026-09-09 17:00:00,1.16354,1.16408,1.16346,1.16375,1374,8,1.163464234604887,1.1628955553715241,53.333263131303156
2026-09-09 18:00:00,1.16377,1.16391,1.16278,1.16291,1027,8,1.1634114503568023,1.1628961218275429,47.414481201351514
2026-09-09 19:00:00,1.16292,1.16314,1.16254,1.16308,997,8,1.1633798836561544,1.1629033327362668,48.656348674142066
2026-09-09 20:00:00,1.16308,1.16333,1.1627399999999999,1.16322,588,8,1.1633646566412825,1.162915751060335,49.709661673871466
2026-09-09 21:00:00,1.16324,1.16353,1.16296,1.16343,511,14,1.1633708798183033,1.16293591768542,51.32280221250737
2026-09-09 22:00:00,1.16349,1.1638,1.16332,1.16375,414,8,1.1634069865022745,1.1629678424820702,53.756963540130194
2026-09-09 23:00:00,1.16374,1.16379,1.16327,1.16337,467,8,1.1634034639782482,1.1629836133651263,50.52582552488406
2026-09-10 00:00:00,1.16337,1.16343,1.16293,1.16307,1239,8,1.1633717055041293,1.162987001076298,48.06935576356596
2026-09-10 01:00:00,1.16307,1.16395,1.16303,1.16391,1379,8,1.1634229716465931,1.1630231971125216,54.709104257975405
2026-09-10 02:00:00,1.16394,1.16408,1.16339,1.16393,1021,8,1.1634712600612034,1.1630587580100697,54.85710120448303
2026-09-10 03:00:00,1.16394,1.164,1.16358,1.16384,677,8,1.1635063781506125,1.1630893949508514,54.00193919780978
2026-09-10 04:00:00,1.16384,1.164,1.16358,1.16364,624,8,1.1635191040410304,1.1631109873057202,52.059757516111084
2026-09-10 05:00:00,1.16365,1.164,1.16365,1.16399,908,8,1.163563951275218,1.1631454583917704,55.1028949666226
2026-09-10 06:00:00,1.16397,1.16398,1.1636,1.16398,1072,8,1.1636035749632925,1.1631781855136618,54.99547995545221
2026-09-10 07:00:00,1.1639599999999999,1.16414,1.16351,1.16397,1312,8,1.1636384725858362,1.1632092370621456,54.88026960932308
2026-09-10 08:00:00,1.1639599999999999,1.16398,1.16339,1.16377,1325,8,1.1636509990062327,1.163231227765591,52.510921861709534
2026-09-10 09:00:00,1.16376,1.164,1.16309,1.16343,1414,8,1.1636299514818296,1.1632390227551757,48.66448747260577
2026-09-10 10:00:00,1.16342,1.16377,1.1623,1.16271,1720,8,1.1635423370549887,1.1632182767647765,41.69871038179485
2026-09-10 11:00:00,1.16272,1.16283,1.16148,1.16168,1784,8,1.1633649716211802,1.1631579521857658,34.16472519023135
2026-09-10 12:00:00,1.16166,1.16273,1.15917,1.16042,5213,8,1.1630844981334487,1.1630505815118142,27.596180987022393
2026-09-10 13:00:00,1.16044,1.16186,1.15973,1.16111,4339,8,1.162896450692168,1.1629744802760569,34.96962950626225
2026-09-10 14:00:00,1.1611,1.1629,1.1611,1.16289,3830,8,1.162895836340533,1.1629711673240546,49.310687039235745
2026-09-10 15:00:00,1.16288,1.16312,1.16238,1.16277,2688,8,1.162883851927149,1.162963278409386,48.53362867421003
2026-09-10 16:00:00,1.16278,1.16283,1.16183,1.16192,1869,8,1.1627920565055156,1.1629223655305865,43.32553396417886
2026-09-10 17:00:00,1.16192,1.16227,1.16161,1.16191,1562,8,1.162708051124038,1.162882664921544,43.26670980357765
2026-09-10 18:00:00,1.1619,1.16192,1.16124,1.16136,1609,8,1.162579665302701,1.1628229525716796,40.04622831791732
2026-09-10 19:00:00,1.16135,1.16135,1.16088,1.16099,1323,8,1.1624282686072056,1.1627510720786725,37.99722556915123
2026-09-10 20:00:00,1.161,1.16105,1.16051,1.16088,722,8,1.1622808144541383,1.1626776967030383,37.38480233987616
2026-09-10 21:00:00,1.1609,1.16096,1.16073,1.16094,459,12,1.1621531178394586,1.1626095517342918,37.97206225640849
2026-09-10 22:00:00,1.16099,1.16111,1.16063,1.161,595,8,1.1620432970928436,1.162546432058437,38.59229989664808
2026-09-10 23:00:00,1.16099,1.16109,1.16078,1.16109,672,8,1.161952506893525,1.1624893170757533,39.56843639157813
2026-09-11 00:00:00,1.16107,1.1615,1.16105,1.16147,1295,8,1.1619065538560465,1.1624493438570964,43.641952406104885
2026-09-11 01:00:00,1.16147,1.16171,1.16107,1.16123,1269,8,1.1618421201554705,1.162401526450936,41.72878208726948
2026-09-11 02:00:00,1.16122,1.16124,1.16051,1.16071,1061,8,1.1617342991882829,1.1623351920803109,37.85650226196166
2026-09-11 03:00:00,1.1607,1.16075,1.15994,1.16015,1072,8,1.1615834135513035,1.1622494982732399,34.178183457016544
2026-09-11 04:00:00,1.16015,1.16078,1.16,1.16041,1160,8,1.1614716598797508,1.162177361086054,37.22780670819675
2026-09-11 05:00:00,1.16041,1.16133,1.16039,1.16096,1530,8,1.1614229303673935,1.1621296214356207,43.22074793698377
2026-09-11 06:00:00,1.16099,1.16135,1.16082,1.16093,1888,8,1.161375984618118,1.1620825774577532,42.97971328766185
2026-09-11 07:00:00,1.16095,1.16107,1.16011,1.16051,1714,8,1.1612935098925827,1.1620209077535277,39.64620498597959
2026-09-11 08:00:00,1.16051,1.16079,1.15976,1.15988,1890,8,1.161158889902813,1.1619369505867227,35.23201111237394
2026-09-11 09:00:00,1.15989,1.16021,1.15948,1.1595900000000001,1616,8,1.1610094718168307,1.161844913308812,33.389131216680624
2026-09-11 10:00:00,1.1595900000000001,1.15991,1.15897,1.15919,1534,8,1.1608361887866563,1.1617407990614077,30.9819179190129
2026-09-11 11:00:00,1.15919,1.15953,1.15903,1.1591,1594,8,1.1606708374736414,1.1616372383139015,30.449976727837182
2026-09-11 12:00:00,1.15912,1.16035,1.15692,1.16028,5231,8,1.1606336148571041,1.1615840132819837,44.02079991127179
2026-09-11 13:00:00,1.16025,1.16131,1.15979,1.1611799999999999,4583,8,1.16068565153738,1.1615681696238667,51.753327281842736
2026-09-11 14:00:00,1.1612,1.16148,1.16054,1.16135,3715,8,1.1607489228195342,1.1615596139523425,53.07194358392742
2026-09-11 15:00:00,1.16137,1.1615,1.15999,1.16032,2437,8,1.1607080730271977,1.161511001640486,45.03997187729608
2026-09-11 16:00:00,1.16032,1.16068,1.15981,1.15993,1944,8,1.1606339708341311,1.1614490015761532,42.42202608448639
2026-09-11 17:00:00,1.15993,1.16006,1.15958,1.15979,1478,8,1.160553592659452,1.161383942690814,41.4897354597375
2026-09-11 18:00:00,1.15979,1.15994,1.15914,1.15954,1321,8,1.1604570600252182,1.161311631212743,39.807371082548165
2026-09-11 19:00:00,1.15955,1.15974,1.1593,1.15957,1111,8,1.1603725781180545,1.1612433319494981,40.1211464193947
2026-09-11 20:00:00,1.15956,1.15979,1.15915,1.15974,745,8,1.1603123325830018,1.1611843777554,41.9672703075
2026-09-13 21:00:00,1.15952,1.1597,1.15912,1.15947,212,20,1.1602321104322397,1.1611171472551882,39.865045506533185
2026-09-13 22:00:00,1.15953,1.15973,1.15892,1.15907,1232,8,1.1601214332482168,1.161036866970671,36.91485217268777
2026-09-13 23:00:00,1.15907,1.15939,1.15894,1.15931,894,8,1.1600441538912438,1.1609691466973113,39.79380992808522
2026-09-14 00:00:00,1.15931,1.15954,1.1584699999999999,1.15876,1536,8,1.159921853520649,1.1608825134934952,35.765619023888945
2026-09-14 01:00:00,1.15875,1.15884,1.15832,1.15858,1372,8,1.1597940579472539,1.1607922188466915,34.53356312396764
2026-09-14 02:00:00,1.15858,1.15882,1.15808,1.1581299999999999,972,8,1.1596355762379915,1.1606878181076055,31.602588768674195
2026-09-14 03:00:00,1.15811,1.15814,1.15686,1.15702,1196,8,1.1593864737391353,1.1605439821033856,25.78838856827265
2026-09-14 04:00:00,1.15702,1.15706,1.15619,1.15653,988,8,1.1591144286211224,1.160386571040508,23.714264346788013
2026-09-14 05:00:00,1.15653,1.15701,1.1562999999999999,1.15697,1069,8,1.1589101973238725,1.1602525878624488,29.219377094612952
2026-09-14 06:00:00,1.15699,1.15699,1.15504,1.15524,2742,8,1.158560654721599,1.1600560157894118,22.380669156409695
2026-09-14 07:00:00,1.15526,1.15574,1.15425,1.15443,2089,8,1.1581672590338277,1.1598353877192389,20.018270164636675
2026-09-14 08:00:00,1.15443,1.15446,1.1534,1.15375,2313,8,1.1577465676972727,1.1595967450635825,18.27433497922955
2026-09-14 09:00:00,1.15378,1.15455,1.1535,1.15414,2128,8,1.157403085059437,1.1593827550610891,22.447266716234367
2026-09-14 10:00:00,1.15412,1.15417,1.15367,1.15401,1743,8,1.1570799341013953,1.1591720587841836,22.043229410612497
2026-09-14 11:00:00,1.15401,1.15492,1.15397,1.15475,1567,8,1.1568580356155482,1.1589986447142155,29.790149859053088
2026-09-14 12:00:00,1.15473,1.15516,1.15292,1.15323,2708,8,1.1565125084140675,1.1587724233528738,24.421712172356862
2026-09-14 13:00:00,1.15322,1.15371,1.15228,1.15251,2494,8,1.1561313171365373,1.1585268381233493,22.365675572682974
2026-09-14 14:00:00,1.15251,1.15422,1.15234,1.15367,2952,8,1.1558969059806765,1.158336373883218,32.26047620732079
2026-09-14 15:00:00,1.15369,1.15495,1.15356,1.15476,3431,8,1.155788629220612,1.1581961239270133,39.99910777602335
2026-09-14 16:00:00,1.15476,1.1562999999999999,1.15473,1.15598,2504,8,1.1558068550091254,1.1581092171063463,47.261325393739355
2026-09-14 17:00:00,1.15597,1.15611,1.1554,1.15556,1386,8,1.1557833450082564,1.1580092478080584,45.231643124081316
2026-09-14 18:00:00,1.15557,1.15589,1.15543,1.15567,1156,8,1.1557725502455654,1.1579175125998993,45.887110326089584
2026-09-14 19:00:00,1.15566,1.15572,1.15466,1.15471,1216,8,1.155671354984083,1.1577917277920602,41.24749414281856
2026-09-14 20:00:00,1.15469,1.15502,1.15442,1.15494,657,8,1.155601702128456,1.1576798953296266,42.74123281439386
2026-09-14 21:00:00,1.15494,1.15502,1.15469,1.15495,594,14,1.1555396352590792,1.1575728406108177,42.80931451251448
2026-09-14 22:00:00,1.15499,1.15515,1.15485,1.15514,420,8,1.1555015747582145,1.1574774350966681,44.16766688977524
2026-09-14 23:00:00,1.15514,1.15518,1.15465,1.15476,543,8,1.1554309485907654,1.1573708690144457,42.01815993812979
2026-09-15 00:00:00,1.15477,1.15481,1.15428,1.15432,1108,8,1.1553251439630734,1.1572512270923105,39.61413830202195
2026-09-15 01:00:00,1.15431,1.1543700000000001,1.15369,1.15377,1069,8,1.1551770350142092,1.1571147083828082,36.78129195915445
2026-09-15 02:00:00,1.15377,1.15406,1.15353,1.15402,805,8,1.155066841203332,1.1569933472697569,38.9194402194237
2026-09-15 03:00:00,1.15402,1.15406,1.15367,1.15369,726,8,1.1549357134696814,1.1568638042395705,37.1340892983533
2026-09-15 04:00:00,1.15369,1.15381,1.15344,1.15365,737,8,1.154813264567807,1.1567377727007637,36.913050921184336
2026-09-15 05:00:00,1.15365,1.15379,1.1533,1.15349,820,8,1.1546872393708731,1.1566104090654397,35.99021597224923
2026-09-15 06:00:00,1.15349,1.15356,1.15265,1.15337,1427,8,1.1545617880022188,1.1564833342001284,35.27786771556545
2026-09-15 07:00:00,1.15336,1.15408,1.15316,1.15404,1733,8,1.1545120939067695,1.1563875171726723,42.16129478301426
2026-09-15 08:00:00,1.1540300000000001,1.1540300000000001,1.15318,1.15329,1990,8,1.1543957040108865,1.156266045910999,37.370066016223454
2026-09-15 09:00:00,1.15328,1.15383,1.15318,1.15373,1429,8,1.1543323036288975,1.1561665931301754,41.565513564471324
2026-09-15 10:00:00,1.15371,1.15397,1.1534200000000001,1.15347,1148,8,1.1542501794737643,1.1560608443799725,39.866076099553965
2026-09-15 11:00:00,1.15346,1.15426,1.15337,1.15392,1373,8,1.1542187338095964,1.1559768896984048,44.12421226863874
2026-09-15 12:00:00,1.15391,1.15491,1.15379,1.1546,1978,8,1.154255044875349,1.1559228940239576,49.89770595884961
2026-09-15 13:00:00,1.15459,1.1551,1.15387,1.15488,2096,8,1.15431456441103,1.1558819962190965,52.09278306817126
2026-09-15 14:00:00,1.15488,1.15518,1.15398,1.15426,2681,8,1.154309367800456,1.1558183885242301,47.16521811030852
2026-09-15 15:00:00,1.15425,1.15457,1.15384,1.1541299999999999,2043,8,1.1542922851527935,1.1557521772095545,46.17886059707056
2026-09-15 16:00:00,1.15415,1.15429,1.15387,1.15425,1372,8,1.1542882579953846,1.155693268299376,47.27496510246027
2026-09-15 17:00:00,1.15425,1.15433,1.15364,1.15372,1123,8,1.1542341381863004,1.1556158852288123,43.09997543671995
2026-09-15 18:00:00,1.15372,1.15433,1.15359,1.15424,1124,8,1.1542346964542718,1.1555619289453296,47.95626733040742
2026-09-15 19:00:00,1.15424,1.15427,1.15396,1.15407,853,8,1.1542190110776747,1.1555034219278657,46.55729123252435
2026-09-15 20:00:00,1.15405,1.15411,1.15383,1.15407,529,8,1.1542048195464676,1.1554472093032435,46.55729123252435
2026-09-15 21:00:00,1.15406,1.15407,1.15321,1.15395,755,12,1.1541805510182326,1.1553884952129203,45.471354546770165
2026-09-15 22:00:00,1.15394,1.15441,1.1538599999999999,1.15387,576,8,1.1541509747307819,1.155328946381041,44.722434151148036
2026-09-15 23:00:00,1.15387,1.15387,1.1534,1.15362,592,8,1.1541004057088027,1.155261928875902,42.37372563877936
2026-09-16 00:00:00,1.15362,1.15387,1.15334,1.1535,1122,8,1.1540432242127263,1.1551928336258668,41.253789001545336
2026-09-16 01:00:00,1.15351,1.1536,1.15316,1.15323,871,8,1.1539657742877047,1.1551158597581859,38.77083240029855
2026-09-16 02:00:00,1.15323,1.15422,1.1532,1.1542,1024,8,1.1539880814983996,1.1550799436892374,50.33573440218639
2026-09-16 03:00:00,1.1542,1.15433,1.15395,1.1541299999999999,767,8,1.154001597546171,1.155042690995542,49.607548351579986
2026-09-16 04:00:00,1.15412,1.15457,1.1541,1.15441,735,8,1.1540404930179642,1.1550178795839523,52.563666157143565
2026-09-16 05:00:00,1.15443,1.15514,1.15429,1.15493,920,8,1.1541252079686344,1.1550144333257581,57.54468631474123
2026-09-16 06:00:00,1.15495,1.15507,1.15438,1.15471,1574,8,1.154180902447812,1.1550024947639639,54.91732051571209
2026-09-16 07:00:00,1.1547,1.15562,1.15458,1.15473,1661,8,1.1542331974527824,1.1549918086947888,55.1179432127248
2026-09-16 08:00:00,1.15473,1.15494,1.1538,1.15394,1778,8,1.1542052738858508,1.1549505612949933,46.344835389157836
2026-09-16 09:00:00,1.15392,1.1543700000000001,1.15375,1.15387,1586,8,1.1541733430395793,1.1549081863422483,45.65145631228046
2026-09-16 10:00:00,1.15387,1.15398,1.15339,1.1537600000000001,1169,8,1.1541339770358099,1.1548631594268661,44.52414388513436
2026-09-16 11:00:00,1.15377,1.1540300000000001,1.15306,1.15346,1877,8,1.154069788746685,1.154808133566989,41.51328751487521
2026-09-16 12:00:00,1.15346,1.15384,1.15278,1.15353,1808,8,1.15401838029462,1.1547580106820092,42.49051441316536
2026-09-16 13:00:00,1.1535,1.15385,1.15312,1.1531500000000001,1925,8,1.153935677409418,1.1546949514395777,38.70935984417043
2026-09-16 14:00:00,1.1531500000000001,1.15409,1.15306,1.15388,1942,8,1.1539303747989973,1.1546629925595941,48.23867655311675
2026-09-16 15:00:00,1.1538599999999999,1.15425,1.15346,1.15371,2076,8,1.1539093867229022,1.1546256203023553,46.42833123788291
2026-09-16 16:00:00,1.15371,1.15382,1.15338,1.15343,1189,8,1.1538637308445305,1.1545787332316748,43.53062263185283
2026-09-16 17:00:00,1.1534200000000001,1.154,1.153,1.15389,1186,8,1.153866232668861,1.1545517240853347,49.14602668277452
2026-09-16 18:00:00,1.15392,1.1547,1.14697,1.14701,10842,8,1.1532132581289694,1.1542559701996353,18.889909891663578
2026-09-16 19:00:00,1.14703,1.14819,1.14621,1.14715,4518,8,1.1526358049738294,1.1539773047016104,19.969612072681755
2026-09-16 20:00:00,1.14716,1.14734,1.14607,1.14625,1529,8,1.15202763307156,1.1536742731446845,18.284561991042708
2026-09-16 21:00:00,1.14627,1.14632,1.14568,1.14625,744,12,1.15147738230284,1.1533831251782263,18.284561991042708
2026-09-16 22:00:00,1.14629,1.1468099999999999,1.14609,1.14665,662,8,1.1510176316073313,1.1531190810535898,21.690558210526717
2026-09-16 23:00:00,1.14663,1.14706,1.14652,1.1468,902,8,1.150615952406633,1.152871273953449,22.986903181266925
2026-09-17 00:00:00,1.1468,1.14726,1.14588,1.1459,1438,8,1.150166814082192,1.152597890661157,20.765696851753688
2026-09-17 01:00:00,1.1459,1.14644,1.14571,1.14583,1565,8,1.1497537841696022,1.1523324831842487,20.598974339326162
2026-09-17 02:00:00,1.14583,1.14625,1.14558,1.14577,1071,8,1.1493743761534496,1.1520751309025137,20.447435319647212
2026-09-17 03:00:00,1.14577,1.14611,1.14571,1.14598,901,8,1.1490511022340735,1.1518361061612385,22.593818461888432
2026-09-17 04:00:00,1.14597,1.14664,1.14592,1.1466,783,8,1.1488176639260665,1.1516307686647196,28.709460312293515
2026-09-17 05:00:00,1.14659,1.14678,1.14629,1.14664,1076,8,1.1486102673616791,1.1514350522464953,29.098661198842223
2026-09-17 06:00:00,1.14665,1.14831,1.14651,1.14795,1702,8,1.148547384755805,1.1512983835309465,40.546319351274086
2026-09-17 07:00:00,1.1479300000000001,1.14811,1.14698,1.1473200000000001,1755,8,1.148430490969538,1.1511423684905173,37.41743064433801
2026-09-17 08:00:00,1.1473200000000001,1.14734,1.1467100000000001,1.14725,1586,8,1.1483180632581533,1.1509897265889284,37.075086404566555
2026-09-17 09:00:00,1.14726,1.14777,1.14714,1.1472,1517,8,1.1482115810430913,1.1508411098599507,36.81597767305357
2026-09-17 10:00:00,1.14722,1.14801,1.1472,1.14779,1456,8,1.1481714304675588,1.1507214584928938,41.96970399912653
2026-09-17 11:00:00,1.1478,1.14785,1.14678,1.14729,2368,8,1.1480874847087437,1.1505868914931725,39.06186888282802
2026-09-17 12:00:00,1.14729,1.14955,1.14716,1.14909,3027,8,1.14818296235553,1.1505281898659894,51.96461918840125
2026-09-17 13:00:00,1.14907,1.14926,1.14845,1.14883,2740,8,1.1482445849883367,1.1504615941849703,50.30765632995713
2026-09-17 14:00:00,1.14884,1.14974,1.14848,1.14859,2625,8,1.148277481656114,1.1503881983345794,48.76201319464497
2026-09-17 15:00:00,1.14859,1.14876,1.14754,1.14781,2010,8,1.148232959593627,1.150287092517537,44.02757989775966
2026-09-17 16:00:00,1.14779,1.14795,1.14735,1.14759,1348,8,1.1481717253466148,1.1501813241835162,42.76633007110294
2026-09-17 17:00:00,1.14758,1.14776,1.14736,1.1476899999999999,1008,8,1.1481258467421753,1.1500836251959272,43.55781405911749
2026-09-17 18:00:00,1.1477,1.14776,1.1473,1.14748,864,8,1.1480643375286348,1.1499815222470673,42.23686463849931
2026-09-17 19:00:00,1.14747,1.14804,1.14746,1.14783,968,8,1.1480420196687648,1.1498971488256138,45.218714445835595
2026-09-17 20:00:00,1.14783,1.14792,1.1473200000000001,1.14751,597,8,1.1479913511288826,1.149803535146178,43.03151560977422
2026-09-17 21:00:00,1.1475,1.14765,1.14718,1.14764,443,8,1.147957889116608,1.1497186906306416,44.21207627926904
2026-09-17 22:00:00,1.1476600000000001,1.1478,1.14749,1.14775,377,8,1.1479380901531215,1.1496414870764988,45.246035081257006
2026-09-17 23:00:00,1.14775,1.14784,1.14747,1.14753,508,8,1.1478992244242527,1.1495586836617342,43.50919911264696
2026-09-18 00:00:00,1.14753,1.14801,1.1474,1.14791,1035,8,1.1479002506695621,1.1494940294004896,47.27405412010908
2026-09-18 01:00:00,1.14792,1.14822,1.14764,1.14819,1125,8,1.1479278458438895,1.1494428909926273,49.92239098815703
2026-09-18 02:00:00,1.14819,1.14821,1.14758,1.1479300000000001,959,8,1.1479280510016143,1.1493835619340929,47.53479692762898
2026-09-18 03:00:00,1.1479300000000001,1.14883,1.14784,1.14882,1378,8,1.14801299852527,1.1493614614660892,55.39832779900306
2026-09-18 04:00:00,1.14882,1.14914,1.14862,1.14863,939,8,1.1480717605704824,1.149332776702713,53.55298030003355
2026-09-18 05:00:00,1.14863,1.14874,1.14782,1.14785,1092,8,1.1480506405161508,1.1492746285967244,46.67871785575828
2026-09-18 06:00:00,1.14785,1.14844,1.14776,1.14834,1869,8,1.1480781985622317,1.149237976494892,50.93924062239221
2026-09-18 07:00:00,1.14832,1.14872,1.14777,1.1485,1965,8,1.1481183701277333,1.1492090362401903,52.28006151278059
2026-09-18 08:00:00,1.14851,1.14903,1.14774,1.14823,1851,8,1.1481290015441397,1.1491706426621437,49.80634656822308
2026-09-18 09:00:00,1.14822,1.1486399999999999,1.14805,1.14831,1444,8,1.1481462394923168,1.1491368919695109,50.552907449226545
2026-09-18 10:00:00,1.1482999999999999,1.1485,1.14706,1.14735,1426,8,1.148070407159715,1.149066817774628,42.40258667214274
2026-09-18 11:00:00,1.14735,1.14765,1.14568,1.14603,2426,8,1.1478760826683136,1.1489477268815054,34.230557359087555
2026-09-18 12:00:00,1.14605,1.14694,1.14543,1.14678,2264,8,1.14777169384276,1.1488627179841915,41.168339915396196
2026-09-18 13:00:00,1.14676,1.1469,1.14578,1.14584,2141,8,1.1475877230005924,1.1487441800240272,36.03735534868719
2026-09-18 14:00:00,1.14583,1.14651,1.1458,1.14614,2739,8,1.1474498446195835,1.1486420553172028,38.66475154567438
2026-09-18 15:00:00,1.14615,1.1469,1.14581,1.14632,2541,8,1.1473422403700995,1.1485509943243715,40.25062473589698
2026-09-18 16:00:00,1.14633,1.14747,1.14619,1.1473200000000001,1859,8,1.1473401222396138,1.1485027200371414,48.2551828710477
2026-09-18 17:00:00,1.1473200000000001,1.14849,1.1473200000000001,1.14805,1429,8,1.1474077296453649,1.1484849663101946,53.185675348592675
2026-09-18 18:00:00,1.14805,1.14835,1.14799,1.14829,944,8,1.1474917553934254,1.14847732057254,54.713471935234296
2026-09-18 19:00:00,1.1482999999999999,1.14899,1.1482,1.1486,1139,8,1.1475973024988135,1.1484821315304798,56.68004421421471
2026-09-18 20:00:00,1.14861,1.14886,1.14843,1.14856,753,8,1.147688987975117,1.1484851851959512,56.34007367965499
2026-09-20 21:00:00,1.14836,1.14838,1.14764,1.14779,351,48,1.1476986081679632,1.148457923031404,50.10926332390772
2026-09-20 22:00:00,1.1479300000000001,1.14847,1.1479,1.148,457,8,1.1477273121519667,1.1484399652654667,51.6788231643911
2026-09-20 23:00:00,1.14801,1.1480299999999999,1.14776,1.1478,474,8,1.1477342348041604,1.1484148685883895,50.06344547234435
2026-09-21 00:00:00,1.14779,1.1485,1.14765,1.14804,1007,8,1.147763355299002,1.148400167859433,52.00231114376821
2026-09-21 01:00:00,1.14807,1.14853,1.14799,1.14828,1003,8,1.1478125595562398,1.1483954553943574,53.928701449051076
2026-09-21 02:00:00,1.14828,1.14829,1.14763,1.14767,772,8,1.1477989824556456,1.148367006163206,48.59068114260192
2026-09-21 03:00:00,1.14767,1.14778,1.14741,1.14748,804,8,1.1477686031741556,1.1483322216077863,47.02920154782299
2026-09-21 04:00:00,1.14748,1.14773,1.14733,1.14746,766,8,1.1477392123956645,1.1482980168388537,46.858501829891125
2026-09-21 05:00:00,1.14746,1.1477,1.14715,1.14727,819,8,1.1476945255008393,1.1482577024530163,45.18075297446719
2026-09-21 06:00:00,1.14729,1.14786,1.1470799999999999,1.14744,1219,8,1.1476702849769498,1.148225635690153,47.00894219883656
2026-09-21 07:00:00,1.14744,1.14781,1.14707,1.1476,1535,8,1.1476635911696214,1.148201100957206,48.74158483762397
2026-09-21 08:00:00,1.14759,1.14858,1.1474199999999999,1.14797,1447,8,1.1476927729629907,1.1481920381745705,52.60116857917557
2026-09-21 09:00:00,1.14797,1.14809,1.14761,1.14798,1235,8,1.1477201279188964,1.1481837229520384,52.70481997054643
2026-09-21 10:00:00,1.14798,1.14838,1.14789,1.14801,1132,8,1.1477477347837632,1.1481769102872528,53.036617242682354
2026-09-21 11:00:00,1.148,1.14904,1.1479300000000001,1.14892,1428,8,1.1478593790900715,1.1482060510603016,61.79265472897286
2026-09-21 12:00:00,1.14892,1.14953,1.14834,1.14856,1890,8,1.1479261048910172,1.148219931410878,57.24554216390521
2026-09-21 13:00:00,1.1485400000000001,1.1486399999999999,1.14714,1.1472,1967,8,1.1478569520442539,1.1481799341006476,44.056110188156474
2026-09-21 14:00:00,1.1472,1.14755,1.14663,1.14721,2464,8,1.1477953375638488,1.1481418974692497,44.15799072644712
2026-09-21 15:00:00,1.14721,1.14735,1.14664,1.14678,1713,8,1.1476986387482442,1.1480884897253574,40.72368627257668
2026-09-21 16:00:00,1.14678,1.14723,1.14663,1.14691,1153,8,1.1476235302960305,1.1480422744420102,42.187582197579786
2026-09-21 17:00:00,1.1469,1.14702,1.14657,1.1466,866,8,1.1475260512202181,1.1479857146599708,39.67157716610976
2026-09-21 18:00:00,1.14661,1.14679,1.14616,1.14643,945,8,1.1474216653897211,1.1479247062419329,38.3218522293972
2026-09-21 19:00:00,1.14644,1.14689,1.14639,1.14643,920,8,1.1473272210668906,1.1478660903108768,38.3218522293972
2026-09-21 20:00:00,1.1464,1.14657,1.1463,1.14636,503,8,1.1472351047748057,1.1478070279457444,37.70917558034974
2026-09-21 21:00:00,1.14635,1.14666,1.14606,1.14666,609,8,1.147180332891491,1.1477620464576759,41.98970795837335
2026-09-21 22:00:00,1.14668,1.14674,1.14624,1.14645,395,8,1.1471107773780156,1.1477105936554142,39.92164000418021
2026-09-21 23:00:00,1.14645,1.1464699999999999,1.14623,1.14633,322,8,1.1470364176277283,1.147656452727751,38.74725754725563
2026-09-22 00:00:00,1.14633,1.14706,1.14632,1.147,892,8,1.1470329492822302,1.1476307094835256,47.95329362802016
2026-09-22 01:00:00,1.147,1.14704,1.14628,1.14631,1054,8,1.1469640969696369,1.14757891695476,41.102047591588295
2026-09-22 02:00:00,1.1463,1.1470799999999999,1.14627,1.14693,862,8,1.1469608496391954,1.147553469231044,48.255889376515746
2026-09-22 03:00:00,1.14692,1.14751,1.14685,1.1473,856,8,1.1469931496735577,1.1475435292611993,52.00261130674577
2026-09-22 04:00:00,1.1473,1.14776,1.14717,1.14773,663,8,1.1470633258951235,1.1475508418391915,55.99088189995816
2026-09-22 05:00:00,1.14773,1.14777,1.147,1.14709,762,8,1.1470658662860642,1.1475327696102036,49.410080702527
2026-09-22 06:00:00,1.14707,1.14711,1.1459,1.14645,1691,8,1.147007212354058,1.1474903080568624,43.85868990280348
2026-09-22 07:00:00,1.14644,1.14644,1.14461,1.14461,2203,8,1.1467789064155762,1.1473773547997306,32.53941685856715
2026-09-22 08:00:00,1.1446399999999999,1.14648,1.14334,1.14569,4325,8,1.1466752010426642,1.1473111840232706,42.001190919495166
2026-09-22 09:00:00,1.14567,1.14694,1.14473,1.14667,3298,8,1.1466747057052675,1.1472860395517699,48.992287946175914
2026-09-22 10:00:00,1.14667,1.14705,1.14598,1.14657,1974,8,1.146664733733337,1.1472579595693475,48.35181958107772
2026-09-22 11:00:00,1.14657,1.14663,1.14587,1.14616,2064,8,1.1466166638539717,1.147214902331334,45.71318078834509
2026-09-22 12:00:00,1.14618,1.14665,1.14546,1.14558,1853,8,1.1465179339631173,1.147150788514419,42.20441913132256
2026-09-22 13:00:00,1.14556,1.14599,1.14513,1.14532,2474,8,1.1464038450142489,1.1470789928864027,40.69642810122756
2026-09-22 14:00:00,1.14531,1.14548,1.14392,1.14426,2877,8,1.146199669298606,1.1469684441457595,35.177848560768325
2026-09-22 15:00:00,1.14426,1.1443699999999999,1.14304,1.14311,2130,8,1.1459054150796912,1.1468171326106316,30.36673343831697
2026-09-22 16:00:00,1.1431,1.14384,1.1429,1.14367,1725,8,1.145692518405435,1.1466937156455088,35.02673473056427
2026-09-22 17:00:00,1.14367,1.14417,1.14304,1.1439,1563,8,1.145521802366822,1.1465841581692144,36.89466156384691
2026-09-22 18:00:00,1.1439,1.14432,1.14372,1.14417,1519,8,1.1453930592842676,1.1464894852998335,39.1077944129623
2026-09-22 19:00:00,1.14417,1.14546,1.1441,1.14475,1652,8,1.1453318155429086,1.1464212701900363,43.677344282547445
2026-09-22 20:00:00,1.14475,1.14509,1.14466,1.14473,658,8,1.1452744997769173,1.1463549458688584,43.555964588665994
2026-09-22 21:00:00,1.14473,1.14492,1.1444,1.14487,480,13,1.1452359759886395,1.1462967126975308,44.71417204137914
2026-09-22 22:00:00,1.14489,1.14494,1.14455,1.14463,462,8,1.1451782639897214,1.1462313514152749,43.08212270850345
2026-09-22 23:00:00,1.14462,1.14486,1.14453,1.14475,429,8,1.145137476943081,1.1461732592029112,44.179203981708596
2026-09-23 00:00:00,1.14474,1.1448800000000001,1.14443,1.1446,1003,8,1.1450862886627877,1.1461115627635814,43.061883337126076
2026-09-23 01:00:00,1.1446,1.1446,1.14373,1.14389,1034,8,1.144972356409189,1.1460244426552058,38.144404004570205
2026-09-23 02:00:00,1.14389,1.14389,1.14325,1.14335,882,8,1.1448178462749803,1.14591956255108,34.881771555071865
2026-09-23 03:00:00,1.14335,1.14339,1.14266,1.14267,850,8,1.144613289486887,1.1457921287255475,31.256223561538803
2026-09-23 04:00:00,1.14267,1.14299,1.14252,1.14264,772,8,1.1444253571548024,1.1456685158343496,31.10263131851221
2026-09-23 05:00:00,1.14262,1.14288,1.1423,1.14255,784,8,1.144246751711488,1.1455462210957477,30.61656538338289
2026-09-23 06:00:00,1.14255,1.14282,1.14221,1.14234,1350,8,1.1440651563103938,1.1454204869351303,29.45968714382029
2026-09-23 07:00:00,1.14235,1.1427,1.14157,1.14179,2105,8,1.143848474757023,1.1452781148984588,26.622381253134876
2026-09-23 08:00:00,1.14176,1.14227,1.14091,1.14174,1943,8,1.1436476676373066,1.1451393652945976,26.373701110605055
2026-09-23 09:00:00,1.14173,1.14189,1.14075,1.14078,1523,8,1.1433745564337536,1.1449684097928488,22.104382980400942
2026-09-23 10:00:00,1.14078,1.1416,1.14067,1.14158,1748,8,1.1432036462972057,1.144835530977443,31.98522867515159
2026-09-23 11:00:00,1.14158,1.14194,1.14041,1.14113,2025,8,1.1430061561736622,1.144690216037151,29.70285621446415
2026-09-23 12:00:00,1.14113,1.1412200000000001,1.13993,1.1408,2007,8,1.142796046061885,1.1445376585454983,28.118284191018745
2026-09-23 13:00:00,1.14079,1.14154,1.1390500000000001,1.13967,3608,8,1.1424983273893246,1.1443467699750864,23.49599779517665
2026-09-23 14:00:00,1.13969,1.14049,1.13832,1.14017,4552,8,1.1422765819236744,1.1441829750741026,29.053447910989718
2026-09-23 15:00:00,1.14019,1.14024,1.13872,1.13928,2568,8,1.141991193169039,1.143990701541785,25.502251967916422
2026-09-23 16:00:00,1.13926,1.13952,1.13754,1.1378,2280,8,1.1415920319148447,1.1437479289323034,20.922457027665246
2026-09-23 17:00:00,1.13779,1.13925,1.1369799999999999,1.1391499999999999,3395,8,1.1413594574467643,1.1435676179937817,32.7806507469855
2026-09-23 18:00:00,1.1391499999999999,1.13933,1.13801,1.13866,1702,8,1.1411023662613582,1.1433751623861825,30.96558777567813
2026-09-23 19:00:00,1.13867,1.13886,1.13822,1.13839,1467,8,1.1408440456650384,1.1431796658220184,29.98052100444052
2026-09-23 20:00:00,1.13842,1.1387,1.13806,1.13826,733,8,1.1405979460778919,1.1429867377505667,29.49401907194317
2026-09-23 21:00:00,1.13824,1.13853,1.1379,1.13805,616,14,1.140355284546664,1.142793140191721,28.684271155841117
2026-09-23 22:00:00,1.13816,1.13861,1.13816,1.13843,174,8,1.1401719241136485,1.1426220366547908,32.30599297607965
